Name,Team,Pos,W,L,GMS,GS,SV,IP,H,R,ER,HR,BB,SO,PTS,ERA,AVG,WHIP,FPPG,Projected_FPPG
Tyler Glasnow,TB,SP,4,2,8,8,0,49.1,25,13,13,6,19,75,378,2.37,0.146,0.89,47.25,46.14970558273129
Shane Bieber,CLE,SP,3,2,7,7,0,48.1,37,17,16,6,15,77,374,2.98,0.202,1.08,53.42857142857143,39.132767811105516
Gerrit Cole,NYY,SP,4,1,7,7,0,44.2,29,9,8,3,3,66,356,1.61,0.182,0.72,50.85714285714285,21.67559437301002
Trevor Bauer,LAD,SP,3,2,8,8,0,50.1,27,15,14,8,14,67,352,2.5,0.154,0.82,44.0,37.81713417504457
Jacob deGrom,NYM,SP,3,2,6,6,0,40.0,17,6,3,2,7,65,344,0.68,0.128,0.6,57.33333333333334,28.148017201700878
Max Scherzer,WSH,SP,2,2,7,7,0,46.1,29,14,12,8,7,61,318,2.33,0.179,0.78,45.42857142857143,26.517025586984644
John Means,BAL,SP,4,0,7,7,0,46.0,21,7,7,5,10,50,311,1.37,0.135,0.67,44.42857142857143,31.600696256468993
Yu Darvish,SD,SP,3,1,7,7,0,43.2,29,11,11,5,12,57,307,2.27,0.18600000000000005,0.94,43.85714285714285,33.800527725982704
Kevin Gausman,SF,SP,3,0,7,7,0,45.2,28,10,10,4,12,47,290,1.97,0.171,0.88,41.42857142857143,33.488058326873315
Brandon Woodruff,MIL,SP,2,1,7,7,0,41.2,21,8,8,2,11,51,290,1.73,0.14800000000000002,0.77,41.42857142857143,32.32515382753976
Clayton Kershaw,LAD,SP,5,3,10,8,0,44.2,36,14,13,3,8,46,283,2.62,0.217,0.99,28.3,26.923148637071343
Zack Wheeler,PHI,SP,3,2,7,7,0,47.2,34,15,15,4,12,49,279,2.83,0.204,0.97,39.857142857142854,33.09009659386962
Aaron Nola,PHI,SP,3,2,8,8,0,47.2,41,19,19,5,8,53,279,3.59,0.227,1.03,34.875,26.672020970178764
Sandy Alcantara,MIA,SP,1,2,8,8,0,49.2,36,17,15,5,14,48,278,2.72,0.203,1.01,34.75,35.667056035862586
Trevor Rogers,MIA,SP,4,2,7,7,0,38.0,26,9,8,2,15,50,276,1.9,0.195,1.08,39.42857142857143,38.021242896475584
Kyle Gibson,TEX,SP,3,0,8,8,0,47.1,34,13,12,3,15,41,275,2.28,0.199,1.04,34.375,37.274659263623704
Jack Flaherty,STL,SP,6,0,7,7,0,41.1,28,16,13,3,11,42,267,2.83,0.192,0.94,38.142857142857146,31.506959253854262
Joe Musgrove,SD,SP,2,4,10,7,0,39.0,26,15,13,6,7,54,264,3.0,0.181,0.85,26.4,24.988948055141698
Huascar Ynoa,ATL,RP,4,1,8,7,0,40.1,27,11,10,6,9,44,263,2.23,0.18600000000000005,0.89,32.875,28.411526061280195
Carlos Rodón,CHW,SP,5,0,5,5,0,31.0,12,3,2,1,9,44,261,0.58,0.114,0.68,52.2,29.82059025417069
Danny Duffy,KC,SP,4,2,6,6,0,35.2,28,7,5,2,10,40,252,1.26,0.211,1.07,42.0,29.960073542601936
Julio Urías,LAD,RP,4,1,7,7,0,42.2,36,18,17,6,6,46,251,3.59,0.228,0.98,35.857142857142854,23.232207577371714
Corbin Burnes,MIL,RP,2,2,5,5,0,29.1,16,6,5,1,0,49,248,1.53,0.152,0.55,49.6,15.489765539739233
Freddy Peralta,MIL,RP,3,1,7,6,0,32.0,18,12,12,4,17,53,245,3.38,0.162,1.09,35.0,39.84057944022047
Sean Manaea,OAK,SP,3,1,7,7,0,41.0,36,14,14,4,8,43,244,3.07,0.232,1.07,34.857142857142854,26.036344302292804
Zach Eflin,PHI,SP,2,1,7,7,0,45.1,48,17,17,4,3,42,243,3.38,0.27,1.13,34.714285714285715,17.916240463537957
Aaron Civale,CLE,SP,5,0,7,7,0,46.1,34,16,15,5,14,33,239,2.91,0.207,1.04,34.142857142857146,35.20060435118475
Jon Gray,COL,SP,4,2,7,7,0,40.1,32,15,14,4,16,38,233,3.12,0.21600000000000005,1.19,33.285714285714285,37.9027462337601
Tyler Mahle,CIN,SP,2,1,7,7,0,36.0,27,13,12,6,15,48,232,3.0,0.208,1.17,33.142857142857146,36.5234675380161
Chris Bassitt,OAK,SP,2,2,7,7,0,41.1,38,17,17,3,12,43,230,3.7,0.242,1.21,32.857142857142854,31.388120642099516
Pablo López,MIA,SP,0,2,8,7,0,39.2,31,11,9,3,12,40,228,2.04,0.212,1.08,28.5,31.69481739202037
Anthony DeSclafani,SF,SP,2,1,9,7,0,41.1,29,11,11,4,10,36,227,2.4,0.191,0.94,25.222222222222218,28.747532068291655
José Berríos,MIN,SP,3,2,7,7,0,38.2,30,15,15,3,14,43,226,3.49,0.221,1.14,32.285714285714285,34.84242298008653
Ian Anderson,ATL,SP,2,1,7,7,0,39.0,32,15,15,4,17,43,225,3.46,0.224,1.26,32.142857142857146,38.97136739085412
Adam Wainwright,STL,SP,2,3,7,7,0,42.2,40,19,18,6,12,42,224,3.8,0.245,1.22,32.0,31.22762305343487
Tyler Anderson,PIT,SP,3,3,7,7,0,41.1,31,14,14,3,12,37,223,3.05,0.209,1.04,31.857142857142854,31.953498220625228
Cole Irvin,OAK,SP,3,4,7,7,0,41.0,38,16,15,5,6,37,223,3.29,0.239,1.07,31.857142857142854,22.550245435645913
Walker Buehler,LAD,SP,1,0,6,6,0,37.1,33,13,13,5,2,39,216,3.13,0.234,0.94,36.0,16.209663068321625
Nick Pivetta,BOS,RP,5,0,7,7,0,36.2,24,13,13,2,22,35,214,3.19,0.19,1.26,30.57142857142857,46.81489148223399
Dylan Cease,CHW,SP,2,0,6,6,0,30.1,22,8,8,2,15,40,207,2.37,0.208,1.22,34.5,36.138622318256054
Lance Lynn,CHW,SP,3,1,5,5,0,29.2,21,7,5,2,8,35,205,1.52,0.193,0.98,41.0,26.162768486636566
Zack Greinke,HOU,SP,2,1,8,8,0,44.2,48,21,21,7,10,35,204,4.23,0.276,1.3,25.5,27.296882854874195
Taijuan Walker,NYM,SP,2,1,7,6,0,34.0,20,11,9,1,15,35,204,2.38,0.171,1.03,29.142857142857146,36.144624604070074
Steven Matz,TOR,SP,5,2,7,7,0,37.0,37,20,20,6,10,37,204,4.87,0.255,1.27,29.142857142857146,27.655897691065913
Dylan Bundy,LAA,SP,0,4,7,7,0,39.1,35,23,22,5,10,43,201,5.03,0.235,1.14,28.714285714285715,27.29485835423703
Wade Miley,CIN,SP,4,2,6,6,0,36.0,19,8,8,3,8,27,201,2.0,0.147,0.75,33.5,26.335792603968812
Andrew Heaney,LAA,SP,1,2,6,6,0,30.2,22,14,14,4,10,44,200,4.11,0.2,1.04,33.333333333333336,27.98081273520234
Nathan Eovaldi,BOS,SP,4,2,7,7,0,39.0,40,20,20,0,8,37,200,4.62,0.26,1.23,28.57142857142857,24.771093674073104
Cristian Javier,HOU,RP,3,1,6,6,0,31.0,19,10,10,3,12,38,199,2.9,0.17600000000000002,1.0,33.166666666666664,31.80646556039373
Lucas Giolito,CHW,SP,2,3,7,7,0,35.2,31,20,18,6,15,43,198,4.54,0.223,1.29,28.285714285714285,35.168193626110636
JT Brubaker,PIT,SP,2,2,6,6,0,32.1,29,10,10,5,8,37,198,2.78,0.236,1.14,33.0,25.22550335851968
Lance McCullers Jr.,HOU,SP,2,1,6,6,0,32.2,20,13,13,3,18,38,197,3.58,0.172,1.16,32.833333333333336,40.13876654050324
Madison Bumgarner,ARI,SP,3,2,8,7,0,36.2,30,20,20,5,10,40,196,4.91,0.221,1.09,24.5,27.597606294699023
Alex Wood,SF,SP,4,0,5,5,0,30.0,17,6,6,2,8,29,195,1.8,0.165,0.83,39.0,26.145814409581444
Corey Kluber,NYY,SP,2,2,7,7,0,35.1,32,15,12,3,17,35,195,3.06,0.244,1.39,27.857142857142854,38.328913060584306
Marcus Stroman,NYM,SP,3,3,6,6,0,34.0,28,13,8,3,7,29,195,2.12,0.22,1.03,32.5,23.9982057811631
Eduardo Rodriguez,BOS,SP,5,0,6,6,0,33.0,33,14,14,5,6,33,194,3.82,0.26,1.18,32.333333333333336,21.840163779069666
Michael Pineda,MIN,SP,2,1,6,6,0,33.1,25,11,9,6,7,32,193,2.43,0.203,0.96,32.166666666666664,23.83430256227272
Jose Urquidy,HOU,SP,3,2,7,7,0,41.0,35,16,16,6,9,29,192,3.51,0.229,1.07,27.42857142857143,26.42608686947736
Dane Dunning,TEX,SP,2,2,7,7,0,33.1,33,15,14,1,10,39,191,3.78,0.25,1.29,27.285714285714285,27.70768724627621
German Márquez,COL,SP,1,4,8,8,0,39.1,41,25,24,4,24,40,188,5.49,0.272,1.65,23.5,47.52542685113694
Frankie Montas,OAK,SP,4,2,7,7,0,36.0,42,22,22,7,10,35,187,5.5,0.278,1.44,26.714285714285715,26.60004162018445
José Ureña,DET,SP,1,4,7,7,0,40.0,38,18,16,2,18,31,187,3.6,0.248,1.4,26.714285714285715,39.314989649159216
Adrian Houser,MIL,SP,3,3,7,7,0,36.2,34,17,14,5,11,31,187,3.44,0.252,1.23,26.714285714285715,29.218071885872437
Mike Foltynewicz,TEX,SP,1,3,7,7,0,40.0,41,20,20,11,9,36,186,4.5,0.268,1.25,26.57142857142857,25.466469322830896
Charlie Morton,ATL,SP,2,2,7,7,0,34.1,33,25,19,5,14,40,186,4.98,0.248,1.37,26.57142857142857,32.93580284291258
Zach Plesac,CLE,SP,1,3,7,7,0,40.0,34,17,17,4,7,31,184,3.83,0.225,1.03,26.285714285714285,23.044037776844558
Yusei Kikuchi,SEA,SP,1,2,6,6,0,37.2,29,18,18,6,12,34,183,4.3,0.212,1.09,30.5,30.331018177240683
Blake Snell,SD,SP,1,0,7,7,0,30.1,24,15,14,4,21,42,181,4.15,0.207,1.48,25.857142857142854,43.767003174108574
Matthew Boyd,DET,SP,2,3,6,6,0,35.2,26,10,9,1,7,24,180,2.27,0.203,0.93,30.0,23.73251866427602
Hyun-Jin Ryu,TOR,SP,2,2,6,6,0,32.2,32,13,12,4,4,32,178,3.31,0.25,1.1,29.66666666666667,18.572519868560555
Luke Weaver,ARI,SP,2,3,7,7,0,36.0,34,20,20,6,11,35,173,5.0,0.248,1.25,24.714285714285715,28.423853160184567
Michael Kopech,CHW,SP,2,0,9,2,0,22.1,12,4,4,1,8,35,172,1.61,0.152,0.9,19.11111111111111,24.660274783987525
Garrett Richards,BOS,SP,2,2,7,7,0,35.2,37,20,18,4,15,34,171,4.54,0.264,1.46,24.42857142857143,34.259038842571954
Domingo Germán,NYY,SP,2,2,6,6,0,31.1,31,15,14,7,6,31,169,4.02,0.248,1.18,28.16666666666667,20.951801416208674
Dustin May,LAD,RP,1,1,5,5,0,23.0,16,8,7,4,6,35,167,2.74,0.18600000000000005,0.96,33.4,21.884855491356547
Jake Arrieta,CHC,SP,3,3,7,6,0,31.1,29,15,15,5,12,28,163,4.31,0.242,1.31,23.285714285714285,29.696133556888743
Zac Gallen,ARI,SP,1,1,5,5,0,26.2,18,10,9,1,14,32,163,3.04,0.182,1.2,32.6,33.48620869021791
Mike Minor,KC,SP,2,2,7,7,0,36.0,32,24,23,6,15,37,162,5.75,0.234,1.31,23.142857142857146,34.096212560028434
Robbie Ray,TOR,SP,1,1,5,5,0,28.2,24,10,10,6,9,29,161,3.14,0.224,1.15,32.2,25.63682007098823
Matt Harvey,BAL,SP,3,2,7,7,0,35.0,35,18,14,3,10,25,160,3.6,0.25,1.29,22.857142857142854,27.06115945181381
Carlos Martínez,STL,RP,3,4,7,7,0,41.1,34,21,20,2,14,22,160,4.36,0.219,1.16,22.857142857142854,33.134307266424905
Austin Gomber,COL,RP,2,4,7,7,0,34.0,28,28,24,5,20,34,160,6.35,0.222,1.41,22.857142857142854,41.049070858734254
Luis Garcia,HOU,SP,0,3,7,5,0,30.0,21,12,12,6,11,35,159,3.6,0.193,1.07,22.714285714285715,28.596780769935723
John Gant,STL,RP,2,3,6,6,0,29.1,26,9,7,1,24,25,158,2.15,0.243,1.71,26.33333333333333,48.23566990314661
Brady Singer,KC,SP,1,3,6,6,0,29.0,23,15,11,2,11,29,155,3.41,0.211,1.17,25.83333333333333,28.661283436713813
Trevor Williams,CHC,SP,2,2,7,7,0,31.0,38,20,20,6,16,35,154,5.81,0.297,1.74,22.0,34.56908518770068
Joe Ross,WSH,SP,2,2,6,6,0,31.2,27,15,15,7,14,28,154,4.26,0.235,1.3,25.66666666666667,32.67326011213902
Ryan Yarbrough,TB,RP,2,3,7,4,0,37.1,42,22,19,2,8,29,154,4.58,0.282,1.34,22.0,22.980029093405875
Chris Flexen,SEA,SP,3,1,6,6,0,33.1,40,15,14,3,7,23,153,3.78,0.308,1.41,25.5,21.953044386654852
Martin Pérez,BOS,SP,0,2,7,7,0,33.2,35,17,15,2,12,32,152,4.01,0.265,1.4,21.714285714285715,29.52622126547356
Justus Sheffield,SEA,SP,2,3,6,6,0,33.0,39,23,18,5,11,29,152,4.91,0.289,1.52,25.33333333333333,27.404817693440137
Logan Webb,SF,SP,1,3,8,6,0,32.0,36,19,19,3,14,33,152,5.34,0.29,1.56,19.0,31.536614428637524
Merrill Kelly,ARI,SP,2,3,7,7,0,38.1,42,25,23,6,14,30,152,5.4,0.282,1.46,21.714285714285715,32.06067395169151
Rich Hill,TB,SP,1,1,7,7,0,31.1,25,18,18,5,10,32,150,5.17,0.221,1.12,21.428571428571427,26.481170094784424
Jameson Taillon,NYY,SP,1,2,6,6,0,28.2,26,16,16,7,6,34,150,5.02,0.236,1.12,25.0,20.4678499587244
Jordan Montgomery,NYY,SP,1,1,6,6,0,32.2,29,16,16,5,8,28,148,4.41,0.24,1.13,24.66666666666667,23.54272034158404
Kyle Hendricks,CHC,SP,2,4,7,7,0,34.2,48,26,24,11,10,30,146,6.23,0.32,1.67,20.857142857142858,24.935213779145794
Griffin Canning,LAA,SP,3,2,6,5,0,26.0,26,16,15,6,10,30,141,5.19,0.257,1.39,23.5,25.941854902461934
Triston McKenzie,CLE,SP,1,1,6,5,0,23.2,16,13,13,5,22,34,140,4.94,0.193,1.61,23.33333333333333,43.827088845576526
David Peterson,NYM,SP,1,3,6,6,0,26.0,25,19,16,5,11,32,140,5.54,0.253,1.39,23.33333333333333,27.211492888149063
Adbert Alzolay,CHC,SP,1,2,5,5,0,26.0,16,13,13,4,7,30,139,4.5,0.174,0.89,27.8,22.44199405361782
Matt Barnes,BOS,RP,1,0,17,0,8,18.0,6,4,4,1,3,30,138,2.0,0.098,0.5,8.117647058823529,15.156891950280455
Aroldis Chapman,NYY,RP,2,0,13,0,7,13.0,4,1,0,0,4,29,138,0.0,0.091,0.62,10.615384615384617,18.129407826963963
Vince Velasquez,PHI,SP,1,0,7,4,0,23.2,19,11,11,6,16,30,138,4.18,0.213,1.48,19.714285714285715,34.60265077022651
Kenta Maeda,MIN,SP,2,2,6,6,0,28.2,37,19,16,7,7,28,138,5.02,0.303,1.54,23.0,20.9754086010663
Casey Mize,DET,SP,1,3,6,6,0,32.2,30,16,16,5,14,23,137,4.41,0.246,1.35,22.83333333333333,32.072289569532074
J.A. Happ,MIN,SP,2,0,5,5,0,28.1,16,6,6,2,8,16,135,1.91,0.16,0.85,27.0,24.740290355607804
Erick Fedde,WSH,RP,2,3,6,6,0,27.1,23,17,16,4,13,28,134,5.27,0.225,1.32,22.33333333333333,30.573330422152388
Aaron Sanchez,SF,SP,1,1,6,6,0,28.1,24,10,10,2,10,24,133,3.18,0.222,1.2,22.16666666666667,26.844566450242784
Jakob Junis,KC,SP,1,2,9,4,0,27.0,27,16,16,4,8,30,133,5.33,0.26,1.3,14.777777777777779,21.963769389151892
Ryan Weathers,SD,SP,2,1,9,3,1,22.1,9,2,2,1,7,20,133,0.81,0.125,0.72,14.777777777777779,23.131283878742167
Sonny Gray,CIN,SP,0,2,4,4,0,20.2,18,9,9,3,10,31,132,3.92,0.228,1.36,33.0,26.19455075297934
Jorge López,BAL,RP,1,3,7,7,0,32.0,29,20,20,7,11,30,132,5.63,0.238,1.25,18.857142857142858,27.45248514744137
James Karinchak,CLE,RP,0,0,16,0,3,15.0,3,1,1,1,3,30,132,0.6,0.06,0.4,8.25,15.91102358836279
Dallas Keuchel,CHW,SP,1,1,7,7,0,38.0,32,18,16,3,14,17,131,3.79,0.23,1.21,18.714285714285715,32.37623179084629
Caleb Smith,ARI,SP,2,1,13,1,0,20.2,16,10,8,3,11,27,131,3.48,0.208,1.31,10.076923076923077,26.103888570329943
Jesús Luzardo,OAK,RP,1,3,6,6,0,28.0,33,21,18,5,12,30,130,5.79,0.289,1.61,21.66666666666667,28.107189709231598
Michael Wacha,TB,SP,1,1,6,4,0,28.1,27,16,15,4,8,26,128,4.77,0.255,1.24,21.33333333333333,22.558979174607444
Alex Cobb,LAA,SP,1,2,5,5,0,21.1,26,16,13,1,10,31,128,5.48,0.289,1.69,25.6,25.03246511473027
Craig Stammen,SD,RP,2,1,14,0,1,20.2,15,5,5,3,4,23,128,2.18,0.2,0.92,9.142857142857142,16.182776366338977
Michael Fulmer,DET,SP,2,2,10,4,1,25.0,22,13,11,3,8,24,126,3.96,0.224,1.2,12.6,22.465909625284603
Jeff Hoffman,CIN,SP,2,2,7,6,0,26.2,26,14,13,4,13,23,126,4.39,0.257,1.46,18.0,30.2284857933906
Yusmeiro Petit,OAK,RP,4,0,18,0,1,20.2,15,2,2,1,3,15,125,0.87,0.2,0.87,6.9444444444444455,14.67514389919723
Josh Hader,MIL,RP,3,0,13,0,7,12.2,4,1,1,0,5,24,125,0.71,0.093,0.71,9.615384615384617,19.022513887999278
Jordan Lyles,TEX,SP,1,2,7,7,0,33.0,44,26,26,9,10,30,121,7.09,0.317,1.64,17.285714285714285,24.321857310031064
Chris Paddack,SD,SP,1,3,6,6,0,26.1,29,19,14,2,8,26,121,4.79,0.269,1.41,20.166666666666668,22.61120132575104
Giovanny Gallegos,STL,RP,2,1,16,0,1,19.0,10,6,6,1,4,23,120,2.84,0.154,0.74,7.5,15.850067093756095
Justin Dunn,SEA,SP,1,0,5,5,0,25.2,16,10,10,3,17,22,119,3.51,0.174,1.29,23.8,36.937901348696535
Johnny Cueto,SF,SP,2,1,4,4,0,23.0,21,9,9,2,5,20,118,3.52,0.247,1.13,29.5,18.91986656704069
Marco Gonzales,SEA,SP,1,3,5,5,0,28.1,27,17,17,6,11,23,117,5.4,0.25,1.34,23.4,26.84523817255255
Luis Castillo,CIN,SP,1,4,7,7,0,33.2,45,30,24,5,10,26,117,6.42,0.324,1.63,16.714285714285715,24.48214923943068
Bruce Zimmermann,BAL,SP,1,3,6,6,0,30.0,39,19,18,7,10,22,116,5.4,0.322,1.63,19.33333333333333,24.724689365246444
Scott Barlow,KC,RP,1,0,16,0,1,18.1,16,5,5,0,7,23,115,2.46,0.225,1.26,7.1875,19.470704304886794
Taylor Widener,ARI,SP,1,0,4,4,0,22.1,19,8,7,4,6,18,114,2.82,0.229,1.12,28.5,20.368129799556446
Josh Fleming,TB,RP,2,3,5,3,0,25.2,19,8,8,2,10,15,114,2.81,0.207,1.13,22.8,26.409990318103016
Jonathan Loaisiga,NYY,SP,3,2,15,0,1,18.2,15,8,6,2,3,19,113,2.89,0.217,0.96,7.533333333333332,13.968198912752502
Tejay Antone,CIN,SP,1,0,10,0,1,17.1,6,5,5,2,9,23,112,2.6,0.107,0.87,11.2,24.04715642271246
Jake Diekman,OAK,RP,2,0,15,0,3,15.0,12,6,4,0,5,22,111,2.4,0.211,1.13,7.4,16.84872641722563
Alex Reyes,STL,RP,1,0,16,0,10,17.0,7,1,1,0,13,19,111,0.53,0.121,1.18,6.9375,29.482778654768115
Trevor Cahill,PIT,SP,1,4,6,6,0,29.1,37,24,22,3,9,26,110,6.75,0.311,1.57,18.33333333333333,22.93472123090398
Dillon Maples,CHC,RP,0,0,11,0,0,14.2,5,4,3,2,10,25,110,1.84,0.102,1.02,10.0,25.363201588437043
John King,TEX,SP,4,2,13,0,0,18.0,21,8,4,1,3,14,108,2.0,0.284,1.33,8.307692307692307,13.977822629359725
Tarik Skubal,DET,SP,0,5,7,5,0,27.0,27,18,17,10,16,26,108,5.67,0.255,1.59,15.428571428571427,33.51755605147649
Duane Underwood Jr.,PIT,RP,1,1,13,0,0,17.2,17,9,7,1,5,23,107,3.57,0.243,1.25,8.23076923076923,16.297607563996245
Tim Hill,SD,RP,2,2,18,0,0,15.2,12,10,3,3,5,19,107,1.72,0.188,1.09,5.9444444444444455,16.51553827739494
Lucas Luetge,NYY,RP,2,0,13,0,0,19.1,17,7,7,3,3,19,106,3.26,0.233,1.03,8.153846153846152,13.735696551818737
Blake Treinen,LAD,RP,1,1,15,0,1,15.1,17,6,4,1,5,22,106,2.35,0.27,1.44,7.066666666666666,16.15947850030671
Ryne Stanek,HOU,RP,0,1,15,0,1,15.1,7,3,3,2,5,23,106,1.76,0.135,0.78,7.066666666666666,17.468172992694182
Chad Green,NYY,RP,0,3,16,0,1,19.1,12,7,5,3,3,21,106,2.33,0.185,0.78,6.625,13.967860776301567
J.P. Feyereisen,MIL,RP,0,1,18,0,0,17.0,5,3,1,1,7,19,105,0.53,0.08900000000000001,0.71,5.833333333333332,20.59050520009846
Drew Smyly,ATL,SP,1,2,5,5,0,25.0,26,22,17,9,11,22,104,6.12,0.263,1.48,20.8,25.889080256501167
John Curtiss,MIA,RP,2,1,14,0,0,15.2,13,5,5,3,0,20,104,2.87,0.22,0.83,7.428571428571429,9.524163929673964
Jeffrey Springs,TB,RP,3,1,15,0,2,15.2,12,7,4,2,1,17,104,2.3,0.203,0.83,6.933333333333334,11.157664255025853
José De León,CIN,RP,0,1,9,2,0,18.1,22,17,17,4,11,33,103,8.35,0.289,1.8,11.444444444444445,23.511167232293623
Dean Kremer,BAL,RP,0,3,6,6,0,26.0,31,18,18,6,9,25,103,6.23,0.298,1.54,17.166666666666668,22.885969859674013
Craig Kimbrel,CHC,RP,0,1,14,0,6,14.0,5,2,1,1,7,21,102,0.64,0.104,0.86,7.2857142857142865,20.9551656259508
José Quintana,LAA,SP,0,3,6,6,0,21.0,26,23,21,3,19,34,102,9.0,0.292,2.14,17.0,36.214423992852
Brad Keller,KC,SP,2,4,7,7,0,28.1,41,28,23,5,13,22,102,7.31,0.336,1.91,14.571428571428573,27.987383416908582
Mike Mayers,LAA,RP,1,2,18,0,1,17.2,18,9,9,4,7,23,101,4.59,0.254,1.42,5.611111111111112,17.740763147926288
Cesar Valdez,BAL,RP,2,0,13,0,8,14.2,11,3,2,0,3,17,101,1.23,0.196,0.96,7.769230769230768,14.65366921917941
Mitch Keller,PIT,SP,2,4,7,7,0,27.2,33,24,24,4,17,26,101,7.81,0.292,1.81,14.428571428571427,34.394613819450214
Lou Trivino,OAK,RP,1,1,17,0,6,18.2,15,9,8,2,10,21,101,3.86,0.214,1.34,5.941176470588236,22.87180561486234
Antonio Senzatela,COL,SP,1,3,6,6,0,29.2,37,21,19,5,9,18,100,5.76,0.298,1.55,16.666666666666668,22.894857104144926
Paul Fry,BAL,RP,0,0,16,0,1,14.1,9,2,2,0,6,21,100,1.26,0.17600000000000002,1.05,6.25,18.474721019870856
Garrett Whitlock,BOS,SP,0,1,9,0,0,17.1,14,4,3,2,2,19,100,1.56,0.215,0.92,11.111111111111109,13.494106511149745
Chase Anderson,PHI,SP,1,3,6,6,0,26.0,25,16,16,4,14,21,99,5.54,0.25,1.5,16.5,30.974894496580447
Tyler Matzek,ATL,SP,0,2,16,0,0,15.0,11,7,6,2,9,24,99,3.6,0.2,1.33,6.1875,21.637431962357724
Ryan Pressly,HOU,RP,2,0,13,0,6,15.0,15,4,3,0,3,17,99,1.8,0.259,1.2,7.615384615384616,13.985908425312909
Dylan Floro,MIA,RP,2,1,17,0,0,15.2,9,3,2,0,4,15,98,1.15,0.155,0.83,5.764705882352941,15.768269433772193
Chris Rodriguez,LAA,SP,2,0,8,0,0,15.2,9,4,4,0,8,17,98,2.3,0.16699999999999998,1.09,12.25,22.424901490119744
Kyle Finnegan,WSH,RP,2,0,15,0,0,14.2,11,5,5,3,6,19,98,3.07,0.2,1.16,6.533333333333332,17.750355514042976
Cole Sulser,BAL,RP,1,0,9,0,0,12.2,9,2,2,2,1,20,98,1.42,0.196,0.79,10.888888888888891,12.355316100788015
Matt Shoemaker,MIN,SP,2,3,6,6,0,28.0,32,21,20,7,10,19,97,6.43,0.28600000000000003,1.5,16.166666666666668,24.40752704443505
Kendall Graveman,SEA,RP,1,0,12,0,4,14.1,4,0,0,0,3,16,97,0.0,0.087,0.49,8.083333333333334,16.00466464800565
Zach Davies,CHC,SP,2,2,7,7,0,30.0,36,22,21,3,19,18,97,6.3,0.295,1.83,13.857142857142858,37.67097870158239
Emilio Pagán,SD,RP,2,0,16,0,0,14.0,13,4,4,3,6,18,96,2.57,0.241,1.36,6.0,17.441777094434666
Sam Coonrod,PHI,SP,0,0,14,0,2,16.0,11,2,2,2,2,18,96,1.13,0.19,0.81,6.857142857142858,12.971860535958168
Adam Plutko,BAL,SP,1,0,13,0,0,19.0,13,2,2,1,6,13,96,0.95,0.197,1.0,7.384615384615384,19.028573359485527
Brent Suter,MIL,RP,2,2,13,1,0,19.0,19,9,8,2,5,17,96,3.79,0.257,1.26,7.384615384615384,16.26358419349997
Bryan Abreu,HOU,RP,2,1,14,0,0,18.0,15,10,8,2,8,18,96,4.0,0.231,1.28,6.857142857142858,20.34876952132
Tanner Scott,BAL,RP,2,2,16,0,0,14.2,7,5,4,1,14,17,95,2.46,0.135,1.43,5.9375,29.667349615416878
Kwang Hyun Kim,STL,SP,1,0,4,4,0,17.2,19,6,6,1,4,18,95,3.06,0.271,1.3,23.75,16.820921931113844
Patrick Corbin,WSH,SP,1,3,6,6,0,29.1,31,25,24,10,14,20,94,7.36,0.272,1.53,15.666666666666664,29.784426955522083
Héctor Neris,PHI,RP,1,3,16,0,6,15.1,12,6,5,3,6,19,94,2.94,0.207,1.17,5.875,17.540707400914528
Andrew Kittredge,TB,RP,3,0,12,2,2,16.1,11,3,3,1,5,12,94,1.65,0.183,0.98,7.833333333333332,17.9639771150221
Taylor Hearn,TEX,SP,1,1,11,0,0,17.1,18,9,9,4,12,21,94,4.67,0.269,1.73,8.545454545454545,25.78781427991752
Emmanuel Clase,CLE,RP,2,2,16,0,6,14.1,15,6,2,0,3,15,94,1.26,0.246,1.26,5.875,13.541436352322837
Rex Brothers,CHC,RP,1,0,14,0,1,12.0,8,4,4,1,5,21,93,3.0,0.18600000000000005,1.08,6.642857142857142,16.46423003714739
Ian Kennedy,TEX,RP,0,0,15,0,10,15.0,12,4,4,2,2,20,93,2.4,0.211,0.93,6.2,12.026471945082402
Jake McGee,SF,RP,1,0,16,0,9,15.0,14,10,8,3,4,22,93,4.8,0.23,1.2,5.8125,13.517965090164866
Junior Guerra,LAA,RP,2,1,13,1,0,21.0,19,15,14,2,12,20,93,6.0,0.224,1.48,7.153846153846153,25.641629838343455
A.J. Minter,ATL,RP,1,0,17,0,0,16.0,9,6,5,0,7,18,93,2.81,0.155,1.0,5.470588235294118,19.192474403379222
Drew Pomeranz,SD,RP,0,0,14,0,0,13.2,9,3,3,1,7,20,92,1.98,0.188,1.17,6.571428571428571,19.647810809956297
Liam Hendriks,CHW,RP,1,1,13,0,6,12.2,11,6,5,4,1,21,92,3.55,0.22,0.95,7.0769230769230775,10.380073374459558
Ryan Helsley,STL,RP,3,0,16,0,1,15.2,12,6,6,0,9,15,92,3.45,0.222,1.34,5.75,21.715233481210277
Trevor May,NYM,RP,2,1,13,0,1,12.1,10,4,2,0,2,16,91,1.46,0.213,0.97,7.0,12.90725142172564
Jimmy Nelson,LAD,SP,1,1,13,0,0,13.0,10,6,5,0,9,20,90,3.46,0.204,1.46,6.9230769230769225,21.88436850331015
Caleb Thielbar,MIN,RP,0,0,11,0,0,12.0,14,4,4,3,2,22,90,3.0,0.28,1.33,8.181818181818182,11.752302769964349
Josh Sborz,TEX,RP,3,2,14,0,1,14.0,9,6,6,0,5,16,90,3.86,0.173,1.0,6.428571428571429,16.413701533209903
Ryan Thompson,TB,RP,2,1,16,0,0,16.2,12,6,4,1,5,13,89,2.16,0.197,1.02,5.5625,16.47582011908498
Yimi García,MIA,RP,2,2,15,0,5,14.1,10,5,3,3,3,14,88,1.88,0.16899999999999998,0.91,5.866666666666666,13.898227332795752
Edwin Díaz,NYM,RP,1,1,14,0,5,14.1,12,6,5,0,5,18,88,3.14,0.235,1.19,6.2857142857142865,16.09441317628503
Diego Castillo,TB,RP,0,2,14,0,7,14.1,10,5,5,2,6,20,88,3.14,0.2,1.12,6.2857142857142865,17.67743409634666
Gregory Soto,DET,SP,2,1,15,0,3,14.1,16,7,5,1,10,16,88,3.14,0.258,1.81,5.866666666666666,22.57516395254217
Miguel Castro,NYM,RP,0,0,13,1,0,13.0,11,5,4,1,6,20,87,2.77,0.22,1.31,6.6923076923076925,17.80994020168976
Luis Cessa,NYY,RP,0,0,11,0,0,15.0,9,8,4,1,11,18,87,2.4,0.16699999999999998,1.33,7.909090909090909,25.619573024706597
Drew Steckenrider,SEA,RP,2,1,11,0,0,14.0,11,5,5,0,8,16,87,3.21,0.224,1.36,7.909090909090909,20.966853479224547
Brett Anderson,MIL,SP,2,2,5,5,0,20.1,20,9,8,3,5,11,86,3.54,0.256,1.23,17.2,18.10304478261933
Austin Voth,WSH,SP,0,0,10,0,0,14.2,9,2,2,0,8,16,86,1.23,0.188,1.16,8.6,22.01899485461182
Tyler Rogers,SF,RP,0,0,20,0,2,20.2,13,3,2,1,4,10,86,0.87,0.17600000000000002,0.82,4.3,14.79478579156796
Génesis Cabrera,STL,RP,0,1,16,0,0,15.2,10,6,5,1,7,18,86,2.87,0.172,1.09,5.375,18.95239673522503
Kohei Arihara,TEX,SP,2,3,7,7,0,28.2,32,22,21,7,12,17,86,6.59,0.28600000000000003,1.54,12.285714285714285,27.198517418229073
Kolby Allard,TEX,RP,0,0,7,0,0,15.1,14,6,6,2,1,19,85,3.52,0.23,0.98,12.142857142857142,11.10084802197581
Andrew Chafin,CHC,RP,0,1,17,0,0,16.0,10,6,6,1,6,18,84,3.38,0.172,1.0,4.941176470588236,17.200199664436973
Adam Ottavino,BOS,RP,2,2,16,0,1,14.0,10,9,7,0,11,17,84,4.5,0.192,1.5,5.25,23.918065173599857
Will Smith,ATL,RP,0,2,15,0,7,14.0,7,4,4,0,8,18,84,2.57,0.146,1.07,5.6,20.869227687811712
Mark Melancon,SD,RP,0,0,14,0,11,15.0,6,1,1,0,1,14,84,0.6,0.115,0.47,6.0,12.021460837103085
Carson Fulmer,CIN,SP,0,0,15,0,0,18.0,14,8,8,1,8,18,84,4.0,0.215,1.22,5.6,19.893537909827675
Sam Howard,PIT,RP,2,2,16,0,0,11.2,5,5,5,2,7,17,83,3.86,0.128,1.03,5.1875,18.839173593352168
Josh Tomlin,ATL,RP,2,0,13,0,0,19.1,26,10,10,1,4,14,82,4.66,0.321,1.55,6.307692307692308,13.346940621168885
Matt Andriese,BOS,RP,1,2,13,0,1,17.1,22,11,9,2,6,17,82,4.67,0.31,1.62,6.307692307692308,16.252002558843095
Taylor Clarke,ARI,SP,1,0,14,0,0,17.1,19,10,9,3,4,17,82,4.67,0.271,1.33,5.857142857142858,13.450440751511206
Spencer Turnbull,DET,SP,1,2,4,4,0,19.0,19,12,10,1,5,15,82,4.74,0.253,1.26,20.5,17.456555968336
José Alvarado,PHI,RP,2,0,12,0,2,10.1,7,4,4,0,7,17,82,3.48,0.179,1.36,6.833333333333332,19.0624987606287
Ryan Borucki,TOR,SP,3,1,13,0,0,13.1,7,7,6,1,5,14,82,4.05,0.156,0.9,6.307692307692308,16.414146560250686
Trent Thornton,TOR,SP,0,0,10,2,0,17.1,15,5,5,3,6,15,82,2.6,0.238,1.21,8.2,18.490660144812853
Hirokazu Sawamura,BOS,RP,1,0,13,0,0,14.1,12,6,6,4,5,17,82,3.77,0.231,1.19,6.307692307692308,15.779118437162325
Riley Smith,ARI,SP,1,2,7,4,0,26.0,30,15,14,2,9,12,82,4.85,0.294,1.5,11.714285714285715,22.549707791046913
Chi Chi González,COL,SP,1,1,7,5,0,28.2,35,19,19,3,10,15,80,5.97,0.31,1.57,11.428571428571427,23.720005443473664
Josh Staumont,KC,RP,0,1,14,0,3,15.2,7,5,5,0,8,16,80,2.87,0.132,0.96,5.7142857142857135,20.935031792947356
Devin Williams,MIL,RP,0,0,13,0,0,12.2,7,5,5,3,9,19,80,3.55,0.159,1.26,6.153846153846153,21.79051562505304
Austin Adams,SD,RP,0,0,13,0,0,10.2,7,5,5,0,4,21,80,4.22,0.189,1.03,6.153846153846153,14.324531028951196
Drew Rasmussen,MIL,SP,0,1,13,0,1,14.2,12,11,8,2,9,20,80,4.91,0.2,1.43,6.153846153846153,20.91669624840541
Bryan Shaw,CLE,RP,1,0,13,0,0,13.1,3,3,3,1,8,14,79,2.03,0.07,0.83,6.0769230769230775,21.717667196572283
Kenley Jansen,LAD,RP,0,1,13,0,5,14.1,4,5,3,1,14,15,79,1.88,0.091,1.26,6.0769230769230775,30.122123728270697
Eric Lauer,MIL,SP,1,1,3,2,0,13.0,13,6,2,3,2,12,79,1.39,0.265,1.15,26.33333333333333,14.096754517662903
Will Vest,SEA,RP,1,0,15,0,0,17.1,14,5,4,0,7,11,79,2.08,0.23,1.21,5.266666666666667,19.10235522479283
Codi Heuer,CHW,RP,2,1,13,0,0,15.1,22,10,10,3,2,17,79,5.87,0.355,1.57,6.0769230769230775,9.75144286557208
Hunter Strickland,TB,RP,0,0,11,0,0,14.0,11,3,2,1,5,14,78,1.29,0.212,1.14,7.090909090909091,17.09734286838622
Deolis Guerra,OAK,RP,1,0,10,0,0,14.0,8,9,5,2,6,15,78,3.21,0.157,1.0,7.8,18.24412496553564
Taylor Rogers,MIN,RP,0,1,11,0,2,13.0,13,5,4,2,1,17,78,2.77,0.271,1.08,7.090909090909091,10.50016336246247
Jake Brentz,KC,SP,0,0,17,0,0,14.2,11,6,5,2,10,16,77,3.07,0.212,1.43,4.529411764705882,22.482765673717942
Tyler Chatwood,TOR,RP,0,0,10,0,0,11.1,7,1,1,0,3,15,76,0.79,0.179,0.88,7.6,14.905637278227513
Sean Doolittle,CIN,RP,2,0,13,0,1,11.1,11,5,5,1,6,15,76,3.97,0.256,1.5,5.846153846153847,16.761296027657657
Aaron Bummer,CHW,RP,0,1,13,0,0,11.1,10,4,2,0,6,16,76,1.59,0.227,1.41,5.846153846153847,17.789983076160826
Rafael Montero,SEA,RP,3,1,15,0,4,15.0,12,9,7,1,5,11,75,4.2,0.214,1.13,5.0,15.447416750440954
Ross Detwiler,MIA,SP,0,0,14,2,0,13.0,9,4,4,0,7,16,75,2.77,0.188,1.23,5.357142857142857,19.284534877210884
Richard Rodríguez,PIT,RP,1,0,13,0,6,13.0,3,1,1,0,1,11,75,0.69,0.07,0.31,5.769230769230768,12.366443805769801
Clay Holmes,PIT,RP,1,0,15,0,0,16.0,14,9,8,1,5,15,75,4.5,0.23,1.19,5.0,15.045927444997382
Mychal Givens,COL,RP,1,1,13,0,0,12.2,10,5,4,3,6,14,74,2.84,0.213,1.26,5.6923076923076925,17.464984640832608
David Phelps,TOR,RP,0,0,12,1,0,10.1,8,2,1,0,4,15,73,0.87,0.21600000000000005,1.16,6.083333333333332,15.743437522341754
Robert Stephenson,COL,RP,0,1,15,0,0,14.1,14,7,4,2,2,14,73,2.51,0.237,1.12,4.866666666666666,11.246907253332708
Kyle Zimmer,KC,RP,2,0,11,0,1,13.1,7,5,5,1,5,12,73,3.38,0.163,0.9,6.636363636363638,16.717751577548967
Adam Cimber,MIA,RP,0,0,16,0,0,16.1,12,6,5,0,5,13,73,2.76,0.207,1.04,4.5625,15.71755412449916
Alex Young,ARI,SP,0,3,15,0,0,13.1,12,7,6,3,9,17,73,4.05,0.235,1.58,4.866666666666666,20.671842752420115
Aaron Slegers,LAA,SP,2,0,15,0,0,14.1,17,6,6,1,6,12,73,3.77,0.293,1.61,4.866666666666666,16.220795439279573
Brad Boxberger,MIL,RP,0,0,13,0,1,12.0,7,2,2,1,2,14,72,1.5,0.163,0.75,5.538461538461538,12.688674260104188
Raisel Iglesias,LAA,RP,1,2,14,0,6,13.0,15,10,8,3,3,17,72,5.54,0.28300000000000003,1.39,5.142857142857143,11.341406178697168
Luke Jackson,ATL,RP,1,0,14,0,0,13.0,10,2,2,1,8,11,72,1.39,0.213,1.39,5.142857142857143,20.740636782044305
Alec Mills,CHC,RP,2,0,11,1,1,21.0,23,14,12,4,6,11,72,5.14,0.274,1.38,6.545454545454546,16.7157110107968
Richard Bleier,MIA,RP,2,0,15,0,0,14.0,13,7,7,4,0,13,72,4.5,0.25,0.93,4.8,7.820800835415998
Kent Emanuel,HOU,SP,1,0,6,0,0,15.0,10,4,4,3,2,11,72,2.4,0.192,0.8,12.0,13.34950673945084
Dan Winkler,CHC,RP,1,0,13,0,0,10.2,5,1,1,0,7,12,71,0.84,0.135,1.13,5.461538461538462,20.08980554560483
Wandy Peralta,NYY,RP,2,1,15,0,2,11.2,12,5,5,1,3,13,71,3.86,0.267,1.29,4.733333333333333,12.156628951863736
Jordan Holloway,MIA,RP,1,1,6,1,0,13.2,9,4,3,0,6,11,71,1.98,0.184,1.1,11.833333333333336,19.392694935118975
Tyler Alexander,DET,SP,0,0,9,0,0,16.2,20,11,10,4,4,17,71,5.4,0.28600000000000003,1.44,7.888888888888888,13.441860803874489
José Cisnero,DET,RP,0,1,15,0,0,13.1,15,10,9,3,7,19,70,6.08,0.273,1.65,4.666666666666667,16.50273600117886
Darwinzon Hernandez,BOS,RP,0,1,13,0,0,11.1,10,6,4,1,10,16,70,3.18,0.227,1.77,5.384615384615384,22.489924126482727
Phillips Valdez,BOS,RP,1,0,11,0,0,13.1,7,6,5,0,5,13,70,3.38,0.146,0.9,6.363636363636362,16.57891906823766
Tommy Milone,TOR,SP,1,0,6,1,1,14.0,20,10,10,3,3,17,69,6.43,0.32299999999999995,1.64,11.5,11.934834583696
Max Fried,ATL,SP,1,1,5,4,0,16.0,27,16,15,4,6,20,69,8.44,0.38,2.06,13.8,15.719967905136617
Tyler Kinley,COL,RP,0,0,13,0,0,14.0,13,7,7,2,10,16,69,4.5,0.25,1.64,5.307692307692308,22.070043091923573
Daniel Hudson,WSH,RP,2,0,10,0,0,9.2,4,2,2,2,4,11,68,1.86,0.121,0.83,6.8,16.03615799348911
David Bednar,PIT,RP,0,0,14,0,0,12.2,8,3,3,2,3,13,68,2.13,0.174,0.87,4.857142857142857,13.454643434423062
Brad Hand,WSH,RP,2,1,11,0,3,11.1,8,4,2,0,7,9,67,1.59,0.19,1.32,6.090909090909091,19.753462848856085
José Ruiz,CHW,RP,0,1,11,0,0,12.1,4,2,2,0,5,12,67,1.46,0.095,0.73,6.090909090909091,17.599824167335765
Justin Steele,CHC,SP,1,0,7,0,0,9.1,6,4,3,2,3,14,67,2.89,0.171,0.96,9.571428571428571,14.223038000596109
Greg Holland,KC,RP,2,1,13,0,2,12.0,15,8,7,3,8,13,66,5.25,0.28800000000000003,1.92,5.0769230769230775,18.34121310415535
Phil Maton,CLE,RP,0,0,10,1,0,11.0,8,5,5,1,5,16,66,4.09,0.211,1.18,6.6,16.029943149094432
Hyeon-Jong Yang,TEX,SP,0,0,3,1,0,12.0,10,3,3,2,2,13,66,2.25,0.217,1.0,22.0,13.614122538693865
Wil Crowe,PIT,SP,0,1,4,3,0,15.2,12,7,7,1,9,12,66,4.02,0.218,1.34,16.5,23.134046184987135
Shane McClanahan,TB,SP,0,0,3,3,0,12.0,11,5,5,1,4,15,66,3.75,0.244,1.25,22.0,16.019838793593067
Alex Claudio,LAA,RP,0,0,14,0,0,12.2,13,6,5,0,2,14,65,3.55,0.25,1.18,4.642857142857143,10.765799799927631
Rafael Dolis,TOR,RP,1,0,15,0,3,12.2,4,6,6,1,9,13,65,4.26,0.098,1.03,4.333333333333333,21.35128873582973
Keone Kela,SD,RP,2,2,12,0,0,10.2,11,8,6,3,3,13,65,5.06,0.244,1.31,5.416666666666668,11.946753538272045
Chris Stratton,PIT,RP,1,0,13,0,0,15.1,17,10,9,3,2,13,64,5.28,0.279,1.24,4.9230769230769225,10.093963702814653
Ross Stripling,TOR,SP,0,2,4,4,0,16.1,24,12,12,3,7,17,64,6.61,0.338,1.9,16.0,18.30351378628636
Michael King,NYY,SP,0,0,4,0,0,12.1,6,0,0,0,4,9,64,0.0,0.146,0.81,16.0,17.574949615007316
Lucas Sims,CIN,SP,1,1,12,0,1,11.0,5,9,8,2,8,16,63,6.55,0.135,1.18,5.25,19.076706688677337
Cal Quantrill,CLE,SP,0,0,11,0,0,17.0,14,4,4,2,10,8,63,2.12,0.233,1.41,5.727272727272728,23.554561693466063
Brett De Geus,TEX,RP,0,0,11,0,0,16.0,12,9,9,1,8,14,63,5.06,0.214,1.25,5.727272727272728,19.645373287830004
Caleb Baragar,SF,SP,2,0,12,0,0,9.0,8,1,0,0,5,8,63,0.0,0.242,1.44,5.25,17.00471228347056
Victor González,LAD,SP,0,0,16,0,1,12.2,9,2,2,0,7,10,62,1.42,0.196,1.26,3.875,18.805239834053502
Ryan Tepera,CHC,RP,0,0,15,0,0,14.1,11,7,7,2,5,13,61,4.4,0.224,1.12,4.066666666666666,14.83086763722644
Matt Wisler,SF,RP,1,2,15,0,0,13.1,12,10,10,2,4,15,61,6.75,0.24,1.2,4.066666666666666,12.363676768766576
J.B. Wendelken,OAK,RP,0,0,15,0,0,12.1,15,7,6,1,5,14,61,4.38,0.28300000000000003,1.62,4.066666666666666,14.017718299301848
Jorge Alcala,MIN,RP,0,0,12,0,0,12.1,6,4,4,3,2,12,61,2.92,0.15,0.65,5.083333333333333,12.131681067237425
Joel Payamps,TOR,RP,0,1,11,0,0,15.1,14,4,4,3,3,9,61,2.35,0.246,1.11,5.545454545454546,13.267757334921154
Hansel Robles,MIN,RP,0,1,14,0,0,14.0,5,7,6,1,9,12,60,3.86,0.106,1.0,4.285714285714286,21.57957657281579
Brooks Raley,HOU,SP,0,2,17,0,1,14.0,14,15,13,2,6,19,60,8.36,0.246,1.43,3.5294117647058822,13.920039966021736
Brandon Bielak,HOU,SP,1,2,7,0,0,15.0,13,9,9,1,6,12,60,5.4,0.228,1.27,8.571428571428571,17.16495126945202
Kevin Ginkel,ARI,RP,0,1,16,0,0,12.0,13,9,6,3,6,14,60,4.5,0.271,1.58,3.75,15.356913853800958
Alex Colomé,MIN,RP,1,3,12,0,2,12.2,14,15,8,2,7,13,59,5.68,0.264,1.66,4.916666666666667,16.95945007186658
Aaron Loup,NYM,RP,1,0,10,0,0,8.2,7,3,1,0,2,10,59,1.04,0.226,1.04,5.9,12.741187503194217
Johan Oviedo,STL,SP,0,1,3,2,0,13.2,10,7,7,3,4,13,59,4.61,0.204,1.02,19.666666666666668,15.673756038000398
Joely Rodríguez,TEX,RP,1,1,9,0,0,8.2,8,2,2,0,2,11,59,2.08,0.25,1.15,6.5555555555555545,12.344927102422306
Sal Romano,CIN,RP,0,0,13,0,0,19.2,20,14,12,4,9,12,59,5.49,0.253,1.48,4.538461538461538,20.048604906604048
Angel Perdomo,MIL,SP,1,0,9,0,0,8.2,7,6,6,2,6,15,59,6.23,0.226,1.5,6.5555555555555545,15.987378229881523
Jordan Romano,TOR,SP,3,1,10,0,0,8.2,6,4,3,0,5,8,59,3.12,0.182,1.27,5.9,16.263361731095088
Nabil Crismatt,SD,SP,1,1,6,0,0,11.2,14,6,4,1,6,10,59,3.09,0.304,1.71,9.833333333333334,17.462081223823308
Ljay Newsome,SEA,SP,1,1,7,1,0,14.2,20,14,13,5,3,16,59,7.98,0.317,1.57,8.428571428571429,11.009369459002308
Cody Stashak,MIN,RP,0,0,12,0,0,10.2,12,10,10,2,7,19,59,8.44,0.279,1.78,4.916666666666667,15.532093648871506
Kyle Crick,PIT,RP,0,0,12,0,0,11.1,1,2,2,0,6,10,58,1.59,0.031,0.62,4.833333333333333,18.885788936823296
Jordan Sheffield,COL,RP,0,0,11,0,0,11.1,6,2,2,1,3,10,58,1.59,0.154,0.79,5.2727272727272725,14.146638463572506
Casey Sadler,SEA,RP,0,1,11,0,0,11.0,8,3,2,0,6,10,57,1.64,0.205,1.27,5.181818181818182,17.958645501084305
Joey Lucchesi,NYM,SP,1,2,5,3,0,14.0,16,13,12,2,4,15,57,7.71,0.29600000000000004,1.43,11.4,13.66659663166121
Tyler Wells,BAL,SP,0,0,8,0,0,13.0,10,9,9,5,5,15,57,6.23,0.208,1.15,7.125,15.027165938787265
Trevor Richards,TB,SP,0,0,5,0,1,11.0,9,6,6,2,3,14,57,4.91,0.22,1.09,11.4,13.174243365215458
Jeurys Familia,NYM,RP,0,0,11,0,1,9.2,11,2,1,0,4,10,56,0.93,0.275,1.55,5.090909090909091,14.691910351963111
Chad Kuhl,PIT,SP,0,1,4,4,0,15.2,12,14,11,4,16,14,56,6.32,0.222,1.79,14.0,32.09486504606029
Josh Taylor,BOS,RP,0,0,15,0,0,12.2,19,9,9,1,7,15,56,6.4,0.345,2.05,3.733333333333333,15.409209426128031
Luis Patiño,TB,SP,1,0,3,1,0,7.2,3,1,1,1,1,10,56,1.17,0.115,0.52,18.666666666666668,13.300744165225652
Connor Brogdon,PHI,RP,3,1,14,0,0,12.2,12,10,9,2,7,9,56,6.4,0.245,1.5,4.0,16.739491410113587
José Álvarez,SF,RP,1,1,12,0,0,10.1,11,8,5,0,9,11,55,4.36,0.244,1.94,4.583333333333333,20.11475609167958
Pierce Johnson,SD,RP,0,1,11,0,0,9.1,7,4,4,0,4,13,55,3.86,0.206,1.18,5.0,14.087640824729437
Tony Watson,LAA,RP,1,0,11,0,0,11.0,6,1,1,1,1,6,54,0.82,0.162,0.64,4.909090909090909,11.674540483527869
Daniel Bard,COL,RP,1,2,12,0,3,11.0,17,11,9,2,7,14,54,7.36,0.327,2.18,4.5,15.354942930042231
Jacob Webb,ATL,RP,1,1,10,0,0,11.0,15,11,8,3,2,13,54,6.55,0.294,1.55,5.4,9.345215993376337
Tim Mayza,TOR,RP,1,0,13,0,0,9.2,9,2,2,1,2,8,53,1.86,0.25,1.14,4.076923076923077,11.594917067762024
Nick Wittgren,CLE,RP,2,1,11,0,1,10.1,9,7,7,2,4,10,52,6.1,0.237,1.26,4.727272727272728,13.02631170820975
Tanner Houck,BOS,SP,0,2,3,2,0,10.1,14,7,5,1,1,12,52,4.36,0.304,1.45,17.333333333333332,10.4021459082216
Daniel Castano,MIA,SP,0,2,4,4,0,17.1,20,10,10,3,7,10,52,5.19,0.29,1.56,13.0,19.18784985322289
Matt Foster,CHW,RP,1,1,11,0,0,9.1,9,9,9,2,3,15,52,8.68,0.25,1.29,4.727272727272728,10.244993791534823
Zach Pop,MIA,RP,0,0,11,0,0,12.0,7,7,7,2,5,12,51,5.25,0.163,1.0,4.636363636363637,15.14108021042823
David Price,LAD,SP,1,0,7,0,1,9.2,14,7,6,3,4,11,50,5.59,0.318,1.86,7.142857142857142,12.690966670197913
Alex Lange,DET,SP,0,1,11,0,0,9.2,15,10,8,4,3,15,50,7.45,0.341,1.86,4.545454545454546,9.626739195799527
Trevor Stephan,CLE,SP,0,0,7,0,0,10.2,12,7,7,4,5,13,50,5.91,0.267,1.59,7.142857142857142,14.444359042927038
Brandon Kintzler,PHI,RP,2,1,11,0,0,11.1,13,9,8,3,3,9,49,6.35,0.28300000000000003,1.41,4.454545454545454,11.034139990335126
Sean Newcomb,ATL,RP,1,0,7,0,1,6.1,7,6,6,1,6,14,49,8.53,0.28,2.05,7.0,14.204329878969597
Jacob Barnes,NYM,RP,1,0,9,0,0,10.1,10,6,6,3,2,10,49,5.23,0.238,1.16,5.4444444444444455,10.624020666244588
Stefan Crichton,ARI,RP,0,1,14,0,4,11.1,13,7,5,0,6,10,49,3.97,0.271,1.68,3.5,15.575620684773117
Anthony Castro,TOR,RP,0,0,6,0,1,7.1,3,0,0,0,1,9,49,0.0,0.12,0.55,8.166666666666666,12.90910856215532
Yoan López,ARI,RP,0,0,11,0,0,10.0,13,8,7,3,5,13,48,6.3,0.295,1.8,4.363636363636363,13.263474144319419
Carlos Estévez,COL,RP,0,0,10,0,1,10.0,10,5,4,1,4,10,48,3.6,0.263,1.4,4.8,13.76382491018022
Anthony Misiewicz,SEA,RP,2,2,15,0,0,12.0,13,6,6,2,3,6,48,4.5,0.271,1.33,3.2,11.367960199505756
Garrett Crochet,CHW,SP,0,2,8,0,0,9.0,9,4,1,0,5,8,48,1.0,0.257,1.56,6.0,16.581987290010833
Wade Davis,KC,RP,0,1,12,0,1,12.2,12,10,10,2,5,13,47,7.11,0.261,1.34,3.9166666666666665,13.558767528635057
Anthony Bass,MIA,RP,1,3,14,0,0,11.2,14,8,7,2,5,9,47,5.4,0.311,1.63,3.3571428571428568,13.615087805045004
Keynan Middleton,SEA,RP,0,0,11,0,2,11.2,4,5,5,1,6,9,47,3.86,0.105,0.86,4.2727272727272725,17.405958457072185
Tyler Zuber,KC,RP,0,0,10,0,0,10.2,9,5,5,2,4,10,47,4.22,0.225,1.22,4.7,13.745784157385657
David Hale,PHI,RP,0,1,10,0,0,14.1,13,10,9,3,5,10,46,5.65,0.228,1.26,4.6,14.572803040812698
Steve Cishek,LAA,RP,0,0,14,0,0,11.1,16,12,8,0,12,12,46,6.35,0.32,2.47,3.2857142857142856,22.300890355931205
Stephen Strasburg,WSH,SP,0,1,2,2,0,10.0,9,8,7,3,7,11,46,6.3,0.231,1.6,23.0,18.40277247184128
Kyle Cody,TEX,SP,0,2,7,0,0,11.1,16,11,10,3,2,14,46,7.94,0.327,1.59,6.571428571428571,8.992847632738515
Darren O'Day,NYY,RP,0,0,10,0,0,9.0,8,3,3,1,2,9,45,3.0,0.222,1.11,4.5,11.415997266041888
Joe Smith,HOU,RP,1,1,15,0,0,11.0,19,9,9,3,3,11,45,7.36,0.396,2.0,3.0,8.83545721440485
Heath Hembree,CIN,RP,0,0,6,0,0,6.2,0,0,0,0,2,8,44,0.0,0.0,0.3,7.333333333333332,14.749017305111893
Jarlin García,SF,RP,0,1,6,0,0,8.1,5,7,6,2,7,12,43,6.48,0.161,1.44,7.166666666666668,17.603889573035964
Sam Clay,WSH,RP,0,0,11,0,0,10.1,6,4,4,1,4,8,43,3.48,0.16699999999999998,0.97,3.9090909090909087,14.26737138095703
Nick Nelson,NYY,SP,0,2,6,1,0,8.1,11,10,9,0,5,15,43,9.72,0.306,1.92,7.166666666666668,12.593879640089938
Matt Moore,PHI,SP,0,1,6,3,0,14.0,20,14,13,4,10,13,42,8.36,0.345,2.14,7.0,20.73183755164753
Grant Dayton,ATL,RP,0,0,9,0,0,9.0,9,5,5,1,3,10,42,5.0,0.25,1.33,4.666666666666667,11.807275844462755
Corey Knebel,LAD,RP,1,0,8,0,2,6.0,3,3,3,0,3,9,42,4.5,0.14300000000000002,1.0,5.25,12.848829180779179
Sam Hentges,CLE,SP,1,0,4,0,0,9.0,14,6,5,4,2,8,42,5.0,0.35,1.78,10.5,10.343116626394004
Jordan Hicks,STL,RP,0,0,10,0,0,10.0,5,6,6,0,10,10,42,5.4,0.147,1.5,4.2,21.92498262836132
Dillon Tate,BAL,RP,0,1,11,0,0,13.0,10,6,5,2,2,6,42,3.46,0.213,0.92,3.8181818181818175,11.250601920053548
Ben Bowden,COL,RP,1,2,12,0,0,10.0,16,9,8,1,3,10,42,7.2,0.333,1.9,3.5,9.56008200524962
Justin Wilson,NYY,RP,1,0,10,0,0,8.2,8,6,6,2,5,9,41,6.23,0.229,1.5,4.1,13.908251449605759
Scott Alexander,LAD,RP,0,2,13,0,0,11.2,7,4,3,1,1,5,41,2.31,0.163,0.69,3.1538461538461537,10.305695820467518
Michael Feliz,PIT,RP,0,0,7,0,0,7.2,8,3,2,0,1,8,41,2.35,0.267,1.17,5.857142857142858,10.482091721658797
Jason Adam,CHC,RP,0,0,9,0,0,7.2,9,7,7,1,6,13,41,8.22,0.29,1.96,4.5555555555555545,13.911427706069023
Logan Allen,CLE,RP,1,4,5,5,0,15.2,20,18,16,7,7,12,41,9.19,0.303,1.72,8.2,17.14374653066176
Travis Lakins Sr.,BAL,RP,1,3,13,0,0,10.2,5,6,5,1,8,6,41,4.22,0.135,1.22,3.1538461538461537,19.46277255308101
Matt Peacock,ARI,SP,1,0,8,0,0,11.2,10,10,8,2,3,8,41,6.17,0.217,1.11,5.125,11.798132514497414
Nate Jones,ATL,RP,0,2,12,0,0,10.1,8,6,4,3,10,7,40,3.48,0.195,1.74,3.333333333333333,21.952558387279083
Ervin Santana,KC,SP,0,0,5,1,0,11.1,9,4,4,2,3,6,40,3.18,0.209,1.06,8.0,13.772815452044423
Sergio Romo,OAK,RP,0,0,14,0,0,12.1,14,10,10,1,5,11,40,7.3,0.28,1.54,2.8571428571428568,12.660740162510136
Daniel Norris,DET,SP,0,1,12,0,0,12.1,16,10,10,2,6,11,40,7.3,0.333,1.78,3.333333333333333,14.131935219764355
Tyler Duffey,MIN,RP,0,2,13,0,0,11.1,11,8,7,1,9,9,40,5.56,0.256,1.77,3.0769230769230766,19.36590726100078
Bryan Garcia,DET,RP,0,0,12,0,2,12.1,10,9,9,2,9,10,40,6.57,0.213,1.54,3.333333333333333,19.38970363734233
Paul Campbell,MIA,SP,0,2,5,1,0,11.1,19,14,11,1,6,13,40,8.74,0.365,2.21,8.0,14.128808345446384
Brandon Workman,CHC,RP,0,2,10,0,0,8.0,12,9,6,2,7,11,39,6.75,0.324,2.38,3.9,15.22876622186961
Jon Lester,WSH,SP,0,1,2,2,0,10.0,9,3,3,0,4,6,39,2.7,0.243,1.3,19.5,15.881210195110684
Nick Margevicius,SEA,RP,0,2,5,3,0,12.0,13,16,11,2,7,12,39,8.25,0.25,1.67,7.8,17.076314827482534
Cionel Pérez,CIN,RP,1,2,11,0,0,9.2,7,10,8,1,9,9,38,7.45,0.179,1.66,3.4545454545454546,19.07593188115341
Kodi Whitley,STL,RP,0,0,7,0,0,7.2,3,2,2,1,3,7,38,2.35,0.115,0.78,5.428571428571429,14.114214857517407
Ben Rowen,LAA,RP,0,0,8,0,0,11.1,12,8,7,3,2,8,37,5.56,0.273,1.24,4.625,10.151875655710333
Paolo Espino,WSH,RP,0,1,5,1,0,9.1,5,2,2,2,1,5,37,1.93,0.156,0.64,7.4,11.955402394161807
Randy Dobnak,MIN,RP,0,3,7,0,1,14.1,18,14,13,4,3,11,37,8.16,0.295,1.47,5.285714285714286,10.479818469660934
Robert Gsellman,NYM,RP,0,0,7,0,0,11.0,10,6,4,0,3,5,36,3.27,0.233,1.18,5.142857142857143,12.957205925135671
Sean Reid-Foley,NYM,SP,0,0,2,0,0,5.0,2,0,0,0,0,7,36,0.0,0.125,0.4,18.0,12.06506026726232
Keegan Thompson,CHC,SP,1,0,3,1,0,7.2,6,0,0,0,4,2,35,0.0,0.24,1.3,11.666666666666664,16.718481963568607
Luis Oviedo,PIT,SP,0,1,7,0,0,11.2,12,11,11,3,6,11,35,8.49,0.267,1.54,5.0,14.70376830557661
Camilo Doval,SF,RP,1,1,9,0,0,7.2,6,6,6,3,3,8,35,7.04,0.214,1.17,3.888888888888889,11.078209941780038
Evan Marshall,CHW,RP,0,1,12,0,0,13.1,14,10,10,3,5,8,34,6.75,0.275,1.43,2.833333333333333,13.272044770438203
Jhoulys Chacín,COL,SP,0,1,6,0,0,12.1,15,8,8,3,7,7,34,5.84,0.312,1.78,5.666666666666668,17.098564196923444
Collin McHugh,TB,RP,0,1,5,1,0,7.1,12,8,6,1,1,10,34,7.36,0.375,1.77,6.8,7.643453247425903
Julian Merryweather,TOR,SP,0,0,4,0,2,4.1,1,0,0,0,1,7,34,0.0,0.067,0.46,8.5,13.135208632828704
Patrick Sandoval,LAA,SP,0,0,2,0,1,5.1,3,1,1,1,4,7,34,1.69,0.158,1.31,17.0,15.872784979591703
Julio Teheran,DET,SP,2,0,1,1,0,5.0,4,1,1,1,3,3,33,1.8,0.235,1.4,33.0,14.655690165702845
Aaron Northcraft,SD,RP,1,0,4,0,0,6.0,4,2,2,1,6,5,33,3.0,0.2,1.67,8.25,17.48992405627626
Brett Martin,TEX,RP,0,0,10,0,0,10.0,13,5,4,1,1,5,33,3.6,0.302,1.4,3.3,8.85103857188687
Nick Neidert,MIA,SP,0,1,3,3,0,12.0,13,9,9,3,11,8,33,6.75,0.289,2.0,11.0,23.509947691146373
Tanner Rainey,WSH,RP,0,2,12,0,0,10.0,11,11,10,3,9,11,33,9.0,0.268,2.0,2.75,17.490345750366437
Jake Woodford,STL,SP,0,0,3,0,0,6.0,5,2,2,0,5,7,33,3.0,0.238,1.67,11.0,16.062254575477574
Bryse Wilson,ATL,SP,1,2,3,3,0,12.0,18,10,9,4,5,6,33,6.75,0.3670000000000001,1.92,11.0,14.535327321943093
Patrick Weigel,MIL,RP,0,0,3,0,0,4.0,4,2,2,1,4,9,33,4.5,0.25,2.0,11.0,13.334072248204984
Travis Bergen,TOR,RP,0,0,5,1,0,6.2,2,0,0,0,3,4,32,0.0,0.095,0.75,6.4,15.644791095991922
Andre Scrubb,HOU,RP,1,0,5,0,0,5.2,2,2,2,0,4,5,32,3.18,0.105,1.06,6.4,15.148740590993985
Taylor Williams,SD,RP,0,0,5,0,0,5.1,3,1,1,0,3,6,31,1.69,0.16699999999999998,1.13,6.2,14.10360713691784
Amir Garrett,CIN,RP,0,1,12,0,2,10.1,11,10,10,4,9,10,31,8.71,0.262,1.94,2.583333333333333,17.61507525288316
Wander Suero,WSH,RP,0,0,8,0,0,6.1,3,1,1,0,3,5,31,1.42,0.136,0.95,3.875,14.004647027538377
Jake Odorizzi,HOU,SP,0,2,3,3,0,8.0,10,9,9,3,3,11,30,10.13,0.294,1.63,10.0,10.364405891494766
Lewis Thorpe,MIN,SP,0,1,3,2,0,10.0,8,5,5,0,2,5,30,4.5,0.21600000000000005,1.0,10.0,12.181584090656026
JoJo Romero,PHI,SP,0,0,11,0,0,9.0,12,8,7,4,4,8,30,7.0,0.308,1.78,2.727272727272727,11.058216449072606
Erik Swanson,SEA,RP,0,0,3,2,0,6.2,2,1,1,1,2,4,29,1.35,0.1,0.6,9.666666666666666,14.171088893740718
Ryan Hendrix,CIN,RP,2,0,6,0,0,3.2,3,3,3,0,4,5,29,7.36,0.214,1.91,4.833333333333333,11.73134989388174
Kris Bubic,KC,SP,0,0,3,0,0,7.2,5,2,2,0,3,4,29,2.35,0.185,1.04,9.666666666666666,14.168224678828087
Peter Fairbanks,TB,RP,0,0,5,0,0,4.2,5,1,1,0,3,6,29,1.93,0.278,1.71,5.8,13.032216611891872
T.J. Zeuch,TOR,SP,0,2,4,2,0,12.0,16,13,9,5,7,6,27,6.75,0.32,1.92,6.75,16.961993939724927
Dennis Santana,LAD,RP,0,0,12,0,0,11.0,12,10,9,0,8,7,27,7.36,0.273,1.82,2.25,16.818868768440247
Robert Dugger,SEA,SP,0,0,3,0,0,6.0,6,2,2,1,1,5,27,3.0,0.25,1.17,9.0,10.590186580651398
Ty Tice,TOR,RP,0,0,4,0,0,7.0,9,4,4,1,4,6,27,5.14,0.31,1.86,6.75,12.924708385457631
Anthony Kay,TOR,SP,0,2,3,2,0,9.2,14,12,11,2,4,10,26,10.24,0.35,1.86,8.666666666666666,11.20644312239448
Mitch White,LAD,SP,0,0,5,0,0,6.2,9,8,1,1,4,3,26,1.35,0.31,1.95,5.2,14.154672043847237
J.B. Bukauskas,ARI,SP,1,1,9,0,0,6.2,9,6,6,1,2,6,26,8.1,0.333,1.65,2.888888888888889,8.137646094687769
Andrew Miller,STL,RP,0,0,9,0,0,7.1,12,7,7,2,4,8,25,8.59,0.364,2.18,2.7777777777777777,9.970183223626645
Jesse Biddle,ATL,RP,0,0,5,0,0,7.1,8,7,7,1,4,8,25,8.59,0.28600000000000003,1.64,5.0,11.517885327648349
Garrett Cleavinger,LAD,RP,0,3,6,0,0,4.1,8,6,3,2,3,7,25,6.23,0.348,2.54,4.166666666666667,9.510382564960436
Spencer Howard,PHI,SP,0,0,3,0,0,4.1,6,4,4,0,2,8,25,8.31,0.316,1.85,8.333333333333334,8.572094800707193
Nick Sandlin,CLE,RP,0,0,3,0,0,4.1,0,0,0,0,0,4,25,0.0,0.0,0.0,8.333333333333334,12.310177513901374
Shawn Armstrong,BAL,RP,0,0,12,0,0,10.0,15,13,12,3,7,10,24,10.8,0.333,2.2,2.0,13.042266892789423
Cody Reed,TB,SP,0,1,9,0,0,7.0,7,5,4,1,4,5,24,5.14,0.269,1.57,2.6666666666666665,12.541000072347359
Dinelson Lamet,SD,SP,0,0,2,2,0,4.0,5,0,0,0,1,4,24,0.0,0.312,1.5,12.0,11.995300530463263
Eric Yardley,MIL,RP,0,0,10,0,0,11.0,14,7,7,2,4,4,24,5.73,0.311,1.64,2.4,11.92482825296477
Anthony Bender,MIA,RP,0,0,3,0,0,3.0,1,0,0,0,0,5,24,0.0,0.1,0.33,8.0,11.808074699314492
Oliver Pérez,CLE,RP,0,1,5,0,0,3.2,5,1,0,0,1,4,23,0.0,0.278,1.64,4.6,10.908532648559264
Mike Fiers,OAK,SP,0,2,2,2,0,9.1,15,8,8,4,4,5,23,7.71,0.366,2.04,11.5,12.008253802766502
Austin Brice,BOS,RP,0,0,10,0,0,9.2,11,9,9,2,6,7,23,8.38,0.289,1.76,2.3,13.607911304526535
Wes Benjamin,TEX,SP,0,1,3,0,0,5.2,4,3,3,1,6,5,23,4.77,0.211,1.77,7.666666666666668,16.417861759588625
Devin Smeltzer,MIN,SP,0,0,1,0,0,4.2,1,1,0,0,1,3,23,0.0,0.077,0.43,23.0,13.401965962910278
Chris Archer,TB,SP,0,1,2,1,0,4.1,7,4,3,0,1,6,22,6.23,0.35,1.85,11.0,8.313419415086317
Kyle McGowin,WSH,RP,0,0,7,0,0,7.1,5,4,4,1,5,4,22,4.91,0.185,1.36,3.1428571428571432,14.76243822566678
A.J. Puk,OAK,RP,0,0,1,0,0,3.1,1,0,0,0,3,4,22,0.0,0.091,1.2,22.0,15.294350761799885
Kyle Wright,ATL,SP,0,0,1,1,0,4.1,3,2,2,1,2,5,22,4.15,0.214,1.15,22.0,12.042384840581585
Pedro Strop,CHC,RP,1,0,2,0,0,2.0,2,0,0,0,2,3,21,0.0,0.25,2.0,10.5,12.467697834835997
Burch Smith,OAK,RP,0,0,3,0,0,5.0,3,1,1,0,1,3,21,1.8,0.188,0.8,7.0,11.644941935781583
Tanner Roark,TOR,SP,0,1,3,1,0,7.0,7,7,5,3,2,5,21,6.43,0.241,1.29,7.0,10.384518484488742
Chris Devenski,ARI,RP,1,0,6,0,1,6.0,7,5,5,2,1,4,21,7.5,0.28,1.33,3.5,7.723730165721886
Josh Lindblom,MIL,RP,0,0,5,0,0,10.2,17,13,13,4,7,9,20,10.97,0.354,2.25,4.0,13.923121570398573
Zack Littell,SF,RP,0,0,5,0,0,3.2,1,0,0,0,3,3,20,0.0,0.083,1.09,4.0,14.754819730373278
Mac Sceroler,BAL,SP,0,0,2,0,0,3.2,5,3,3,2,3,6,20,7.36,0.294,2.18,10.0,10.026552680858185
Carlos Hernandez,KC,SP,1,0,3,0,0,3.1,6,4,4,0,5,5,19,10.8,0.4,3.3,6.333333333333332,9.65605907695649
Daniel Ponce de Leon,STL,SP,1,1,5,2,0,10.1,12,10,10,2,7,4,19,8.71,0.28600000000000003,1.84,3.8,16.097167602494544
Justin Lawrence,COL,RP,0,0,4,0,0,4.1,5,4,4,0,4,6,19,8.31,0.312,2.08,4.75,10.979242555998635
Sam Selman,SF,RP,0,0,3,0,0,3.0,2,1,1,1,3,4,18,3.0,0.182,1.67,6.0,12.728487319536697
Jose Suarez,LAA,SP,1,0,1,0,0,4.0,5,1,1,0,3,1,18,2.25,0.312,2.0,18.0,12.956920232752134
Miguel Diaz,SD,RP,0,0,1,1,0,3.0,1,0,0,0,2,3,18,0.0,0.1,1.0,18.0,14.199823355592743
Deivi García,NYY,SP,0,1,1,1,0,4.0,3,2,2,1,3,4,18,4.5,0.2,1.5,18.0,12.825565218639996
Wade LeBlanc,BAL,SP,0,1,6,1,0,6.2,11,7,7,1,1,6,17,9.45,0.355,1.8,2.833333333333333,6.15450636493089
Buck Farmer,DET,RP,0,0,12,0,0,10.2,15,15,15,6,9,10,17,12.66,0.319,2.25,1.4166666666666667,15.019461988031887
Cam Bedrosian,CIN,RP,0,0,6,0,0,5.2,10,7,7,2,6,7,17,11.12,0.4,2.82,2.833333333333333,11.151816850829626
Yency Almonte,COL,RP,0,1,11,0,0,8.2,13,12,12,3,7,9,17,12.46,0.361,2.31,1.5454545454545454,12.165798829547239
Adrian Morejon,SD,SP,0,0,2,2,0,4.2,5,2,2,2,2,3,17,3.86,0.278,1.5,8.5,11.50110514588974
Blake Taylor,HOU,SP,0,0,7,0,0,5.1,8,5,4,2,2,4,16,6.75,0.333,1.88,2.2857142857142856,8.340848709923836
Jordan Weems,OAK,RP,0,0,5,0,0,4.1,2,3,3,1,3,4,16,6.23,0.133,1.15,3.2,11.643695682632897
Edwin Uceta,LAD,SP,0,1,2,1,0,4.1,4,2,2,1,2,3,16,4.15,0.267,1.39,8.0,11.41228711566839
Tommy Hunter,NYM,RP,0,0,2,1,0,4.0,2,0,0,0,0,1,15,0.0,0.154,0.5,7.5,11.669347014063534
Derek Holland,DET,RP,0,1,8,1,0,9.0,16,13,13,2,6,9,15,13.0,0.364,2.44,1.875,10.861984508504106
Nick Ramirez,SD,RP,0,0,5,0,0,7.0,9,6,6,2,1,4,15,7.71,0.31,1.43,3.0,7.430663270719332
Zack Godley,MIL,SP,0,1,1,1,0,3.0,1,4,3,0,5,5,15,9.0,0.1,2.0,15.0,12.927682919167617
Adam Kolarek,OAK,RP,0,0,10,0,0,7.0,10,6,5,2,2,3,15,6.43,0.303,1.71,1.5,8.253002431063248
Zack Burdi,CHW,RP,0,0,1,0,0,3.0,3,2,1,1,1,3,15,3.0,0.273,1.33,15.0,10.440404186037266
Reyes Moronta,SF,RP,0,0,4,0,0,4.0,1,1,1,1,0,2,15,2.25,0.077,0.25,3.75,10.483331408981792
Ranger Suárez,PHI,RP,0,0,1,0,0,2.0,2,0,0,0,1,3,15,0.0,0.28600000000000003,1.5,15.0,11.67052189922511
Nivaldo Rodriguez,HOU,SP,0,0,1,0,0,3.0,2,1,1,1,2,3,15,3.0,0.2,1.33,15.0,11.991482291448907
Lucas Gilbreath,COL,SP,0,0,3,0,0,4.0,5,3,3,2,1,4,15,6.75,0.312,1.5,5.0,8.074681622633443
Jordan Yamamoto,NYM,SP,1,0,1,0,0,2.2,4,1,1,0,0,1,14,3.38,0.364,1.5,14.0,8.547785117965221
Sean Poppen,PIT,RP,0,0,3,0,0,4.2,11,7,4,1,2,4,14,7.71,0.478,2.79,4.666666666666667,7.029008994093295
Brent Honeywell Jr.,TB,RP,0,0,3,2,0,4.1,5,4,4,2,3,4,13,8.31,0.278,1.85,4.333333333333333,10.176436240461792
Seth Elledge,STL,RP,0,0,2,0,0,2.1,3,0,0,0,0,2,13,0.0,0.3,1.29,6.5,10.23959913427476
Miguel Yajure,PIT,SP,0,1,1,1,0,4.1,4,4,4,2,2,4,13,8.31,0.25,1.39,13.0,9.555023980843918
Will Harris,WSH,RP,0,0,2,0,0,2.0,1,1,1,0,2,3,12,4.5,0.125,1.5,6.0,10.824116938981655
Archie Bradley,PHI,RP,0,1,4,0,0,3.0,4,2,2,0,1,3,12,6.0,0.308,1.67,3.0,8.02017371115955
Tyler Webb,STL,RP,0,0,13,0,0,9.0,9,13,13,1,11,8,12,13.0,0.25,2.22,0.9230769230769232,17.800683495915763
Albert Abreu,NYY,SP,0,0,2,0,0,2.0,0,1,1,0,2,3,12,4.5,0.0,1.0,6.0,11.604518442716598
Matt Bush,TEX,RP,0,0,3,0,0,3.0,4,3,3,3,1,4,12,9.0,0.308,1.67,4.0,6.6594124148453915
Ryne Harper,WSH,RP,0,0,2,0,0,3.0,2,1,1,0,1,2,12,3.0,0.2,1.0,6.0,10.774059570043379
Peter Solomon,HOU,SP,0,0,2,0,0,2.0,1,0,0,0,1,2,12,0.0,0.14300000000000002,1.0,6.0,12.224528775811104
Trevor Megill,CHC,RP,0,0,2,0,0,2.0,2,0,0,0,1,2,12,0.0,0.25,1.5,6.0,11.444127272076154
Kyle Nelson,CLE,RP,0,0,2,0,0,2.0,0,0,0,0,1,2,12,0.0,0.0,0.5,6.0,13.004930279546047
Alex Vesia,LAD,RP,0,1,2,0,0,3.0,1,5,3,1,4,4,12,9.0,0.091,1.67,6.0,11.461586899945665
Kyle Ryan,CHC,RP,0,0,3,0,0,2.2,5,1,1,0,2,2,11,3.38,0.385,2.63,3.6666666666666665,9.370195391096754
Anthony Swarzak,ARI,RP,0,1,6,0,0,4.2,7,5,5,1,1,4,11,9.64,0.35,1.71,1.8333333333333333,5.872483619974429
James Hoyt,LAA,RP,0,0,2,0,0,1.2,1,0,0,0,3,2,11,0.0,0.16699999999999998,2.4,5.5,13.07776587951537
Chris Mazza,TB,RP,0,0,6,0,0,11.2,16,11,11,1,4,3,11,8.49,0.3720000000000001,1.71,1.8333333333333333,11.005430902980711
J.T. Chargois,SEA,RP,0,0,1,0,0,1.1,0,0,0,0,0,2,10,0.0,0.0,0.0,10.0,12.377272935570682
Ryan Castellani,COL,SP,0,0,1,1,0,3.1,5,2,2,1,4,2,10,5.4,0.417,2.7,10.0,11.828053938870797
Elieser Hernandez,MIA,SP,0,0,1,1,0,2.1,2,2,2,1,0,3,10,7.71,0.222,0.86,10.0,7.503505553064255
Enoli Paredes,HOU,SP,0,0,3,0,0,1.1,2,1,0,0,6,2,10,0.0,0.4,6.0,3.333333333333333,11.905785507897493
A.J. Cole,TOR,RP,0,0,1,0,0,2.0,0,0,0,0,0,1,9,0.0,0.0,0.0,9.0,12.351678965797065
Domingo Tapia,SEA,RP,0,0,2,0,0,2.0,4,0,0,0,1,1,9,0.0,0.4,2.5,4.5,9.819096028441622
Kyle Funkhouser,DET,SP,0,0,1,0,0,2.0,1,1,0,0,1,1,9,0.0,0.125,1.0,9.0,12.302979797522775
Brad Wieck,CHC,RP,0,0,1,0,0,1.0,1,0,0,0,1,2,9,0.0,0.25,2.0,9.0,10.806767545869379
Luis Madero,MIA,SP,0,0,1,0,0,2.0,1,0,0,0,1,1,9,0.0,0.14300000000000002,1.0,9.0,12.32246693063079
James Paxton,SEA,SP,0,0,1,1,0,1.1,0,1,1,0,1,2,7,6.75,0.0,0.75,7.0,9.613164068673926
Derek Law,MIN,RP,0,0,1,0,0,1.1,3,1,1,0,3,2,7,6.75,0.429,4.5,7.0,6.666804479497097
Trevor Hildenberger,NYM,RP,0,0,2,0,0,2.1,3,4,4,1,3,4,7,15.43,0.3,2.57,3.5,5.333154363119213
Dan Altavilla,SD,RP,0,0,2,0,0,1.1,1,1,1,1,0,2,7,6.75,0.2,0.75,3.5,7.711672026895451
Jay Flaa,BAL,RP,0,0,1,0,0,1.1,0,0,0,0,2,1,7,0.0,0.0,1.5,7.0,13.046923307408727
Luis Avilán,WSH,RP,0,1,4,0,0,5.0,7,7,7,1,3,4,6,12.6,0.333,2.0,1.5,7.3500687390123804
Luke Farrell,MIN,RP,0,0,1,0,0,1.0,0,0,0,0,2,1,6,0.0,0.0,2.0,6.0,12.27413028200838
Bailey Falter,PHI,SP,0,0,1,0,0,2.0,4,2,2,1,0,2,6,9.0,0.444,2.0,6.0,4.841190617678459
Edgar Santana,ATL,RP,0,0,4,0,0,3.0,4,2,2,1,2,1,6,6.0,0.333,2.0,1.5,8.84143886210155
Louis Head,TB,RP,0,0,3,0,0,4.0,4,3,3,0,2,1,6,6.75,0.28600000000000003,1.5,2.0,9.456490858878945
Alex McRae,CHW,RP,0,0,1,0,0,1.0,0,0,0,0,1,1,6,0.0,0.0,1.0,6.0,12.29144114257438
Eduard Bazardo,BOS,RP,0,0,1,0,0,1.0,0,0,0,0,2,1,6,0.0,0.0,2.0,6.0,12.27413028200838
Chris Martin,ATL,RP,0,1,2,0,0,1.2,4,1,1,0,1,1,5,5.4,0.444,3.0,2.5,6.401130329960958
Reymin Guduan,OAK,RP,0,0,6,0,0,7.2,13,9,9,1,4,3,5,10.57,0.419,2.22,0.8333333333333334,9.092930797600218
Wyatt Mills,SEA,RP,0,0,4,0,0,3.2,5,4,4,1,3,2,5,9.82,0.333,2.18,1.25,8.249623883810667
Jesse Hahn,KC,RP,0,0,5,0,1,3.1,5,5,5,2,4,3,4,13.5,0.35700000000000004,2.7,0.8,7.0288699203377
Jake Newberry,KC,RP,0,0,4,0,0,4.1,10,8,8,2,3,5,4,16.62,0.476,3.0,1.0,3.7593580832262194
Ramón Rosso,PHI,SP,0,0,1,0,0,1.1,1,0,0,0,0,0,4,0.0,0.25,0.75,4.0,11.084164794939122
Dellin Betances,NYM,RP,0,0,1,0,0,1.0,0,1,1,0,1,1,3,9.0,0.0,1.0,3.0,7.872607957795681
Mike Kickham,LAD,RP,0,0,1,0,0,2.0,5,3,3,1,1,2,3,13.5,0.5,3.0,3.0,2.596149040949415
Geoff Hartlieb,PIT,RP,0,0,1,0,0,2.0,2,3,3,0,3,2,3,13.5,0.28600000000000003,2.5,3.0,6.461183975509508
Brooks Kriske,NYY,RP,0,0,1,0,0,1.0,1,1,1,1,2,1,3,9.0,0.25,3.0,3.0,6.284943778142173
Joakim Soria,ARI,RP,0,0,4,0,0,3.2,7,4,4,1,2,1,2,9.82,0.389,2.46,0.5,6.211543316426725
Chaz Roe,TB,RP,0,0,1,0,0,0.2,1,2,2,0,1,2,2,27.0,0.333,3.0,2.0,-4.008248338514532
Jordan Zimmermann,MIL,SP,0,0,2,0,0,5.2,8,5,5,1,2,0,2,7.94,0.348,1.77,1.0,8.513671135301912
Zac Lowther,BAL,SP,0,1,2,1,0,3.1,8,7,7,1,2,4,1,18.9,0.444,3.0,0.5,1.6263267531307068
