Name,Team,Pos,GMS,AB,R,H,2B,3B,HR,RBI,BB,SO,SB,CS,TB,AVG,OBP,SLG,OPS,ISO,PTS,FPPG,Projected_FPPG
Vladimir Guerrero Jr.,TOR,1B,58,206,44,69,11,1,18,47,36,37,1,0,136,0.335,0.441,0.66,1.101,0.325,839.3,14.470689655172412,11.312515716859252
Ronald Acuña Jr.,ATL,OF,54,198,48,57,10,1,18,38,33,50,11,4,123,0.28800000000000003,0.395,0.621,1.016,0.33299999999999996,832.6,15.41851851851852,11.245293445009363
Shohei Ohtani,LAA,OF,59,203,40,53,13,3,17,44,24,68,9,3,123,0.261,0.34600000000000003,0.606,0.952,0.345,786.0,13.322033898305087,10.53782893566692
Rafael Devers,BOS,3B,58,218,39,59,18,0,15,48,21,65,3,4,122,0.271,0.34,0.56,0.9,0.289,748.8,12.910344827586204,9.96618169700337
Austin Meadows,TB,OF,57,214,37,52,16,1,14,48,32,62,2,0,112,0.243,0.34700000000000003,0.523,0.87,0.28,739.4,12.971929824561405,9.867344645220383
Jesse Winker,CIN,OF,51,205,44,71,10,1,17,37,19,41,0,0,134,0.34600000000000003,0.407,0.654,1.061,0.308,735.3,14.417647058823528,10.852754980784386
Fernando Tatis Jr.,SD,SS,45,162,41,46,9,0,17,39,23,49,13,2,106,0.284,0.365,0.654,1.019,0.37,732.7,16.282222222222227,11.443213399032224
Marcus Semien,TOR,SS,58,233,39,68,13,1,13,32,25,64,8,0,122,0.292,0.362,0.524,0.8859999999999999,0.23199999999999998,728.8,12.565517241379311,9.560617170516938
Kris Bryant,CHC,3B,57,212,40,65,16,1,13,38,24,56,3,2,122,0.307,0.383,0.575,0.958,0.268,726.0,12.73684210526316,9.96583560361195
Mark Canha,OAK,OF,60,220,47,56,10,2,11,23,34,56,7,1,103,0.255,0.382,0.468,0.85,0.213,719.9,11.998333333333333,9.251205634348727
José Ramírez,CLE,3B,58,207,41,57,14,1,14,35,25,32,6,2,115,0.275,0.35700000000000004,0.556,0.913,0.281,718.7,12.391379310344828,9.62800575886807
J.D. Martinez,BOS,OF,55,213,41,68,16,0,12,39,23,51,0,0,120,0.319,0.387,0.563,0.95,0.244,699.7,12.721818181818184,9.851726630678602
Bo Bichette,TOR,SS,58,236,46,63,13,1,11,34,16,65,7,0,111,0.267,0.318,0.47,0.7879999999999999,0.203,695.2,11.986206896551723,9.055876620758466
Matt Olson,OAK,1B,56,201,38,55,14,0,15,40,26,39,0,1,114,0.274,0.363,0.5670000000000001,0.93,0.293,693.6,12.385714285714286,9.776374722031495
Nick Castellanos,CIN,OF,53,213,37,76,19,1,12,31,18,45,1,1,133,0.35700000000000004,0.412,0.624,1.036,0.267,691.9,13.054716981132074,10.092944966952908
Whit Merrifield,KC,2B,59,227,38,61,14,1,5,36,19,28,17,1,92,0.269,0.325,0.405,0.73,0.136,691.6,11.722033898305087,8.308363220969381
Max Muncy,LAD,1B,57,187,39,50,7,1,13,31,45,49,1,0,98,0.267,0.422,0.524,0.946,0.257,683.3,11.987719298245613,9.779757100194189
Cedric Mullins,BAL,OF,60,231,33,75,17,3,9,19,26,45,9,4,125,0.325,0.394,0.541,0.935,0.21600000000000003,682.1,11.368333333333334,8.935938696257736
Xander Bogaerts,BOS,SS,58,218,34,70,16,0,10,36,20,46,4,0,116,0.321,0.38,0.532,0.912,0.21100000000000002,672.8,11.6,9.184766904461432
Trea Turner,WSH,SS,57,231,31,72,11,0,10,30,14,52,13,2,113,0.312,0.35600000000000004,0.489,0.845,0.177,672.2,11.79298245614035,8.857089936196495
Chris Taylor,LAD,OF,55,186,45,51,8,3,8,33,30,55,6,0,89,0.274,0.392,0.478,0.87,0.204,670.5,12.190909090909093,9.417722412340952
Ozzie Albies,ATL,2B,56,214,36,54,19,3,9,37,22,40,5,1,106,0.252,0.329,0.495,0.8240000000000001,0.243,667.7,11.923214285714286,8.949624217511976
Mitch Haniger,SEA,OF,59,235,39,60,15,1,14,38,17,61,0,0,119,0.255,0.302,0.506,0.8079999999999999,0.251,665.8,11.284745762711866,8.906926576442032
Carlos Correa,HOU,SS,57,219,39,63,14,0,11,34,29,38,0,0,110,0.28800000000000003,0.3720000000000001,0.502,0.8740000000000001,0.214,663.8,11.645614035087716,9.06319957084283
Jared Walsh,LAA,1B,59,209,30,62,13,1,13,40,19,59,2,0,116,0.297,0.362,0.555,0.917,0.258,662.0,11.220338983050848,9.31969178387012
Trey Mancini,BAL,1B,58,221,33,61,13,0,11,45,23,54,0,0,107,0.276,0.348,0.484,0.8320000000000001,0.20800000000000002,659.1,11.363793103448277,8.945981648593165
Aaron Judge,NYY,OF,58,204,32,59,7,0,14,34,35,59,0,0,108,0.289,0.394,0.529,0.923,0.24,653.4,11.26551724137931,9.350233748425598
Kyle Tucker,HOU,OF,59,218,38,56,12,1,11,37,20,39,5,0,103,0.257,0.317,0.472,0.789,0.215,653.1,11.069491525423727,8.589783112187158
Freddie Freeman,ATL,1B,57,210,38,48,6,0,13,32,39,43,3,1,93,0.229,0.35200000000000004,0.443,0.795,0.214,650.6,11.4140350877193,8.807720392024159
Nolan Arenado,STL,3B,60,234,30,66,19,1,11,40,15,35,0,0,120,0.282,0.328,0.513,0.841,0.231,647.0,10.783333333333333,8.58334043526624
Adolis García,TEX,OF,52,199,29,55,4,1,16,43,10,58,7,4,109,0.276,0.313,0.5479999999999999,0.861,0.272,645.3,12.409615384615385,9.4080172593848
Yuli Gurriel,HOU,1B,55,201,27,67,16,0,8,42,27,21,1,1,107,0.333,0.406,0.532,0.938,0.19899999999999998,644.4,11.716363636363635,9.069140944656287
Brandon Crawford,SF,SS,52,167,35,45,9,0,14,41,23,45,3,0,96,0.269,0.363,0.575,0.938,0.306,636.5,12.240384615384615,9.972838392250477
Carlos Santana,KC,1B,59,200,34,48,4,0,10,36,43,36,2,0,82,0.24,0.376,0.41,0.7859999999999999,0.17,630.8,10.691525423728812,8.39471694878699
Eduardo Escobar,ARI,3B,60,238,33,57,8,1,14,41,16,58,1,0,109,0.239,0.28600000000000003,0.458,0.7440000000000001,0.21899999999999997,630.1,10.501666666666667,8.379139339669447
Rhys Hoskins,PHI,1B,59,222,33,57,14,0,12,35,20,67,2,0,107,0.257,0.325,0.482,0.807,0.225,630.1,10.679661016949153,8.68023224025484
Randy Arozarena,TB,OF,58,225,39,57,10,0,7,27,25,72,9,2,88,0.253,0.34,0.391,0.731,0.138,627.3,10.815517241379311,8.293872275366933
Bryan Reynolds,PIT,OF,57,206,35,59,17,0,9,28,31,52,0,1,103,0.28600000000000003,0.388,0.5,0.888,0.214,621.0,10.894736842105265,8.901853315811667
Ryan McMahon,COL,2B,60,218,37,55,12,0,13,33,17,56,3,1,106,0.252,0.304,0.486,0.79,0.23399999999999999,620.9,10.348333333333333,8.485282786397114
Javier Báez,CHC,SS,54,204,32,49,5,1,14,39,7,80,9,1,98,0.24,0.276,0.48,0.7559999999999999,0.24,619.9,11.479629629629631,8.806140997334325
José Abreu,CHW,1B,55,198,28,50,7,1,11,46,22,58,1,0,92,0.253,0.338,0.465,0.8029999999999999,0.212,616.6,11.210909090909093,8.770818917077317
Adam Frazier,PIT,2B,58,233,35,77,21,3,2,24,20,28,3,4,110,0.33,0.391,0.472,0.863,0.142,616.0,10.620689655172416,8.176545855682065
Randal Grichuk,TOR,OF,58,220,28,61,14,0,12,43,10,49,0,2,111,0.277,0.31,0.505,0.815,0.228,606.1,10.45,8.480634868805828
Joey Gallo,TEX,OF,59,195,32,41,5,0,11,27,46,79,4,0,79,0.21,0.369,0.405,0.774,0.195,604.9,10.252542372881356,8.496853087887215
Salvador Perez,KC,C,59,230,26,64,11,0,14,40,6,60,0,0,117,0.278,0.307,0.509,0.816,0.231,604.2,10.240677966101694,8.483927703504957
Yoán Moncada,CHW,3B,58,202,30,59,12,0,5,30,40,69,1,1,86,0.292,0.419,0.426,0.845,0.134,600.0,10.344827586206897,8.438093408645017
Justin Turner,LAD,3B,57,207,37,55,10,0,9,30,31,48,0,0,92,0.266,0.361,0.444,0.805,0.17800000000000002,595.4,10.445614035087717,8.387190182190261
Jesús Aguilar,MIA,1B,58,204,23,55,10,0,12,46,18,40,0,0,101,0.27,0.32299999999999995,0.495,0.818,0.225,594.6,10.251724137931037,8.383116875805694
Robbie Grossman,DET,OF,57,206,29,48,11,2,6,25,38,60,8,2,81,0.233,0.353,0.393,0.746,0.16,594.3,10.426315789473684,7.992606718364371
Tommy Edman,STL,SS,61,255,33,68,14,2,4,18,16,32,12,2,98,0.267,0.316,0.384,0.7,0.11699999999999999,591.6,9.698360655737703,7.3819407787791524
Isiah Kiner-Falefa,TEX,3B,62,247,33,72,11,2,5,23,8,42,10,1,102,0.29100000000000004,0.326,0.413,0.7390000000000001,0.122,591.1,9.533870967741935,7.58174766188604
Austin Riley,ATL,OF,57,192,32,60,10,0,11,27,22,63,0,0,103,0.312,0.395,0.536,0.931,0.22399999999999998,589.9,10.349122807017544,9.009860225854492
José Altuve,HOU,2B,49,202,39,60,6,0,9,27,24,34,2,1,93,0.297,0.368,0.46,0.828,0.163,585.3,11.944897959183672,8.662798257191767
Manny Machado,SD,3B,55,200,28,47,8,2,8,36,28,43,6,3,83,0.235,0.325,0.415,0.74,0.18,584.6,10.629090909090909,8.051032492530911
Alex Verdugo,BOS,OF,56,209,36,61,11,1,8,26,18,28,4,0,98,0.292,0.35100000000000003,0.469,0.82,0.177,584.2,10.43214285714286,8.230845293304109
Nate Lowe,TEX,1B,62,224,27,54,7,0,8,31,35,74,4,0,85,0.241,0.345,0.379,0.7240000000000001,0.138,581.9,9.38548387096774,7.776010209097169
Mookie Betts,LAD,OF,50,199,32,51,18,2,5,21,29,36,5,3,88,0.256,0.369,0.442,0.8109999999999999,0.18600000000000003,577.9,11.558,8.403000098111571
Kyle Seager,SEA,3B,62,229,23,49,14,1,11,36,21,62,2,0,98,0.214,0.285,0.428,0.713,0.214,577.6,9.316129032258065,7.732013822898474
Nick Solak,TEX,2B,62,232,36,55,10,2,8,26,16,68,2,1,93,0.237,0.31,0.401,0.711,0.16399999999999998,572.2,9.229032258064516,7.689054727796559
Paul Goldschmidt,STL,1B,59,227,33,57,12,1,7,29,22,57,3,0,92,0.251,0.319,0.405,0.7240000000000001,0.154,570.1,9.662711864406779,7.769645900454933
Jake Cronenworth,SD,SS,62,236,38,66,13,1,5,18,21,36,3,1,96,0.28,0.34700000000000003,0.407,0.754,0.127,565.6,9.122580645161289,7.470556568772504
Ramón Laureano,OAK,OF,48,183,30,47,8,2,11,22,17,55,8,3,92,0.257,0.332,0.503,0.835,0.24600000000000002,560.0,11.666666666666664,8.824895158884642
Avisaíl García,MIL,OF,54,186,29,46,6,0,12,34,16,53,4,2,88,0.247,0.319,0.473,0.792,0.226,559.8,10.366666666666664,8.425558447971307
Alex Bregman,HOU,3B,52,203,33,58,12,0,6,29,27,35,0,0,88,0.28600000000000003,0.375,0.433,0.8079999999999999,0.147,558.1,10.732692307692307,8.230622257471984
Andrew McCutchen,PHI,OF,54,192,27,43,7,1,10,29,33,59,3,0,82,0.224,0.335,0.4270000000000001,0.762,0.203,553.9,10.257407407407406,8.17522864137472
Joey Wendle,TB,2B,56,182,35,51,16,1,6,27,13,42,4,4,87,0.28,0.343,0.478,0.821,0.198,545.5,9.741071428571429,8.123308116045504
Justin Upton,LAA,OF,52,180,29,41,7,0,14,29,22,63,2,1,90,0.228,0.312,0.5,0.812,0.272,545.3,10.486538461538462,8.684041586797454
Dylan Carlson,STL,OF,59,210,31,57,10,2,6,26,25,58,0,0,89,0.271,0.354,0.424,0.778,0.153,544.2,9.223728813559324,7.7444244795080905
Raimel Tapia,COL,OF,59,222,29,62,10,0,5,31,17,33,5,3,87,0.279,0.328,0.392,0.72,0.113,543.3,9.208474576271186,7.316160739025248
Anthony Rizzo,CHC,1B,54,191,26,51,12,2,6,26,26,26,4,0,85,0.267,0.362,0.445,0.807,0.17800000000000002,543.2,10.05925925925926,7.946488612748795
Tyler Naquin,CIN,OF,52,170,20,44,9,0,11,38,16,47,4,1,86,0.259,0.333,0.506,0.8390000000000001,0.247,539.0,10.365384615384617,8.58403387413574
Tim Anderson,CHW,SS,47,196,34,59,8,0,6,23,10,51,10,5,85,0.301,0.337,0.434,0.7709999999999999,0.133,537.3,11.43191489361702,8.161654948319955
Andrew Benintendi,KC,OF,55,201,27,58,6,1,6,29,17,41,7,6,84,0.289,0.344,0.418,0.762,0.129,535.9,9.743636363636364,7.624191009199202
Pavin Smith,ARI,1B,59,216,34,63,13,3,5,21,16,37,1,0,97,0.292,0.345,0.449,0.794,0.157,533.3,9.038983050847456,7.585553983664767
Garrett Hampson,COL,2B,58,197,33,48,13,4,5,16,16,50,11,2,84,0.244,0.301,0.426,0.727,0.182,530.6,9.148275862068964,7.406465356642603
Brandon Lowe,TB,2B,57,203,31,39,6,0,10,25,28,73,3,1,75,0.192,0.304,0.369,0.6729999999999999,0.177,528.7,9.275438596491231,7.620148510572224
Yordan Alvarez,HOU,OF,47,183,32,54,13,1,8,30,8,52,0,0,93,0.295,0.342,0.508,0.85,0.213,528.4,11.24255319148936,8.707552498946974
Evan Longoria,SF,3B,50,161,28,45,11,0,9,30,25,42,1,1,83,0.28,0.376,0.516,0.892,0.23600000000000002,524.6,10.492,8.840724336509462
Dansby Swanson,ATL,SS,58,214,25,50,12,1,10,27,15,65,2,3,94,0.234,0.289,0.439,0.728,0.205,522.5,9.00862068965517,7.559580413867397
Willson Contreras,CHC,C,55,184,29,45,5,0,10,25,22,60,3,2,80,0.245,0.341,0.435,0.7759999999999999,0.19,522.3,9.496363636363636,7.991591775453052
Eugenio Suárez,CIN,3B,57,219,31,35,7,0,13,30,19,75,0,0,81,0.16,0.235,0.37,0.605,0.21,513.2,9.003508771929825,7.396158267146851
Cesar Hernández,CLE,2B,57,223,33,49,8,1,9,20,25,51,0,0,86,0.22,0.3,0.386,0.6859999999999999,0.166,511.6,8.975438596491227,7.3563285841837285
Juan Soto,WSH,OF,47,161,29,45,4,1,7,25,36,29,1,4,72,0.28,0.409,0.447,0.856,0.16699999999999998,510.3,10.85744680851064,8.411533022343589
Nelson Cruz,MIN,OF,51,175,27,49,7,1,10,25,19,40,1,0,88,0.28,0.355,0.503,0.858,0.223,509.9,9.998039215686276,8.386660263721552
Charlie Blackmon,COL,OF,57,186,24,51,12,1,4,32,24,27,0,0,77,0.274,0.375,0.414,0.789,0.14,509.8,8.943859649122807,7.5244647493464605
Freddy Galvis,BAL,SS,55,189,31,49,11,1,9,23,17,44,1,0,89,0.259,0.325,0.471,0.7959999999999999,0.212,509.7,9.267272727272726,7.906900714892071
Tyler O'Neill,STL,OF,42,147,26,41,9,0,13,29,5,53,5,1,89,0.279,0.314,0.605,0.919,0.326,505.7,12.04047619047619,9.53933619810858
Jorge Polanco,MIN,SS,55,202,29,48,13,1,6,24,20,40,3,1,81,0.238,0.308,0.401,0.7090000000000001,0.163,503.8,9.16,7.319670677772497
David Peralta,ARI,OF,58,211,25,52,12,5,4,30,18,39,1,1,86,0.246,0.306,0.408,0.7140000000000001,0.162,503.0,8.672413793103447,7.134852679610951
Trevor Story,COL,SS,50,184,26,47,12,2,5,23,18,46,8,4,78,0.255,0.322,0.424,0.746,0.16899999999999998,502.7,10.054,7.667769577618543
Ryan Mountcastle,BAL,OF,55,202,24,51,12,1,8,31,7,67,3,1,89,0.252,0.28,0.441,0.721,0.18899999999999997,497.3,9.041818181818183,7.513788328258965
Jed Lowrie,OAK,2B,58,203,27,51,15,0,4,28,25,47,0,0,78,0.251,0.333,0.384,0.7170000000000001,0.133,493.4,8.506896551724138,7.174028996495608
Jonathan Schoop,DET,2B,57,214,23,55,7,1,9,27,15,53,0,0,91,0.257,0.309,0.425,0.7340000000000001,0.168,492.1,8.633333333333333,7.348332778359417
Eric Hosmer,SD,1B,55,206,19,55,8,0,5,33,16,34,4,1,78,0.267,0.324,0.379,0.703,0.11199999999999999,488.3,8.878181818181819,7.076057839782405
Yermin Mercedes,CHW,C,56,196,20,57,7,1,7,31,17,36,0,1,87,0.29100000000000004,0.349,0.444,0.7929999999999999,0.153,487.5,8.705357142857142,7.463575105146251
Tommy Pham,SD,OF,59,171,23,38,3,2,4,19,38,43,9,2,57,0.222,0.366,0.333,0.6990000000000001,0.111,485.1,8.222033898305085,6.833856167883387
Manuel Margot,TB,OF,55,196,21,48,8,2,6,33,10,32,6,4,78,0.245,0.28,0.398,0.6779999999999999,0.153,482.7,8.776363636363635,6.929839894240694
Teoscar Hernández,TOR,OF,42,164,23,49,5,0,8,31,14,48,4,2,78,0.299,0.354,0.476,0.83,0.177,482.1,11.47857142857143,8.487759974522836
Buster Posey,SF,C,41,149,28,50,6,0,10,22,18,28,0,0,86,0.336,0.411,0.5770000000000001,0.988,0.24100000000000002,481.6,11.746341463414636,9.424705018446556
Josh Rojas,ARI,3B,57,190,29,48,12,1,7,17,22,56,2,0,83,0.253,0.329,0.4370000000000001,0.7659999999999999,0.184,479.3,8.408771929824562,7.445576065179578
Bryce Harper,PHI,OF,41,146,28,40,8,0,8,15,27,47,5,0,72,0.274,0.398,0.493,0.8909999999999999,0.21899999999999997,478.1,11.6609756097561,8.98527512929956
DJ LeMahieu,NYY,2B,57,227,33,58,7,0,3,15,27,46,2,0,74,0.256,0.335,0.326,0.6609999999999999,0.07,476.1,8.352631578947369,6.795809561682524
Eddie Rosario,CLE,OF,55,201,19,49,8,1,4,32,14,36,7,1,71,0.244,0.295,0.353,0.648,0.109,472.8,8.596363636363636,6.730424760074902
Pete Alonso,NYM,1B,44,157,27,40,7,0,9,28,19,41,0,0,74,0.255,0.343,0.471,0.8140000000000001,0.21600000000000003,472.4,10.736363636363636,8.403942275735437
J.P. Crawford,SEA,SS,61,209,26,57,14,0,3,21,20,39,2,2,80,0.273,0.336,0.383,0.7190000000000001,0.11,471.7,7.732786885245901,6.705167998128956
Miguel Rojas,MIA,SS,47,171,32,47,14,2,3,16,17,28,4,1,74,0.275,0.354,0.433,0.787,0.158,467.4,9.94468085106383,7.715672078993571
Jeimer Candelario,DET,3B,57,218,27,58,13,0,4,18,22,63,0,0,83,0.266,0.336,0.381,0.7170000000000001,0.115,467.4,8.2,7.0680434174985
J.T. Realmuto,PHI,C,43,136,22,40,8,1,6,24,23,39,4,2,68,0.294,0.41,0.5,0.91,0.20600000000000002,466.4,10.846511627906976,8.797193953376485
Matt Chapman,OAK,3B,61,204,22,42,6,2,5,24,33,78,1,0,67,0.206,0.31,0.328,0.638,0.122,463.4,7.5967213114754095,6.607700380074415
Nick Madrigal,CHW,2B,53,197,30,60,9,4,2,20,11,17,1,2,83,0.305,0.349,0.421,0.77,0.11599999999999999,463.0,8.735849056603774,7.083165084443201
Franmil Reyes,CLE,OF,40,144,21,37,9,2,11,29,12,48,1,0,83,0.257,0.316,0.5760000000000001,0.892,0.319,462.7,11.5675,9.168849977993087
Adam Duvall,MIA,OF,52,184,20,38,6,1,9,35,11,63,3,0,73,0.207,0.254,0.397,0.6509999999999999,0.19,459.5,8.836538461538463,7.186596448721458
Josh Donaldson,MIN,3B,47,163,25,41,11,0,7,22,26,30,0,0,73,0.252,0.35100000000000003,0.448,0.799,0.196,457.0,9.723404255319151,7.868575965792166
Mike Trout,LAA,OF,36,117,23,39,8,1,8,18,27,41,2,0,73,0.333,0.466,0.624,1.09,0.29100000000000004,454.6,12.627777777777776,10.433673443092163
Kyle Schwarber,WSH,OF,49,183,20,40,8,0,9,25,20,61,1,1,75,0.219,0.309,0.41,0.7190000000000001,0.191,454.5,9.275510204081634,7.575312443478238
Hunter Renfroe,BOS,OF,51,179,29,46,12,0,7,25,12,47,0,1,79,0.257,0.301,0.441,0.742,0.184,453.3,8.88823529411765,7.449935375772604
Jurickson Profar,SD,2B,56,184,29,41,6,1,1,17,28,36,9,1,52,0.223,0.329,0.28300000000000003,0.612,0.06,452.3,8.076785714285714,6.297030711767455
Maikel Franco,BAL,3B,57,221,19,46,14,0,7,31,13,35,0,0,81,0.208,0.251,0.3670000000000001,0.618,0.159,451.3,7.917543859649122,6.542907507489369
Will Smith,LAD,C,49,157,29,42,10,1,5,19,21,33,1,0,69,0.268,0.362,0.439,0.8009999999999999,0.171,447.3,9.128571428571428,7.679205798201874
Yandy Díaz,TB,3B,56,190,22,49,7,0,1,21,40,32,0,0,59,0.258,0.391,0.311,0.7020000000000001,0.053,446.9,7.980357142857143,6.590635016872513
Willy Adames,MIL,SS,57,188,22,40,8,1,8,26,18,68,1,2,74,0.213,0.282,0.394,0.6759999999999999,0.18100000000000002,443.4,7.778947368421052,6.930914836540518
Yasmani Grandal,CHW,C,42,114,28,18,2,0,9,21,46,43,0,0,47,0.158,0.395,0.412,0.807,0.254,442.1,10.526190476190477,8.726438018296145
Francisco Lindor,NYM,SS,52,195,30,42,7,1,5,13,24,37,4,1,66,0.215,0.305,0.338,0.643,0.12300000000000001,441.5,8.490384615384615,6.714113915751533
Gleyber Torres,NYY,SS,52,189,19,52,8,0,3,23,23,38,4,2,69,0.275,0.35200000000000004,0.365,0.7170000000000001,0.09,441.3,8.486538461538462,6.871983423062037
Amed Rosario,CLE,SS,51,176,28,45,5,4,4,18,15,37,5,0,70,0.256,0.318,0.398,0.716,0.142,440.6,8.639215686274511,7.042685464915859
Adam Eaton,CHW,OF,49,158,28,32,7,2,5,27,17,48,2,0,58,0.203,0.304,0.3670000000000001,0.6709999999999999,0.16399999999999998,439.1,8.961224489795919,7.194400399921598
Ty France,SEA,3B,52,188,25,46,14,0,3,21,18,40,0,0,69,0.245,0.335,0.3670000000000001,0.7020000000000001,0.122,438.5,8.432692307692307,6.950039841353323
Gio Urshela,NYY,3B,53,198,17,53,11,0,6,26,13,53,1,0,82,0.268,0.311,0.414,0.725,0.146,436.4,8.233962264150943,7.042192900455422
Luis Urías,MIL,2B,55,164,18,37,9,0,7,25,25,47,2,0,67,0.226,0.328,0.409,0.737,0.183,436.1,7.92909090909091,7.138628384773612
Sean Murphy,OAK,C,50,164,16,36,13,0,6,32,16,49,0,0,67,0.22,0.314,0.409,0.723,0.18899999999999997,433.2,8.664,7.34501685343293
Mike Yastrzemski,SF,OF,45,158,25,35,15,2,6,15,23,45,1,0,72,0.222,0.332,0.456,0.7879999999999999,0.23399999999999999,432.5,9.611111111111109,7.927343491502244
Trent Grisham,SD,OF,36,136,23,41,7,2,6,14,18,40,7,1,70,0.301,0.383,0.515,0.898,0.214,428.6,11.905555555555555,8.800445311522145
Jonathan India,CIN,3B,48,144,19,37,4,2,5,24,19,35,3,1,60,0.257,0.368,0.417,0.785,0.16,423.8,8.829166666666667,7.486119659919891
Michael A. Taylor,KC,OF,54,176,25,44,5,1,5,22,12,66,4,2,66,0.25,0.304,0.375,0.679,0.125,421.0,7.796296296296298,6.766439370256633
Wil Myers,SD,OF,52,164,19,40,7,0,6,23,20,45,4,3,65,0.244,0.324,0.396,0.72,0.152,420.3,8.082692307692309,6.956257906098121
Kolten Wong,MIL,2B,44,161,24,45,12,1,4,15,12,27,5,3,71,0.28,0.343,0.441,0.784,0.161,420.3,9.552272727272726,7.479941494257743
David Fletcher,LAA,3B,57,223,33,60,7,1,0,17,10,26,3,1,69,0.269,0.299,0.309,0.608,0.04,420.1,7.37017543859649,6.03943987381472
Marcell Ozuna,ATL,OF,48,188,21,40,6,0,7,26,19,46,0,0,67,0.213,0.28800000000000003,0.35600000000000004,0.644,0.14300000000000002,419.2,8.733333333333333,6.907455248464678
Miguel Sanó,MIN,3B,45,153,21,25,4,0,11,28,21,68,0,0,62,0.163,0.267,0.405,0.672,0.242,417.2,9.271111111111109,7.608014414619403
Josh Bell,WSH,1B,47,161,28,35,8,0,8,24,13,45,0,0,67,0.217,0.278,0.416,0.6940000000000001,0.19899999999999998,416.6,8.863829787234042,7.289615944217869
Alec Bohm,PHI,3B,58,210,23,45,7,0,4,26,14,63,3,0,64,0.214,0.259,0.305,0.564,0.091,416.6,7.182758620689657,6.089279268581781
Christian Vázquez,BOS,C,53,182,23,46,10,0,3,24,11,38,5,1,65,0.253,0.292,0.35700000000000004,0.649,0.10400000000000001,415.6,7.841509433962264,6.4070797365019905
Josh Fuentes,COL,3B,57,177,22,45,11,1,5,27,10,43,0,0,73,0.254,0.293,0.412,0.705,0.158,413.9,7.261403508771928,6.622132857604654
Gavin Lux,LAD,2B,50,176,24,42,6,2,5,25,13,45,1,1,67,0.239,0.292,0.381,0.6729999999999999,0.142,413.3,8.266,6.796500049925496
Jean Segura,PHI,SS,43,158,22,51,10,1,3,13,13,23,6,0,72,0.32299999999999995,0.379,0.456,0.835,0.133,412.9,9.602325581395347,7.6187492136435235
Jazz Chisholm,MIA,SS,37,138,20,37,5,1,7,16,11,51,9,2,65,0.268,0.333,0.471,0.804,0.203,411.0,11.108108108108109,8.174711202880902
Myles Straw,HOU,OF,57,192,21,46,7,1,0,19,21,42,7,4,55,0.24,0.318,0.28600000000000003,0.604,0.046,409.7,7.1877192982456135,5.852921688696869
Giancarlo Stanton,NYY,OF,42,160,16,41,6,0,9,24,17,52,0,0,74,0.256,0.328,0.462,0.79,0.20600000000000002,408.2,9.719047619047616,7.908053807362328
Corey Dickerson,MIA,OF,57,186,25,49,11,3,2,14,14,43,2,3,72,0.263,0.324,0.387,0.711,0.124,408.0,7.157894736842105,6.426401355720335
Mike Zunino,TB,C,41,124,22,25,4,0,12,25,14,54,0,0,65,0.202,0.298,0.524,0.8220000000000001,0.322,403.9,9.851219512195124,8.678656065701004
Michael Brantley,HOU,OF,42,171,26,52,15,1,3,15,10,22,0,1,78,0.304,0.344,0.456,0.8,0.152,402.7,9.58809523809524,7.472559936148546
Carson Kelly,ARI,C,41,122,19,33,4,0,7,23,25,33,0,0,58,0.27,0.403,0.475,0.878,0.205,402.3,9.812195121951222,8.417625655430538
Niko Goodrum,DET,3B,50,169,23,36,4,1,4,12,17,70,11,3,54,0.213,0.29100000000000004,0.32,0.611,0.107,400.6,8.012,6.434512060305068
Corey Seager,LAD,SS,37,147,20,39,7,2,4,22,19,29,1,0,62,0.265,0.361,0.422,0.7829999999999999,0.157,399.0,10.783783783783784,7.803863734776882
Yadier Molina,STL,C,41,148,18,41,11,0,7,27,9,33,0,0,73,0.277,0.314,0.493,0.807,0.21600000000000003,398.1,9.709756097560977,7.849588944454073
Jorge Soler,KC,OF,55,184,19,32,11,0,5,25,20,65,0,0,58,0.174,0.265,0.315,0.58,0.141,394.3,7.169090909090909,6.2106767861277845
Max Kepler,MIN,OF,37,132,20,28,9,2,5,22,16,28,5,0,56,0.212,0.303,0.424,0.727,0.212,393.0,10.62162162162162,7.638055506498659
Brandon Belt,SF,1B,41,118,21,29,4,0,8,21,22,46,2,1,57,0.246,0.366,0.483,0.8490000000000001,0.237,392.7,9.578048780487805,8.41084426921984
Lourdes Gurriel Jr.,TOR,OF,53,196,20,51,10,0,5,20,7,43,1,1,76,0.26,0.284,0.388,0.672,0.128,392.0,7.39622641509434,6.405318744020191
Travis Shaw,MIL,3B,55,177,14,34,8,0,6,28,19,50,0,0,60,0.192,0.28,0.339,0.619,0.147,388.8,7.069090909090908,6.257153998321221
C.J. Cron,COL,1B,46,143,22,37,7,1,5,18,20,43,0,0,61,0.259,0.365,0.4270000000000001,0.792,0.168,388.4,8.443478260869565,7.500976324943175
Josh Harrison,WSH,2B,47,170,18,45,7,0,4,18,14,24,2,3,64,0.265,0.34600000000000003,0.376,0.722,0.111,387.6,8.246808510638298,6.754244688678755
Kike Hernández,BOS,2B,47,177,28,41,10,1,5,13,12,46,1,0,68,0.232,0.28600000000000003,0.384,0.67,0.152,387.1,8.236170212765957,6.775048444466127
Josh Naylor,CLE,OF,53,184,22,47,11,0,5,15,11,39,1,0,73,0.255,0.305,0.397,0.7020000000000001,0.142,386.9,7.3,6.553239333408421
Tucker Barnhart,CIN,C,46,140,26,37,12,0,3,19,17,48,0,0,58,0.264,0.358,0.414,0.772,0.15,386.7,8.406521739130435,7.376943073883642
Joc Pederson,CHC,OF,46,160,20,38,4,2,6,21,15,50,0,2,64,0.238,0.313,0.4,0.713,0.162,386.5,8.402173913043477,7.035917003854346
Ian Happ,CHC,OF,49,162,20,31,5,0,7,16,26,55,1,1,57,0.191,0.314,0.35200000000000004,0.6659999999999999,0.161,384.0,7.83673469387755,6.801337114212075
Garrett Cooper,MIA,1B,52,165,17,41,7,1,5,22,16,52,0,1,65,0.248,0.326,0.394,0.72,0.146,383.4,7.373076923076923,6.75669753694122
Byron Buxton,MIN,OF,24,92,19,34,10,0,9,17,4,23,5,0,71,0.37,0.408,0.772,1.18,0.402,381.3,15.8875,11.460324039096816
Willi Castro,DET,SS,48,170,21,38,7,2,4,19,11,51,2,0,61,0.224,0.289,0.359,0.648,0.135,376.7,7.847916666666666,6.537467782439164
Dominic Smith,NYM,1B,50,173,14,45,7,0,4,20,15,48,2,1,64,0.26,0.33,0.37,0.7,0.11,375.8,7.516,6.549973891440551
Jacob Stallings,PIT,C,45,148,14,35,11,1,4,25,20,36,0,0,60,0.236,0.331,0.405,0.736,0.16899999999999998,375.3,8.34,7.089755767252529
Austin Slater,SF,OF,52,132,18,29,2,1,7,17,18,51,7,2,54,0.22,0.313,0.409,0.722,0.18899999999999997,375.1,7.213461538461538,6.848711062701762
Jonathan Villar,NYM,2B,48,141,21,34,5,1,5,14,17,38,6,4,56,0.241,0.327,0.397,0.7240000000000001,0.156,374.2,7.7958333333333325,6.818628014863371
José Iglesias,LAA,SS,48,177,22,47,6,0,5,18,6,30,2,1,68,0.266,0.297,0.384,0.6809999999999999,0.11800000000000001,373.4,7.779166666666666,6.497330798328345
Akil Baddoo,DET,OF,45,116,14,27,6,4,5,20,18,48,6,0,56,0.233,0.331,0.483,0.8140000000000001,0.25,372.8,8.284444444444443,7.775908101982001
Omar Narváez,MIL,C,42,130,18,41,7,0,6,17,15,26,0,0,66,0.315,0.4,0.508,0.908,0.193,372.1,8.859523809523811,8.132313077199925
Gary Sánchez,NYY,C,44,143,18,31,6,0,7,17,22,48,0,0,58,0.217,0.333,0.406,0.7390000000000001,0.18899999999999997,366.1,8.320454545454545,7.303396474158693
Gregory Polanco,PIT,OF,48,162,17,33,6,1,5,17,17,57,5,0,56,0.204,0.272,0.34600000000000003,0.618,0.142,362.9,7.560416666666666,6.3010005977064605
Andrew Vaughn,CHW,1B,46,148,22,34,12,0,5,15,15,46,0,0,61,0.23,0.312,0.412,0.7240000000000001,0.182,362.9,7.889130434782608,6.9925888249163215
Starlin Castro,WSH,2B,57,213,13,52,8,0,2,20,17,46,0,0,66,0.244,0.29600000000000004,0.31,0.606,0.066,360.6,6.326315789473685,5.686950152626996
Willie Calhoun,TEX,OF,44,160,18,41,7,1,5,15,16,20,0,2,65,0.256,0.328,0.406,0.7340000000000001,0.15,356.1,8.093181818181819,6.804095882070703
DJ Stewart,BAL,OF,46,131,19,30,5,0,6,19,21,37,0,0,53,0.229,0.344,0.405,0.7490000000000001,0.17600000000000002,355.3,7.723913043478261,7.125056355561611
Brad Miller,PHI,3B,47,117,20,33,3,1,6,19,12,43,3,0,56,0.282,0.349,0.479,0.828,0.19699999999999998,352.5,7.5,7.5204232775584625
Asdrúbal Cabrera,ARI,3B,38,117,18,33,9,0,4,19,19,26,1,0,54,0.282,0.381,0.462,0.843,0.18,352.1,9.265789473684213,7.865685734302653
Nicky Lopez,KC,2B,54,147,25,33,6,3,0,10,21,24,5,0,45,0.224,0.322,0.306,0.628,0.08199999999999999,346.0,6.407407407407407,5.602116812800242
Starling Marte,MIA,OF,25,91,21,31,6,1,4,11,14,23,6,2,51,0.341,0.44,0.56,1.0,0.21899999999999997,345.7,13.828,9.516103997170934
Mitch Garver,MIN,C,41,116,17,26,8,0,8,17,19,45,0,0,58,0.224,0.333,0.5,0.833,0.276,344.9,8.41219512195122,8.09839162775949
Victor Caratini,SD,C,46,126,18,28,5,0,4,22,17,42,2,0,45,0.222,0.327,0.35700000000000004,0.684,0.135,341.6,7.42608695652174,6.5902975394738625
Hunter Dozier,KC,3B,43,151,18,24,7,2,7,19,13,52,1,1,56,0.159,0.23,0.371,0.601,0.212,340.1,7.909302325581397,6.503368867882494
Bobby Dalbec,BOS,3B,49,162,13,30,8,1,6,24,10,65,1,0,58,0.185,0.237,0.358,0.595,0.17300000000000001,338.6,6.910204081632654,6.145150159595589
Dylan Moore,SEA,SS,41,119,14,20,7,0,5,19,16,43,8,1,42,0.168,0.27,0.353,0.623,0.185,336.3,8.202439024390246,6.551466859074113
Albert Pujols,LAD,1B,40,134,14,28,2,0,9,24,6,22,1,0,57,0.209,0.264,0.425,0.6890000000000001,0.21600000000000003,335.8,8.395,6.933821867715761
Anthony Rendon,LAA,3B,40,151,16,35,7,0,3,23,16,27,0,0,51,0.232,0.308,0.338,0.6459999999999999,0.106,335.7,8.3925,6.437508414470219
Alex Dickerson,SF,OF,51,133,17,30,3,1,6,22,10,31,1,0,53,0.226,0.295,0.398,0.693,0.172,335.4,6.576470588235294,6.350479030182839
Odúbel Herrera,PHI,OF,38,133,17,36,7,1,4,14,12,25,3,0,57,0.271,0.338,0.429,0.767,0.158,334.4,8.799999999999997,7.172192837495366
Austin Hays,BAL,OF,32,123,24,31,6,2,5,15,10,27,0,0,56,0.252,0.319,0.455,0.774,0.203,333.3,10.415625,7.722977854646095
Marwin Gonzalez,BOS,3B,50,166,17,33,12,0,2,15,13,43,2,0,51,0.199,0.28300000000000003,0.307,0.59,0.10800000000000001,331.9,6.638,5.7604270169438925
David Bote,CHC,3B,49,144,16,29,5,0,5,23,13,36,0,1,49,0.201,0.28,0.34,0.62,0.139,326.7,6.66734693877551,5.977620925994751
Leury García,CHW,OF,48,155,22,37,6,2,0,19,12,42,2,1,47,0.239,0.292,0.303,0.595,0.064,325.9,6.789583333333333,5.6646054567757655
Ha-Seong Kim,SD,SS,52,144,15,30,6,2,3,18,9,37,5,1,49,0.208,0.266,0.34,0.606,0.132,324.0,6.230769230769232,5.591007088813818
Clint Frazier,NYY,OF,51,152,15,29,5,0,5,11,24,50,2,0,49,0.191,0.309,0.322,0.631,0.131,323.5,6.3431372549019605,5.973011420178347
Seth Brown,OAK,OF,48,124,17,24,5,0,8,21,12,36,0,0,53,0.194,0.265,0.4270000000000001,0.6920000000000001,0.233,322.9,6.727083333333333,6.639551767096713
Paul DeJong,STL,SS,35,124,18,22,3,0,7,17,15,32,2,0,46,0.177,0.277,0.371,0.648,0.19399999999999998,318.1,9.088571428571427,6.9062303544733386
Miguel Cabrera,DET,1B,43,160,14,32,2,0,5,22,14,41,0,0,49,0.2,0.271,0.306,0.5770000000000001,0.106,316.8,7.367441860465116,5.9617426987473765
James McCann,NYM,C,45,149,12,34,4,0,6,21,12,45,0,0,56,0.228,0.28600000000000003,0.376,0.662,0.14800000000000002,315.9,7.02,6.331809534567462
Luis Arraez,MIN,2B,39,141,20,39,3,1,1,14,17,18,0,1,47,0.277,0.358,0.333,0.691,0.055999999999999994,311.0,7.9743589743589745,6.2854747577694
Dom Nuñez,COL,C,40,116,18,20,6,2,5,20,16,52,0,0,45,0.172,0.271,0.388,0.659,0.21600000000000003,310.6,7.7650000000000015,6.811790682159303
Brett Phillips,TB,OF,47,112,15,25,6,0,3,15,16,54,7,2,40,0.223,0.318,0.35700000000000004,0.675,0.134,310.5,6.6063829787234045,6.230157754480228
Jackie Bradley Jr.,MIL,OF,52,172,17,27,3,2,5,14,10,61,2,1,49,0.157,0.226,0.285,0.511,0.128,310.4,5.9692307692307685,5.335406832907143
Jordan Luplow,CLE,OF,36,98,12,17,5,0,7,20,21,31,0,2,43,0.173,0.331,0.439,0.77,0.266,306.4,8.511111111111111,7.770291371888296
Nick Ahmed,ARI,SS,51,167,14,38,12,1,1,9,14,49,3,1,55,0.228,0.29100000000000004,0.329,0.62,0.10099999999999999,304.3,5.966666666666668,5.5627958541749
Tyler Stephenson,CIN,C,46,123,19,32,6,0,3,13,16,27,0,0,47,0.26,0.359,0.382,0.741,0.122,304.3,6.6152173913043475,6.472831847167855
Andrelton Simmons,MIN,SS,45,151,17,39,5,0,2,13,17,30,0,0,50,0.258,0.337,0.331,0.6679999999999999,0.073,303.9,6.753333333333333,5.99467085788324
Colin Moran,PIT,3B,34,119,10,35,8,0,4,20,10,36,1,0,55,0.294,0.34600000000000003,0.462,0.8079999999999999,0.168,303.0,8.911764705882351,7.462003420411363
Kyle Lewis,SEA,OF,36,130,15,32,4,0,5,11,16,37,2,0,51,0.246,0.333,0.392,0.725,0.146,302.5,8.402777777777779,6.9321252747726305
Matt Beaty,LAD,1B,47,91,17,26,3,0,3,26,10,19,0,1,38,0.28600000000000003,0.381,0.418,0.799,0.132,301.4,6.412765957446807,6.814271278256924
Victor Robles,WSH,OF,47,136,15,30,9,1,0,6,17,39,6,3,41,0.221,0.338,0.301,0.639,0.08,300.0,6.382978723404255,5.692468554184139
Wilmer Flores,SF,2B,51,129,16,30,5,1,3,16,15,22,1,0,46,0.233,0.315,0.35700000000000004,0.672,0.124,299.2,5.866666666666666,5.76431945507473
Jon Berti,MIA,3B,52,133,19,25,6,1,2,10,19,36,4,3,39,0.188,0.292,0.293,0.585,0.105,296.8,5.707692307692307,5.266416572623719
Yan Gomes,WSH,C,37,132,16,34,5,1,5,17,4,22,0,0,56,0.258,0.29,0.424,0.7140000000000001,0.166,296.7,8.018918918918919,6.696789091683376
AJ Pollock,LAD,OF,36,107,15,29,6,0,4,19,8,26,2,0,47,0.271,0.328,0.439,0.767,0.168,294.5,8.180555555555555,7.116416016087593
Erik González,PIT,SS,54,181,14,39,6,0,2,17,8,30,2,0,51,0.215,0.249,0.282,0.531,0.067,293.3,5.431481481481482,4.899415916416172
Kyle Farmer,CIN,2B,56,150,14,31,4,0,4,17,8,28,1,2,47,0.207,0.273,0.313,0.586,0.106,293.3,5.2375,5.063054906527274
Aledmys Díaz,HOU,2B,34,115,14,32,9,0,3,18,5,19,0,1,50,0.278,0.341,0.435,0.7759999999999999,0.157,290.8,8.552941176470588,7.131917750462987
Yonathan Daza,COL,OF,51,140,11,46,5,1,1,13,10,30,2,0,56,0.329,0.371,0.4,0.7709999999999999,0.071,290.7,5.7,5.971838220824122
Darin Ruf,SF,1B,43,82,17,20,4,0,6,15,16,29,1,0,42,0.244,0.37,0.512,0.882,0.268,289.9,6.741860465116278,8.00705706802201
Anthony Santander,BAL,OF,33,123,14,34,10,0,4,16,5,31,0,0,56,0.276,0.308,0.455,0.763,0.179,289.8,8.781818181818181,7.139201478946892
Elvis Andrus,OAK,SS,59,189,14,40,9,1,0,8,13,35,4,2,51,0.212,0.26,0.27,0.53,0.057999999999999996,288.8,4.894915254237288,4.557828893699259
Mike Tauchman,SF,OF,46,121,18,23,4,0,3,12,20,40,3,3,36,0.19,0.31,0.298,0.608,0.10800000000000001,288.6,6.273913043478261,5.702237978952244
Billy McKinney,NYM,OF,51,127,14,27,6,2,5,12,11,34,2,0,52,0.213,0.273,0.409,0.682,0.196,287.8,5.643137254901961,5.931531736355568
Jason Heyward,CHC,OF,42,135,15,23,6,1,4,13,14,36,3,0,43,0.17,0.253,0.319,0.5720000000000001,0.149,285.5,6.797619047619048,5.750843485448426
Kevin Newman,PIT,SS,54,198,19,41,5,1,1,10,10,13,1,0,51,0.207,0.244,0.258,0.502,0.051,284.8,5.2740740740740755,4.665423027279839
Tony Kemp,OAK,2B,43,98,14,27,6,2,2,11,17,22,3,1,43,0.276,0.378,0.439,0.8170000000000001,0.163,284.3,6.611627906976745,6.9061129221599495
Taylor Ward,LAA,OF,32,98,16,22,3,0,6,18,8,30,1,1,43,0.224,0.3,0.439,0.7390000000000001,0.215,282.2,8.81875,7.314880690984146
Christian Yelich,MIL,OF,28,89,21,21,1,1,3,9,19,35,4,1,33,0.236,0.376,0.371,0.747,0.135,281.7,10.060714285714283,7.3957035888852705
Mitch Moreland,OAK,1B,40,118,14,29,4,0,5,17,10,30,0,0,48,0.246,0.305,0.407,0.7120000000000001,0.161,281.3,7.0325000000000015,6.516826133118321
Martín Maldonado,HOU,C,46,151,15,25,3,1,4,16,15,53,0,0,42,0.166,0.25,0.278,0.528,0.11199999999999999,281.0,6.108695652173912,5.398691967643065
Cavan Biggio,TOR,2B,39,127,14,26,3,1,3,11,20,47,2,1,40,0.205,0.315,0.315,0.63,0.11,278.3,7.135897435897436,6.083311290245024
Mauricio Dubón,SF,SS,54,129,13,30,6,0,4,17,6,30,2,1,48,0.233,0.268,0.3720000000000001,0.64,0.139,278.1,5.15,5.3052645461943975
Taylor Trammell,SEA,OF,34,108,17,20,6,0,5,14,12,48,2,2,41,0.185,0.273,0.38,0.653,0.195,277.4,8.158823529411764,6.718881944021147
Ketel Marte,ARI,2B,24,93,15,34,8,0,4,14,6,15,0,0,54,0.366,0.4,0.581,0.981,0.215,277.0,11.541666666666664,8.860812523978101
Ryan Zimmerman,WSH,1B,37,101,13,29,7,0,6,17,4,30,0,0,54,0.287,0.314,0.535,0.8490000000000001,0.248,275.1,7.435135135135137,7.631855910823512
Steven Duggar,SF,OF,34,85,16,26,6,1,4,14,8,32,2,0,46,0.306,0.366,0.541,0.907,0.235,274.2,8.064705882352941,8.194541019193215
Brian Anderson,MIA,3B,35,124,13,31,6,0,3,11,12,36,3,0,46,0.25,0.316,0.371,0.687,0.121,272.1,7.774285714285715,6.439151487117709
Daniel Vogelbach,MIL,1B,53,122,15,26,4,0,4,10,21,31,0,0,42,0.213,0.329,0.344,0.6729999999999999,0.131,272.0,5.132075471698113,5.624996566590873
William Contreras,ATL,C,27,87,14,21,1,1,6,19,9,32,0,0,42,0.241,0.32299999999999995,0.483,0.8059999999999999,0.242,270.3,10.011111111111113,8.00616069561311
Mike Brosseau,TB,2B,44,116,17,20,7,0,4,15,11,46,1,0,39,0.172,0.256,0.336,0.5920000000000001,0.16399999999999998,268.9,6.111363636363635,5.76663012058956
David Dahl,TEX,OF,42,144,16,30,7,0,4,12,6,41,1,1,49,0.208,0.242,0.34,0.5820000000000001,0.132,267.2,6.3619047619047615,5.589619985645385
Joey Votto,CIN,1B,30,108,9,24,6,0,5,17,13,25,0,0,45,0.222,0.311,0.417,0.728,0.195,265.3,8.843333333333334,7.094905962104565
Didi Gregorius,PHI,SS,32,118,10,27,4,0,4,22,5,26,1,0,43,0.229,0.266,0.364,0.63,0.135,265.0,8.28125,6.189838586378652
Chas McCormick,HOU,OF,35,76,17,15,3,0,5,19,9,27,2,0,33,0.197,0.28600000000000003,0.434,0.72,0.237,264.9,7.568571428571428,7.067412779597037
Lorenzo Cain,MIL,OF,31,103,17,23,4,0,3,9,14,24,4,1,36,0.223,0.322,0.35,0.672,0.127,262.9,8.480645161290322,6.509125524411781
Eric Haase,DET,C,20,72,15,20,3,1,8,13,5,27,0,0,49,0.278,0.333,0.6809999999999999,1.014,0.40299999999999997,258.5,12.925,10.107292433876315
Michael Conforto,NYM,OF,33,113,10,26,6,0,2,13,18,27,0,0,38,0.23,0.35600000000000004,0.336,0.6920000000000001,0.106,257.5,7.803030303030303,6.46000790239085
Jose Rojas,LAA,3B,43,121,18,23,12,0,3,8,8,35,2,0,44,0.19,0.246,0.364,0.61,0.174,256.6,5.967441860465118,5.687873707835937
Phillip Evans,PIT,3B,33,115,15,25,3,0,4,8,14,30,1,0,40,0.217,0.32299999999999995,0.348,0.6709999999999999,0.131,256.0,7.757575757575758,6.441630559657203
Harold Ramirez,CLE,OF,31,97,13,27,7,1,3,13,4,12,2,0,45,0.278,0.327,0.464,0.7909999999999999,0.18600000000000003,255.1,8.229032258064517,7.150323869466417
Guillermo Heredia,ATL,OF,31,101,17,26,11,0,2,11,10,33,0,0,43,0.257,0.33,0.426,0.7559999999999999,0.16899999999999998,254.9,8.22258064516129,7.071122935993926
Alex Kirilloff,MIN,OF,29,106,13,26,6,0,4,18,6,30,0,1,44,0.245,0.28300000000000003,0.415,0.698,0.17,254.6,8.779310344827586,6.761925919676504
Kyle Garlick,MIN,OF,36,99,17,23,8,0,5,10,6,32,1,0,46,0.232,0.28,0.465,0.745,0.233,254.4,7.066666666666666,6.937055220244701
Matt Duffy,CHC,3B,38,90,16,25,4,0,1,12,11,18,3,1,32,0.278,0.377,0.35600000000000004,0.733,0.078,252.2,6.636842105263157,6.239195853698692
Mike Moustakas,CIN,2B,28,87,15,21,5,0,4,13,12,18,0,0,38,0.241,0.337,0.4370000000000001,0.774,0.196,249.5,8.910714285714286,7.36865983075871
Charlie Culberson,TEX,OF,44,124,10,28,6,1,3,12,8,36,2,0,45,0.226,0.278,0.363,0.6409999999999999,0.13699999999999998,248.0,5.636363636363638,5.605530981382865
Stephen Piscotty,OAK,OF,46,120,11,26,6,0,4,11,11,31,1,0,44,0.217,0.28800000000000003,0.3670000000000001,0.655,0.15,247.7,5.3847826086956525,5.655774470424005
Nick Senzel,CIN,OF,36,111,18,29,4,1,1,8,12,16,2,5,38,0.261,0.331,0.342,0.6729999999999999,0.081,247.6,6.877777777777778,5.853066810770933
Aaron Hicks,NYY,OF,32,108,13,21,3,0,4,14,14,30,0,0,36,0.194,0.294,0.333,0.627,0.139,246.6,7.70625,6.201481057182411
Pedro Severino,BAL,C,41,142,12,34,5,0,2,8,15,35,0,0,45,0.239,0.312,0.317,0.629,0.078,246.4,6.0097560975609765,5.588696814474773
Rougned Odor,NYY,2B,35,114,13,21,4,0,5,13,10,32,0,0,40,0.184,0.268,0.35100000000000003,0.619,0.16699999999999998,246.1,7.031428571428571,6.104404969707748
Wilson Ramos,DET,C,35,120,12,24,5,0,6,13,6,29,0,0,47,0.2,0.238,0.392,0.63,0.192,242.9,6.94,6.098135916976794
Luis Robert,CHW,OF,25,95,11,30,9,1,1,8,7,28,4,1,44,0.316,0.359,0.463,0.8220000000000001,0.147,240.2,9.608,7.37586308412752
Kevin Kiermaier,TB,OF,42,127,19,26,5,1,1,6,9,43,3,1,36,0.205,0.263,0.28300000000000003,0.546,0.078,237.8,5.661904761904763,5.040632623790153
Tyrone Taylor,MIL,OF,36,87,8,19,3,0,6,15,6,22,1,1,40,0.218,0.306,0.46,0.7659999999999999,0.242,237.1,6.586111111111111,7.025820041535395
Tom Murphy,SEA,C,38,114,14,20,4,0,6,12,8,46,0,0,42,0.175,0.228,0.368,0.596,0.193,236.8,6.231578947368423,5.866582604732482
Matt Carpenter,STL,3B,54,96,11,17,5,0,3,13,16,35,1,0,31,0.177,0.31,0.32299999999999995,0.633,0.146,236.7,4.383333333333333,5.20024989949519
Ehire Adrianza,ATL,3B,43,92,13,21,4,1,3,17,9,20,0,0,36,0.228,0.28800000000000003,0.391,0.679,0.163,236.1,5.4906976744186045,5.8059557367393655
Christian Arroyo,BOS,3B,32,96,13,28,10,0,1,10,4,27,1,0,41,0.292,0.34600000000000003,0.4270000000000001,0.773,0.135,229.6,7.175,6.743199124713588
Jeff McNeil,NYM,OF,31,99,13,24,4,0,3,8,12,9,1,0,37,0.242,0.336,0.374,0.71,0.132,228.6,7.3741935483870975,6.4098789948518755
Donovan Solano,SF,SS,33,103,13,27,5,0,2,12,7,23,1,0,38,0.262,0.304,0.369,0.6729999999999999,0.107,227.6,6.8969696969696965,5.965426174103515
Eric Sogard,CHC,2B,55,117,15,28,3,1,1,10,8,22,2,0,36,0.239,0.28300000000000003,0.308,0.591,0.069,227.0,4.127272727272727,4.375326377364477
Jake Marisnick,CHC,OF,28,57,11,16,3,2,4,15,5,19,2,1,35,0.281,0.359,0.614,0.973,0.33299999999999996,225.7,8.060714285714285,9.051019079039014
Francisco Mejía,TB,C,31,99,9,25,6,0,3,13,6,19,0,0,40,0.253,0.318,0.404,0.722,0.151,224.3,7.235483870967742,6.495907990297082
Brett Gardner,NYY,OF,50,129,12,25,5,1,1,5,17,38,1,0,35,0.194,0.287,0.271,0.5579999999999999,0.077,220.9,4.418,4.5880185849622865
Stephen Vogt,ARI,C,36,90,8,17,5,1,4,14,12,26,0,0,36,0.189,0.284,0.4,0.684,0.21100000000000002,218.6,6.072222222222222,6.309480310639536
Patrick Wisdom,CHC,3B,15,40,11,15,2,0,8,12,4,15,1,0,41,0.375,0.4320000000000001,1.025,1.457,0.65,218.2,14.546666666666665,14.376287610258556
Justin Williams,STL,OF,51,119,10,19,0,0,4,11,17,46,0,1,31,0.16,0.27,0.261,0.531,0.10099999999999999,217.5,4.264705882352942,4.586318839233462
Trevor Larnach,MIN,OF,26,77,11,20,5,0,3,8,13,27,0,0,34,0.26,0.394,0.442,0.836,0.182,216.2,8.315384615384612,7.700304714950062
Austin Barnes,LAD,C,32,87,10,20,5,0,2,14,13,25,0,0,31,0.23,0.337,0.35600000000000004,0.693,0.126,216.0,6.75,6.28264549595888
Jose Trevino,TEX,C,44,134,12,32,3,0,2,11,4,31,0,0,41,0.239,0.257,0.306,0.563,0.067,211.9,4.8159090909090905,4.725538426923679
Kevin Pillar,NYM,OF,35,103,12,25,3,1,2,9,4,23,2,2,36,0.243,0.284,0.35,0.634,0.107,207.9,5.94,5.498696644542985
Nick Maton,PHI,SS,39,103,10,26,6,0,2,8,5,36,2,0,38,0.252,0.3,0.369,0.669,0.11699999999999999,207.0,5.307692307692308,5.6336909116603895
Edmundo Sosa,STL,SS,36,85,11,23,3,1,1,6,6,19,2,3,31,0.271,0.374,0.365,0.7390000000000001,0.094,203.2,5.644444444444443,6.046771650984704
Willians Astudillo,MIN,C,37,114,7,28,4,0,4,12,0,9,0,0,44,0.246,0.256,0.386,0.642,0.14,202.4,5.47027027027027,5.410256609557205
Zach McKinstry,LAD,2B,23,70,10,17,5,0,3,16,4,18,1,0,31,0.243,0.289,0.443,0.732,0.2,202.0,8.782608695652174,6.962321717797392
Nico Hoerner,CHC,SS,21,74,9,25,7,0,0,9,9,12,3,1,32,0.338,0.405,0.4320000000000001,0.8370000000000001,0.094,201.3,9.585714285714284,7.2337365328741665
Billy Hamilton,CHW,OF,36,69,13,15,3,2,2,10,3,23,5,0,28,0.217,0.247,0.406,0.653,0.18899999999999997,199.6,5.544444444444443,5.7209763023685465
Rowdy Tellez,TOR,1B,41,117,10,25,4,1,3,5,8,26,0,0,40,0.214,0.276,0.342,0.618,0.128,199.5,4.865853658536587,5.222081802115052
Danny Jansen,TOR,C,42,108,13,17,4,0,3,8,12,31,0,0,30,0.157,0.248,0.278,0.526,0.121,198.6,4.728571428571429,4.7667799948534295
Kyle Higashioka,NYY,C,29,76,10,14,4,0,5,9,10,24,0,0,33,0.184,0.279,0.434,0.713,0.25,192.5,6.637931034482759,6.817104115965042
Harrison Bader,STL,OF,22,73,8,16,2,0,4,9,9,13,3,1,30,0.219,0.301,0.411,0.7120000000000001,0.192,192.1,8.731818181818182,6.795957020421645
Sam Haggerty,SEA,2B,35,86,15,16,3,0,2,5,6,28,5,1,25,0.18600000000000005,0.247,0.29100000000000004,0.5379999999999999,0.105,191.5,5.471428571428572,4.872615936223902
Andrew Stevenson,WSH,OF,48,90,14,21,2,0,2,10,6,31,0,1,29,0.233,0.293,0.322,0.615,0.08900000000000001,190.8,3.975,4.71130696615351
Brock Holt,TEX,2B,29,82,7,20,5,0,1,10,11,20,2,0,28,0.244,0.34,0.341,0.6809999999999999,0.09699999999999999,189.4,6.531034482758621,5.969300294069223
Brandon Nimmo,NYM,OF,21,66,7,21,5,0,1,8,12,22,2,1,29,0.318,0.43,0.439,0.8690000000000001,0.121,188.4,8.971428571428572,7.635365820467649
Hanser Alberto,KC,2B,42,98,11,27,9,2,0,8,0,12,0,1,40,0.276,0.28,0.408,0.688,0.132,186.2,4.433333333333334,5.203365483770746
Jake Lamb,CHW,3B,23,58,13,15,2,0,4,7,10,18,0,0,29,0.259,0.377,0.5,0.877,0.24100000000000002,186.1,8.091304347826087,8.166827299273153
Nomar Mazara,DET,OF,31,104,8,19,3,1,2,12,9,30,0,0,30,0.183,0.248,0.28800000000000003,0.536,0.105,184.6,5.95483870967742,5.084378520559726
Tim Locastro,ARI,OF,41,100,10,19,2,0,1,4,6,22,5,3,24,0.19,0.277,0.24,0.517,0.05,184.0,4.487804878048781,4.2533807462593956
José Peraza,NYM,SS,29,81,11,18,4,0,3,10,5,10,0,0,31,0.222,0.276,0.383,0.659,0.161,181.2,6.248275862068965,5.915380928547601
Zack Collins,CHW,C,28,78,11,15,5,0,2,9,12,29,0,0,26,0.192,0.3,0.333,0.633,0.141,180.7,6.453571428571428,5.94624661857075
Chad Pinder,OAK,OF,23,75,12,19,7,0,3,7,4,24,0,0,35,0.253,0.29100000000000004,0.467,0.758,0.214,179.9,7.821739130434782,7.015288415842603
Ka'ai Tom,PIT,OF,34,75,8,12,1,0,2,11,12,23,1,0,19,0.16,0.305,0.253,0.5579999999999999,0.09300000000000001,178.1,5.238235294117646,5.035803707932032
Christian Walker,ARI,1B,26,97,11,20,3,1,2,9,6,22,0,0,31,0.206,0.25,0.32,0.57,0.114,177.7,6.834615384615384,5.387876354662659
Juan Lagares,LAA,OF,31,94,13,21,6,1,0,11,3,21,0,0,29,0.223,0.247,0.309,0.556,0.086,176.1,5.680645161290323,4.907894267875385
Rio Ruiz,BAL,3B,32,90,10,15,3,0,3,6,9,29,2,0,27,0.16699999999999998,0.25,0.3,0.55,0.133,176.0,5.5,5.1501981326693125
Tomás Nido,NYM,C,25,69,9,17,2,1,3,11,3,17,0,0,30,0.246,0.297,0.435,0.732,0.18899999999999997,172.3,6.892,6.621076228304567
Ji-Man Choi,TB,1B,15,46,8,14,4,0,2,11,11,19,0,0,24,0.304,0.448,0.522,0.97,0.218,172.1,11.473333333333333,9.082863814494633
Harold Castro,DET,3B,33,98,6,30,1,0,0,11,7,20,0,0,31,0.306,0.35200000000000004,0.316,0.6679999999999999,0.01,171.7,5.203030303030302,5.2262100925570545
Max Stassi,LAA,C,17,48,12,16,2,0,4,8,5,16,0,0,30,0.333,0.396,0.625,1.021,0.292,171.4,10.08235294117647,9.432016835464193
José Marmolejos,SEA,1B,31,79,8,11,2,0,3,9,14,32,0,0,22,0.139,0.266,0.278,0.544,0.139,165.1,5.325806451612904,5.207584058680687
Miguel Andújar,NYY,3B,25,89,11,22,1,0,4,6,1,22,0,0,35,0.247,0.256,0.393,0.649,0.146,164.2,6.568,5.8475138016905035
Jake Bauers,CLE,OF,43,100,7,19,3,0,2,6,12,27,0,1,28,0.19,0.277,0.28,0.557,0.09,163.4,3.8,4.4331124766636325
Rob Refsnyder,MIN,OF,17,53,10,18,4,0,2,10,4,15,0,0,28,0.34,0.379,0.528,0.907,0.188,163.0,9.588235294117649,8.06685295754607
Joe Panik,TOR,2B,30,84,6,22,5,0,2,11,2,12,0,0,33,0.262,0.276,0.393,0.669,0.131,162.7,5.423333333333333,5.567970917063977
Franchy Cordero,BOS,OF,34,95,9,17,6,0,1,9,6,37,1,0,26,0.179,0.228,0.274,0.502,0.095,162.3,4.773529411764706,4.526114600022989
JaCoby Jones,DET,OF,36,100,9,17,2,0,2,9,5,42,2,2,25,0.17,0.21,0.25,0.46,0.08,162.3,4.508333333333334,4.165219532589316
Jake Fraley,SEA,OF,13,30,7,7,2,0,2,9,16,10,2,0,15,0.233,0.511,0.5,1.011,0.267,161.9,12.453846153846154,10.006789281328052
Andrés Giménez,CLE,SS,29,78,10,14,4,0,2,5,3,25,4,0,24,0.179,0.226,0.308,0.534,0.129,160.5,5.5344827586206895,4.90608129264603
Keston Hiura,MIL,2B,37,108,9,14,5,1,1,5,8,48,1,0,24,0.13,0.217,0.222,0.439,0.092,160.3,4.332432432432434,4.194318980562738
Pablo Sandoval,ATL,3B,43,52,9,12,0,0,4,10,7,18,0,0,24,0.231,0.333,0.462,0.795,0.231,159.8,3.7162790697674417,6.451328000758311
Jason Castro,HOU,C,20,48,10,13,4,0,2,8,9,17,0,0,23,0.271,0.397,0.479,0.8759999999999999,0.20800000000000002,159.0,7.95,8.028872508017418
Isan Díaz,MIA,2B,30,84,4,12,2,0,2,10,16,27,0,0,20,0.14300000000000002,0.282,0.238,0.52,0.095,158.8,5.293333333333334,4.887223214554455
Yu Chang,CLE,SS,37,84,10,15,6,0,1,10,4,26,1,0,24,0.179,0.213,0.28600000000000003,0.499,0.107,157.0,4.243243243243243,4.222338950782446
Magneuris Sierra,MIA,OF,47,84,12,20,2,0,0,0,9,19,4,0,22,0.238,0.312,0.262,0.574,0.024,155.4,3.3063829787234043,3.931538989299039
Travis d'Arnaud,ATL,C,23,82,5,18,4,0,2,11,4,20,0,0,28,0.22,0.253,0.341,0.594,0.121,150.5,6.543478260869565,5.414452812758486
Yoshitomo Tsutsugo,LAD,OF,38,103,7,16,4,0,0,7,14,39,0,0,20,0.155,0.256,0.194,0.45,0.039,148.9,3.9184210526315786,3.919030486701406
Jorge Alfaro,MIA,C,22,71,4,17,2,0,2,8,3,24,3,0,25,0.239,0.289,0.35200000000000004,0.6409999999999999,0.113,148.8,6.763636363636365,5.744379649225775
Jonathan Davis,TOR,OF,39,65,13,9,1,0,1,4,9,20,3,1,13,0.138,0.269,0.2,0.469,0.062,148.6,3.81025641025641,3.8477379602668687
Wilmer Difo,PIT,SS,44,82,7,20,3,2,1,6,5,25,0,0,30,0.244,0.287,0.366,0.653,0.122,148.4,3.372727272727273,4.778947102274301
Evan White,SEA,1B,30,97,8,14,3,0,2,9,6,31,0,0,23,0.14400000000000002,0.202,0.237,0.439,0.09300000000000001,147.1,4.903333333333333,4.25871384737605
Roberto Pérez,CLE,C,19,61,6,8,1,0,3,9,11,28,1,0,18,0.131,0.274,0.295,0.569,0.16399999999999998,146.7,7.721052631578948,5.889481791484107
Josh VanMeter,ARI,OF,37,69,10,11,2,1,1,7,11,23,0,0,18,0.159,0.28,0.261,0.541,0.102,146.5,3.95945945945946,4.5302187198726
Manny Piña,MIL,C,25,56,6,9,1,0,4,8,10,11,0,0,22,0.161,0.294,0.393,0.687,0.23199999999999998,146.2,5.848,6.50027500164589
Austin Hedges,CLE,C,31,93,8,15,1,0,3,7,7,37,0,0,25,0.161,0.22,0.269,0.489,0.10800000000000001,146.1,4.712903225806452,4.565608373007787
Yadiel Hernandez,WSH,OF,41,68,8,18,1,0,2,4,5,19,2,0,25,0.265,0.32,0.368,0.688,0.10300000000000001,144.6,3.5268292682926834,5.059240971157267
Alex Blandino,CIN,2B,43,70,9,14,4,0,0,5,8,28,1,0,18,0.2,0.317,0.257,0.574,0.057,142.3,3.3093023255813963,4.270716400973852
Ramón Urias,BAL,2B,25,57,8,14,2,0,2,8,5,18,0,1,22,0.246,0.328,0.386,0.7140000000000001,0.14,140.6,5.624,6.1856997934826525
Michael Perez,PIT,C,23,67,7,10,2,0,4,8,5,25,0,0,24,0.149,0.219,0.358,0.5770000000000001,0.209,140.4,6.104347826086958,5.6855485782254345
Luis Torrens,SEA,C,29,90,7,16,5,0,2,6,4,25,0,0,27,0.17800000000000002,0.219,0.3,0.519,0.122,139.4,4.8068965517241375,4.674290049942886
Kurt Suzuki,LAA,C,32,90,6,18,3,0,1,5,6,20,0,0,24,0.2,0.277,0.267,0.544,0.067,138.7,4.334375,4.539724713295741
Cody Bellinger,LAD,OF,13,50,9,10,1,1,1,9,8,18,1,0,16,0.2,0.31,0.32,0.63,0.12,138.3,10.638461538461538,6.179875664057691
Pat Valaika,BAL,3B,33,82,5,15,4,0,1,10,5,25,1,0,22,0.183,0.227,0.268,0.495,0.085,138.0,4.181818181818182,4.17036134556372
Andy Young,ARI,2B,26,34,7,7,1,0,4,9,4,18,0,0,20,0.206,0.35700000000000004,0.588,0.945,0.382,137.9,5.303846153846154,8.986142969907407
Phil Gosselin,LAA,2B,24,65,5,19,5,0,1,8,3,20,0,1,27,0.292,0.333,0.415,0.748,0.12300000000000001,137.0,5.708333333333332,6.227356056466296
J.D. Davis,NYM,3B,14,41,5,16,3,0,2,7,4,15,0,0,25,0.39,0.479,0.61,1.089,0.22,136.5,9.75,9.568813200132283
Jarred Kelenic,SEA,OF,23,83,7,8,2,0,2,6,8,26,3,0,16,0.096,0.185,0.193,0.378,0.09699999999999999,136.4,5.930434782608696,4.112048456944098
Tommy La Stella,SF,2B,25,68,8,16,3,1,1,5,6,10,0,0,24,0.235,0.297,0.353,0.65,0.11800000000000001,133.1,5.324,5.5155538235723025
LaMonte Wade Jr.,SF,OF,15,42,6,13,1,0,3,5,6,14,1,0,23,0.31,0.408,0.5479999999999999,0.956,0.23800000000000002,132.7,8.846666666666666,8.678558431120829
Austin Nola,SD,C,18,46,4,10,2,0,1,11,8,3,0,0,15,0.217,0.373,0.326,0.6990000000000001,0.109,132.3,7.35,6.334244738408101
Andrew Knizner,STL,C,31,79,11,16,4,0,0,2,8,19,0,0,20,0.203,0.292,0.253,0.545,0.05,132.2,4.264516129032256,4.485915469978227
Roman Quinn,PHI,OF,28,52,8,9,2,2,0,2,6,19,4,3,15,0.173,0.306,0.28800000000000003,0.594,0.115,131.6,4.7,5.121818508514179
Josh Reddick,ARI,OF,18,60,5,19,8,0,0,8,2,12,0,0,27,0.317,0.333,0.45,0.7829999999999999,0.133,131.0,7.277777777777778,6.614756343631569
Elias Díaz,COL,C,31,92,10,13,2,0,1,6,8,24,0,0,18,0.141,0.208,0.196,0.404,0.055,131.0,4.225806451612904,3.7190569221436083
Santiago Espinal,TOR,SS,32,70,7,16,4,1,0,6,3,13,2,0,22,0.229,0.26,0.314,0.574,0.085,130.4,4.075,4.481162448689976
Jonah Heim,TEX,C,27,72,7,12,4,0,2,5,6,17,1,1,22,0.16699999999999998,0.228,0.306,0.534,0.139,129.9,4.811111111111111,4.781882722311581
Victor Reyes,DET,OF,27,83,9,13,4,1,1,4,3,25,2,0,22,0.157,0.18600000000000005,0.265,0.451,0.10800000000000001,129.8,4.807407407407409,4.165602863407261
Jake Cave,MIN,OF,31,84,8,14,5,0,1,2,6,35,1,0,22,0.16699999999999998,0.239,0.262,0.501,0.095,128.6,4.148387096774194,4.404431452859605
Jorge Mateo,SD,SS,41,72,7,15,3,0,1,5,1,20,2,0,21,0.208,0.25,0.292,0.542,0.084,126.9,3.0951219512195123,3.9318904693713117
Alejandro Kirk,TOR,C,17,40,7,9,1,0,3,8,5,6,0,0,19,0.225,0.326,0.475,0.8009999999999999,0.25,125.4,7.376470588235295,7.5255945285473045
Donovan Walton,SEA,2B,19,59,5,13,2,1,2,7,3,13,1,0,23,0.22,0.258,0.39,0.648,0.17,124.5,6.552631578947367,5.866638886637815
Mike Ford,NYY,1B,22,60,6,8,0,0,3,5,11,23,0,0,17,0.133,0.278,0.28300000000000003,0.561,0.15,123.7,5.622727272727274,5.455163793260135
Ben Gamel,PIT,OF,33,75,7,14,6,1,0,3,8,23,0,1,22,0.187,0.259,0.293,0.552,0.106,122.9,3.724242424242425,4.4617311197373475
Andrew Knapp,PHI,C,34,81,7,13,1,0,1,9,6,31,0,0,17,0.16,0.21600000000000005,0.21,0.426,0.05,122.9,3.6147058823529417,3.571095312664802
Danny Mendick,CHW,SS,26,55,4,11,0,0,2,10,8,17,0,0,17,0.2,0.302,0.309,0.611,0.109,122.8,4.723076923076923,5.270386587517882
Kole Calhoun,ARI,OF,13,48,6,14,3,0,2,5,3,13,1,0,23,0.292,0.333,0.479,0.812,0.187,120.7,9.284615384615384,7.313241107316173
Sandy León,MIA,C,31,90,6,17,2,0,1,4,5,26,0,0,22,0.189,0.242,0.244,0.486,0.055,120.2,3.8774193548387097,4.049005441768284
Ryan Jeffers,MIN,C,16,54,6,12,2,1,2,7,3,22,0,0,22,0.222,0.263,0.407,0.67,0.185,118.7,7.41875,6.242070032430221
Khris Davis,TEX,OF,22,51,8,8,1,1,2,5,8,16,0,0,17,0.157,0.262,0.333,0.595,0.17600000000000002,118.1,5.368181818181818,5.5529355369932665
Ronald Torreyes,PHI,2B,18,52,5,15,3,0,1,9,2,11,0,0,21,0.28800000000000003,0.315,0.404,0.7190000000000001,0.11599999999999999,116.5,6.472222222222222,6.102098227028156
Alex Avila,WSH,C,17,51,2,9,5,1,0,6,12,21,0,0,16,0.17600000000000002,0.344,0.314,0.6579999999999999,0.138,114.4,6.729411764705883,6.175486204240686
Jarrod Dyson,KC,OF,32,44,7,12,1,2,0,1,4,8,4,1,17,0.273,0.333,0.386,0.7190000000000001,0.113,112.9,3.528125,5.384531338840049
Ryan O'Hearn,KC,1B,20,53,6,10,1,0,3,6,4,20,0,1,20,0.189,0.246,0.377,0.623,0.188,112.2,5.61,5.752061464627288
Taylor Walls,TB,SS,16,45,6,11,4,0,0,4,9,14,1,0,15,0.244,0.37,0.333,0.703,0.08900000000000001,111.2,6.95,6.193259814872679
Kevin Plawecki,BOS,C,22,57,6,15,3,0,1,3,5,11,0,0,21,0.263,0.333,0.368,0.701,0.105,110.7,5.031818181818182,5.804016798529647
Matt Joyce,PHI,OF,32,47,5,5,1,0,2,6,10,13,0,0,12,0.106,0.271,0.255,0.526,0.149,106.0,3.3125,4.580643594640709
Kelvin Gutierrez,KC,3B,21,77,7,18,3,1,0,3,1,14,0,0,23,0.234,0.244,0.299,0.5429999999999999,0.065,104.9,4.995238095238095,4.553032740360612
Curt Casali,SF,C,26,67,5,7,1,0,0,6,11,24,0,0,8,0.104,0.25,0.119,0.369,0.015,100.0,3.8461538461538463,3.3895019287156796
Ke'Bryan Hayes,PIT,3B,7,27,6,9,1,1,2,5,3,5,0,0,18,0.333,0.4,0.667,1.067,0.33399999999999996,99.7,14.242857142857144,9.99528398201665
Lewis Brinson,MIA,OF,26,63,3,14,3,0,2,5,1,19,0,0,23,0.222,0.234,0.365,0.599,0.14300000000000002,99.1,3.811538461538461,4.907348995023218
Chris Owings,COL,2B,7,15,6,8,3,3,0,3,2,2,2,0,17,0.5329999999999999,0.588,1.133,1.721,0.6,98.7,14.1,15.99058581012551
Jacob Nottingham,SEA,C,15,40,5,6,1,0,3,6,2,20,0,0,16,0.15,0.222,0.4,0.622,0.25,97.0,6.466666666666668,6.172005585457316
Sheldon Neuse,LAD,3B,28,58,6,10,1,0,3,4,1,22,0,1,20,0.172,0.18600000000000005,0.345,0.531,0.17300000000000001,96.2,3.435714285714286,4.488466393302586
Will Craig,PIT,1B,18,60,5,13,2,0,1,3,5,22,0,0,18,0.217,0.277,0.3,0.5770000000000001,0.083,95.5,5.3055555555555545,5.040756750144649
Daniel Robertson,MIL,3B,30,48,7,7,2,0,2,2,6,17,0,0,15,0.146,0.255,0.312,0.5670000000000001,0.166,95.4,3.18,4.819546760056363
Ryan McKenna,BAL,OF,33,41,8,8,1,1,0,3,6,15,1,0,11,0.195,0.298,0.268,0.5660000000000001,0.073,93.1,2.8212121212121213,4.215111975535048
Aramis Garcia,OAK,C,22,56,5,11,1,0,2,4,1,18,0,0,18,0.196,0.237,0.321,0.5579999999999999,0.125,93.0,4.227272727272728,4.799556900535363
Brendan Rodgers,COL,2B,15,46,1,11,1,0,1,8,2,10,0,0,15,0.239,0.308,0.326,0.634,0.087,91.2,6.08,5.465264045362826
Ender Inciarte,ATL,OF,27,40,6,10,1,0,0,5,4,10,1,0,11,0.25,0.311,0.275,0.586,0.025,87.7,3.2481481481481485,4.259642220032441
Brian O'Grady,SD,1B,17,32,6,5,3,0,1,5,6,12,0,0,11,0.156,0.282,0.344,0.626,0.188,87.7,5.158823529411765,5.878298556932269
Shogo Akiyama,CIN,OF,24,46,5,10,1,0,0,5,4,10,1,1,11,0.217,0.294,0.239,0.5329999999999999,0.022000000000000002,87.5,3.6458333333333335,4.0892063639363725
Chad Wallach,MIA,C,21,59,2,12,2,1,0,6,3,31,0,0,16,0.203,0.246,0.271,0.517,0.068,87.4,4.161904761904762,4.3546495117550865
Alan Trejo,COL,SS,26,41,7,10,2,0,1,3,3,12,0,0,15,0.244,0.289,0.366,0.655,0.122,86.9,3.3423076923076924,5.144816128154124
Tyler Wade,NYY,SS,37,38,8,10,0,1,0,2,2,12,2,2,12,0.263,0.3,0.316,0.616,0.053,86.6,2.3405405405405397,4.003078022517151
Eli White,TEX,SS,23,58,3,8,1,1,0,4,6,22,2,2,11,0.138,0.219,0.19,0.409,0.052000000000000005,86.6,3.7652173913043474,3.5181168475326263
Wyatt Mathisen,ARI,3B,23,42,3,5,0,0,1,8,5,21,0,0,8,0.119,0.255,0.19,0.445,0.071,85.6,3.7217391304347824,3.9569207548842913
Austin Dean,STL,OF,18,27,4,6,2,0,1,7,5,9,0,0,11,0.222,0.324,0.407,0.731,0.185,85.3,4.738888888888889,6.448995016568162
DJ Peters,LAD,OF,18,26,5,5,2,0,1,4,8,14,0,0,10,0.192,0.382,0.385,0.767,0.193,84.0,4.666666666666667,7.031555227507942
Adalberto Mondesi,KC,SS,7,25,2,9,3,0,2,5,0,10,1,1,18,0.36,0.36,0.72,1.08,0.36,83.9,11.985714285714286,9.910911895214959
Connor Joe,COL,OF,19,43,2,10,2,0,0,4,9,12,0,0,12,0.233,0.365,0.279,0.644,0.046,83.4,4.389473684210526,5.280690704680204
Chance Sisco,BAL,C,23,65,4,10,2,0,0,3,6,18,0,0,12,0.154,0.247,0.185,0.4320000000000001,0.031,83.3,3.6217391304347823,3.6726765958556817
Stevie Wilkerson,BAL,OF,20,50,4,10,3,0,0,2,3,18,2,0,13,0.2,0.259,0.26,0.519,0.06,82.8,4.14,4.297573689181188
Cristian Pache,ATL,OF,22,63,6,7,3,0,1,4,2,25,0,0,13,0.111,0.152,0.206,0.358,0.095,81.2,3.6909090909090914,3.369267485561383
Jace Peterson,MIL,2B,11,25,4,5,0,0,2,4,5,9,1,0,11,0.2,0.333,0.44,0.773,0.24,80.8,7.345454545454545,7.403459814968012
Tucupita Marcano,SD,2B,25,44,7,8,1,0,0,3,6,9,0,1,9,0.182,0.28,0.205,0.485,0.023,77.9,3.116,3.708244196518324
Jason Vosler,SF,3B,16,30,6,5,1,0,2,3,2,7,1,0,12,0.16699999999999998,0.219,0.4,0.619,0.233,77.7,4.85625,5.756477682859879
Michael Chavis,BOS,2B,11,33,7,9,4,0,1,2,0,13,0,0,16,0.273,0.273,0.485,0.758,0.212,77.4,7.036363636363637,6.754741968883697
Sam Hilliard,COL,OF,20,37,6,4,0,1,2,4,2,19,0,0,12,0.108,0.154,0.324,0.478,0.21600000000000003,75.2,3.76,4.543685245493581
Luke Voit,NYY,1B,12,44,4,8,0,0,1,3,5,15,0,0,11,0.182,0.28,0.25,0.53,0.068,74.3,6.191666666666666,4.828030133935991
Danny Santana,BOS,OF,13,40,2,5,0,1,2,3,3,12,1,0,13,0.125,0.205,0.325,0.53,0.2,73.9,5.684615384615384,5.201543387487226
Ildemaro Vargas,ARI,2B,20,44,3,6,2,0,0,6,4,12,1,0,8,0.136,0.208,0.182,0.39,0.046,72.6,3.63,3.288188806602793
Josh Palacios,TOR,OF,10,28,7,7,0,0,0,4,3,7,0,0,7,0.25,0.353,0.25,0.603,0.0,72.4,7.24,5.0601622902693695
Jose Devers,MIA,SS,18,37,5,8,3,0,0,4,2,11,0,0,11,0.21600000000000005,0.268,0.297,0.565,0.081,72.0,4.0,4.624962130043464
Kyle Isbel,KC,OF,12,34,5,9,0,1,0,3,2,15,1,0,11,0.265,0.306,0.324,0.63,0.059000000000000004,71.5,5.958333333333332,5.247622435668139
Max Schrock,CIN,2B,12,30,3,8,3,1,1,3,1,8,0,0,16,0.267,0.29,0.5329999999999999,0.823,0.266,71.1,5.925,7.361176296266944
Luke Raley,LAD,OF,23,44,3,8,1,0,1,2,2,16,0,0,12,0.182,0.28,0.273,0.5529999999999999,0.091,70.6,3.069565217391304,4.524042136339087
Brandon Drury,NYM,3B,14,32,2,7,0,0,2,5,2,10,0,0,13,0.219,0.265,0.406,0.6709999999999999,0.187,68.9,4.921428571428573,5.9587410540047845
Renato Núñez,DET,1B,7,27,5,4,2,0,2,3,1,8,0,0,12,0.14800000000000002,0.207,0.444,0.6509999999999999,0.29600000000000004,68.5,9.785714285714286,6.64216846633177
Bradley Zimmer,CLE,OF,10,26,2,6,0,0,0,4,2,13,3,0,6,0.231,0.333,0.231,0.564,0.0,68.4,6.840000000000002,4.743325145953568
Nick Gordon,MIN,SS,6,20,2,8,0,0,1,2,1,5,3,0,11,0.4,0.429,0.55,0.979,0.15,67.4,11.233333333333334,8.309975243090468
Jordy Mercer,WSH,SS,22,55,4,13,4,0,0,0,1,14,0,0,17,0.236,0.25,0.309,0.5589999999999999,0.073,66.8,3.036363636363636,4.280608076519403
Daulton Varsho,ARI,C,19,41,6,7,3,0,0,2,3,12,0,0,10,0.171,0.227,0.244,0.471,0.073,65.2,3.4315789473684215,3.887967545114245
Jake Rogers,DET,C,13,38,2,8,1,0,1,3,2,16,1,0,12,0.211,0.25,0.316,0.5660000000000001,0.105,64.9,4.9923076923076914,4.905641550360513
Abraham Almonte,ATL,OF,8,15,4,5,2,0,1,2,5,2,0,0,10,0.333,0.5,0.667,1.167,0.33399999999999996,64.8,8.1,10.84072645902774
Edwin Ríos,LAD,3B,25,51,4,4,0,0,1,1,7,18,0,0,7,0.078,0.217,0.13699999999999998,0.354,0.059000000000000004,64.3,2.572,3.0902447300090397
Grayson Greiner,DET,C,14,38,1,9,1,0,1,5,1,16,0,0,13,0.237,0.256,0.342,0.598,0.105,62.7,4.478571428571429,5.012515237827153
Lane Thomas,STL,OF,25,41,2,4,1,0,0,1,8,17,2,1,5,0.098,0.245,0.122,0.3670000000000001,0.024,60.9,2.436,2.909962258618985
Jay Bruce,NYY,OF,10,34,3,4,1,0,1,3,5,13,0,0,8,0.118,0.231,0.235,0.466,0.11699999999999999,59.1,5.91,4.561986433879248
George Springer,TOR,OF,4,15,3,3,0,0,2,3,2,4,1,0,9,0.2,0.294,0.6,0.894,0.4,59.1,14.775,9.072199647432786
Dustin Fowler,PIT,OF,18,41,3,7,1,0,0,2,3,20,1,0,8,0.171,0.239,0.195,0.434,0.024,58.6,3.2555555555555555,3.498255376440887
Pablo Reyes,MIL,OF,19,37,4,10,2,0,0,1,0,8,1,0,12,0.27,0.27,0.324,0.594,0.054000000000000006,58.3,3.0684210526315785,4.39373058014132
Cam Gallagher,KC,C,20,44,3,10,2,0,0,1,3,11,0,0,12,0.227,0.271,0.273,0.544,0.046,58.1,2.905,4.131717149063437
Reese McGuire,TOR,C,17,41,3,9,1,0,0,1,3,8,0,0,10,0.22,0.289,0.244,0.5329999999999999,0.024,55.1,3.2411764705882358,4.144452944690807
Todd Frazier,PIT,3B,13,35,3,3,1,0,0,4,3,6,0,0,4,0.086,0.2,0.114,0.314,0.027999999999999997,50.6,3.892307692307692,2.901724059144093
Bobby Bradley,CLE,1B,3,10,4,4,2,0,1,3,0,1,0,0,9,0.4,0.4,0.9,1.3,0.5,50.3,16.766666666666666,12.273135313495914
Aristides Aquino,CIN,OF,10,13,2,3,1,0,2,3,1,5,0,0,10,0.231,0.28600000000000003,0.769,1.055,0.5379999999999999,49.9,4.99,10.42424463661829
Benjamin Rortvedt,MIN,C,15,34,2,5,0,0,1,3,2,15,0,0,8,0.147,0.21600000000000005,0.235,0.451,0.08800000000000001,49.9,3.3266666666666667,3.9147872852141905
Rafael Ortega,CHC,OF,11,29,2,4,0,0,1,2,3,7,1,1,7,0.138,0.219,0.241,0.46,0.10300000000000001,49.4,4.49090909090909,4.17094122631611
Sergio Alcántara,CHC,SS,10,20,2,6,2,2,0,1,0,7,0,0,12,0.3,0.318,0.6,0.918,0.3,48.9,4.89,8.126738170775237
Mickey Moniak,PHI,OF,11,25,3,3,0,0,1,3,3,12,0,0,6,0.12,0.214,0.24,0.454,0.12,47.1,4.281818181818182,4.2627857503443884
Taylor Jones,HOU,1B,11,34,3,6,1,0,0,3,2,11,0,0,7,0.17600000000000002,0.21600000000000005,0.206,0.422,0.03,47.1,4.281818181818182,3.522024172893774
Johneshwy Fargas,NYM,OF,7,21,1,6,3,1,0,3,0,7,0,0,11,0.28600000000000003,0.28600000000000003,0.524,0.81,0.23800000000000002,46.7,6.671428571428572,7.161487956288972
Leody Taveras,TEX,OF,15,46,2,4,0,0,0,1,3,23,2,0,4,0.087,0.16,0.087,0.247,0.0,45.9,3.06,2.254443958647143
René Rivera,CLE,C,12,28,2,7,2,0,0,2,1,11,0,0,9,0.25,0.276,0.321,0.597,0.071,43.4,3.6166666666666663,4.779426675437237
Matt Adams,COL,1B,17,31,3,5,1,0,0,1,4,8,0,0,6,0.161,0.257,0.194,0.451,0.033,43.1,2.5352941176470587,3.556869550303586
Nick Heath,ARI,OF,13,31,3,5,1,0,0,1,4,11,0,1,6,0.161,0.257,0.194,0.451,0.033,43.1,3.315384615384616,3.7528883933532593
Derek Hill,DET,OF,6,12,2,3,0,0,0,1,2,3,3,1,3,0.25,0.35700000000000004,0.25,0.607,0.0,42.9,7.15,4.962505715838761
Patrick Mazeika,NYM,C,12,14,1,3,0,0,1,4,1,2,0,0,6,0.214,0.312,0.429,0.741,0.215,41.2,3.4333333333333336,6.6203026458904874
Jack Mayfield,SEA,2B,14,37,2,6,1,0,0,3,1,12,0,0,7,0.162,0.184,0.189,0.373,0.027000000000000003,40.9,2.9214285714285717,2.953594578514818
Luis Guillorme,NYM,SS,14,18,2,6,0,0,0,0,5,1,0,0,6,0.333,0.478,0.333,0.8109999999999999,0.0,39.4,2.814285714285714,6.18459486664128
Dexter Fowler,LAA,OF,7,20,3,5,0,0,0,1,1,6,1,0,5,0.25,0.28600000000000003,0.25,0.536,0.0,37.1,5.3,4.207422630053442
Zack Short,DET,SS,5,11,2,3,0,0,0,0,5,6,1,0,3,0.273,0.5,0.273,0.773,0.0,36.4,7.2799999999999985,6.604915119653992
Anthony Bemboom,LAA,C,8,27,2,6,0,0,0,2,1,10,0,0,6,0.222,0.25,0.222,0.472,0.0,34.4,4.3,3.719422471029848
Troy Stokes Jr.,PIT,OF,8,18,2,2,1,0,0,2,1,5,1,0,3,0.111,0.2,0.16699999999999998,0.3670000000000001,0.055999999999999994,34.4,4.3,3.2914811695832564
Brent Rooker,MIN,OF,8,29,1,3,1,0,1,2,1,13,0,0,7,0.103,0.133,0.241,0.374,0.138,34.2,4.275,3.626616625049781
José Godoy,SEA,C,11,27,1,5,1,0,0,2,2,9,0,0,6,0.185,0.241,0.222,0.463,0.037000000000000005,34.2,3.1090909090909093,3.7358785167457533
Owen Miller,CLE,SS,13,42,2,5,1,0,0,1,2,20,0,0,6,0.119,0.159,0.14300000000000002,0.302,0.024,33.9,2.607692307692308,2.5874279734588903
Webster Rivas,SD,C,6,20,1,4,0,0,1,1,2,3,0,0,7,0.2,0.273,0.35,0.623,0.15,33.7,5.616666666666667,5.611991862813727
Tony Wolters,CHC,C,14,24,3,3,0,0,0,0,5,12,0,1,3,0.125,0.276,0.125,0.401,0.0,33.6,2.4,3.2734077579616945
Anthony Alford,PIT,OF,11,24,2,2,0,0,0,0,4,16,1,1,2,0.083,0.241,0.083,0.324,0.0,33.4,3.036363636363636,2.8964348983388675
Drew Butera,LAA,C,12,32,1,3,1,0,0,5,0,16,0,0,4,0.094,0.091,0.125,0.21600000000000005,0.031,32.7,2.725,1.7994046097822576
Kevan Smith,ATL,C,7,15,4,4,0,0,0,1,1,7,0,0,4,0.267,0.312,0.267,0.579,0.0,31.3,4.471428571428572,4.506891754674253
Luke Maile,MIL,C,8,19,1,4,1,0,0,1,2,6,0,0,5,0.211,0.318,0.263,0.581,0.052000000000000005,30.7,3.8375,4.876095476735626
Kean Wong,LAA,2B,9,21,1,4,1,1,0,1,1,7,0,0,7,0.19,0.227,0.333,0.56,0.14300000000000002,30.7,3.411111111111111,4.842530406422497
José Rondón,STL,SS,8,19,3,4,0,0,0,0,3,5,0,0,4,0.211,0.318,0.211,0.529,0.0,30.6,3.825,4.275584819944489
Cameron Maybin,NYM,OF,9,28,2,1,0,0,0,0,3,12,1,0,1,0.036000000000000004,0.182,0.036000000000000004,0.218,0.0,30.4,3.3777777777777778,2.2063829954580108
Edward Olivares,KC,OF,5,18,2,5,0,0,0,0,0,5,1,0,5,0.278,0.316,0.278,0.594,0.0,30.4,6.08,4.665195705481327
Patrick Kivlehan,SD,OF,5,4,3,1,0,0,0,2,2,3,0,0,1,0.25,0.5,0.25,0.75,0.0,28.6,5.7200000000000015,6.466779026317512
Robel García,HOU,2B,16,26,1,4,0,0,0,2,2,10,0,0,4,0.154,0.214,0.154,0.368,0.0,28.2,1.7625,2.634591598127183
Scott Schebler,LAA,OF,11,27,2,4,3,0,0,0,0,11,0,0,7,0.14800000000000002,0.14800000000000002,0.259,0.407,0.111,27.4,2.4909090909090907,3.4257309542061782
Jonathan Lucroy,WSH,C,5,14,0,5,1,0,0,2,0,2,0,0,6,0.35700000000000004,0.35700000000000004,0.429,0.7859999999999999,0.07200000000000001,25.0,5.0,6.212544935771298
Jon Jay,LAA,OF,5,14,2,5,0,0,0,1,0,2,0,0,5,0.35700000000000004,0.35700000000000004,0.35700000000000004,0.7140000000000001,0.0,24.9,4.98,5.373526396613807
Jonathan Araúz,BOS,SS,4,8,2,2,1,0,0,1,2,3,0,0,3,0.25,0.4,0.375,0.775,0.125,24.9,6.225,6.915666132988442
Scott Heineman,CIN,OF,9,11,1,1,0,0,1,1,1,4,0,0,4,0.091,0.231,0.364,0.595,0.273,24.7,2.7444444444444445,5.963889080863859
Luis Campusano,SD,C,11,34,0,3,0,0,0,1,4,11,0,0,3,0.08800000000000001,0.184,0.08800000000000001,0.272,0.0,24.5,2.227272727272727,2.3456742173812124
M. Payton,CIN,OF,23,21,2,4,0,0,0,0,2,7,0,0,4,0.19,0.261,0.19,0.451,0.0,24.4,1.0608695652173912,2.8544153249304944
Alex Jackson,ATL,C,10,23,2,1,0,0,0,0,2,13,0,0,1,0.043,0.214,0.043,0.257,0.0,24.4,2.44,2.436923338512613
Mark Payton,CIN,OF,23,21,2,4,0,0,0,0,2,7,0,0,4,0.19,0.261,0.19,0.451,0.0,24.4,1.0608695652173912,2.8544153249304944
Andy Ibáñez,TEX,3B,9,21,0,3,1,0,0,2,1,4,0,0,4,0.14300000000000002,0.174,0.19,0.364,0.047,22.0,2.4444444444444446,2.9155246611449837
Ronald Guzmán,TEX,1B,7,16,1,1,0,0,1,1,1,6,0,0,4,0.062,0.118,0.25,0.368,0.188,21.7,3.1,3.7259424723564347
Mike Freeman,CIN,2B,6,15,1,3,0,0,0,1,2,3,0,0,3,0.2,0.294,0.2,0.494,0.0,21.7,3.6166666666666663,3.973313460647188
Luis Garcia,WSH,SS,9,12,2,2,0,1,0,0,1,4,0,0,4,0.16699999999999998,0.231,0.333,0.564,0.166,21.4,2.3777777777777778,4.965153394062403
Adam Haseley,PHI,OF,9,21,2,4,1,0,0,0,0,4,0,0,5,0.19,0.19,0.238,0.428,0.048,21.4,2.3777777777777778,3.2939375486373597
Nick Martini,CHC,OF,12,12,2,1,0,0,0,1,2,3,0,0,1,0.083,0.2,0.083,0.28300000000000003,0.0,18.9,1.575,2.1553381504900626
Alexander Goti,HOU,SS,2,6,2,2,0,0,0,1,1,2,0,0,2,0.333,0.429,0.333,0.762,0.0,18.9,9.45,6.136251171863618
Austin Allen,OAK,C,2,6,1,1,0,0,1,1,0,2,0,0,4,0.16699999999999998,0.16699999999999998,0.667,0.8340000000000001,0.5,18.7,9.35,8.621642840052179
Cole Tucker,PIT,SS,8,15,1,2,1,0,0,1,1,4,0,0,3,0.133,0.188,0.2,0.388,0.067,18.7,2.3375,3.2448656983155795
Keibert Ruiz,LAD,C,6,7,1,1,0,0,1,1,0,5,0,0,4,0.14300000000000002,0.14300000000000002,0.5710000000000001,0.7140000000000001,0.428,18.7,3.1166666666666667,7.208153897190166
Mason Williams,NYM,OF,8,16,1,3,0,0,0,0,2,3,0,0,3,0.188,0.278,0.188,0.466,0.0,18.2,2.275,3.6369322417124814
Rafael Marchan,PHI,C,4,13,1,3,1,0,0,0,1,4,0,0,4,0.231,0.28600000000000003,0.308,0.594,0.077,18.2,4.55,4.992112554026253
Khalil Lee,NYM,OF,11,18,2,1,1,0,0,1,0,13,0,0,2,0.056,0.056,0.111,0.16699999999999998,0.055,15.9,1.4454545454545455,1.3049919181894332
Austin Wynns,BAL,C,3,13,2,2,0,0,0,1,0,3,0,0,2,0.154,0.154,0.154,0.308,0.0,15.9,5.3,2.383536645298066
Vimael Machín,OAK,2B,9,20,1,1,0,0,0,1,2,7,0,0,1,0.05,0.136,0.05,0.18600000000000005,0.0,15.7,1.7444444444444445,1.567558715334835
John Andreoli,SD,OF,7,6,2,1,1,0,0,0,1,3,0,0,2,0.16699999999999998,0.28600000000000003,0.333,0.619,0.166,15.4,2.2,5.614643739124274
Nick Williams,CHW,OF,4,10,2,0,0,0,0,0,1,4,0,0,0,0.0,0.231,0.0,0.231,0.0,15.4,3.85,2.4872952752150876
John Nogowski,STL,1B,18,17,2,1,0,0,0,0,1,2,0,0,1,0.059,0.158,0.059,0.217,0.0,15.4,0.8555555555555556,1.3474792867449148
Eric Campbell,SEA,1B,4,11,1,3,0,0,0,0,1,1,0,0,3,0.273,0.333,0.273,0.606,0.0,15.2,3.8,4.71654916378778
Kevin Padlo,TB,3B,9,12,1,1,1,0,0,0,2,8,0,0,2,0.083,0.214,0.16699999999999998,0.381,0.084,15.2,1.6888888888888889,3.442202935572176
Anderson Tejeda,TEX,SS,5,16,1,1,0,0,0,0,1,10,1,0,1,0.062,0.118,0.062,0.18,0.0,15.2,3.04,1.5741455914125657
Geraldo Perdomo,ARI,SS,4,10,1,1,0,0,0,0,3,2,0,0,1,0.1,0.308,0.1,0.408,0.0,15.2,3.8,3.712482800152168
Jason Martin,TEX,OF,12,19,0,3,0,0,0,0,0,9,1,0,3,0.158,0.158,0.158,0.316,0.0,15.0,1.25,2.0788385381518397
Austin Romine,CHC,C,6,9,1,1,1,0,0,1,0,3,0,0,2,0.111,0.111,0.222,0.333,0.111,12.7,2.1166666666666667,2.851901842086587
Garrett Stubbs,HOU,C,3,5,1,1,0,0,0,1,1,0,0,0,1,0.2,0.333,0.2,0.5329999999999999,0.0,12.7,4.233333333333333,4.41085550340145
Wilfredo Tovar,NYM,SS,6,11,0,2,0,0,0,1,1,4,0,0,2,0.182,0.25,0.182,0.4320000000000001,0.0,12.5,2.083333333333333,3.34166447883884
Ronnie Dawson,HOU,OF,3,5,2,1,0,0,0,0,1,0,0,0,1,0.2,0.333,0.2,0.5329999999999999,0.0,12.4,4.133333333333334,4.411555520524411
Hernán Pérez,WSH,2B,10,19,1,1,0,0,0,0,2,10,0,0,1,0.053,0.14300000000000002,0.053,0.196,0.0,12.2,1.22,1.5843760843951182
Travis Jankowski,PHI,OF,5,6,1,3,0,0,0,0,0,1,0,0,3,0.5,0.5,0.5,1.0,0.0,12.2,2.44,7.425769953644537
Travis Blankenhorn,NYM,2B,7,7,1,1,1,0,0,0,1,2,0,0,2,0.14300000000000002,0.25,0.28600000000000003,0.536,0.14300000000000002,12.2,1.7428571428571429,4.810494917340001
Adam Engel,CHW,OF,2,4,0,0,0,0,0,0,1,2,1,0,0,0.0,0.333,0.0,0.333,0.0,12.0,6.0,3.58542941260964
Ivan Castillo,SD,SS,3,3,0,1,0,0,0,1,1,0,0,0,1,0.333,0.5,0.333,0.833,0.0,9.5,3.1666666666666665,6.778078832528786
Chadwick Tromp,SF,C,2,5,0,2,0,0,0,1,0,1,0,0,2,0.4,0.4,0.4,0.8,0.0,9.5,4.75,6.028743760057382
Albert Almora Jr.,NYM,OF,20,21,1,1,0,0,0,0,1,8,0,0,1,0.048,0.091,0.048,0.139,0.0,9.2,0.46,0.53151188735026
Johan Camargo,ATL,3B,14,15,1,0,0,0,0,0,2,6,0,0,0,0.0,0.118,0.0,0.118,0.0,9.2,0.6571428571428571,0.8186269025609914
Ryan McBroom,KC,1B,5,6,1,1,0,0,0,0,1,5,0,0,1,0.16699999999999998,0.28600000000000003,0.16699999999999998,0.453,0.0,9.2,1.84,3.6687147152367774
JT Riddle,MIN,SS,4,6,1,2,0,0,0,0,0,0,0,0,2,0.333,0.333,0.333,0.6659999999999999,0.0,9.2,2.3,4.911319459343273
Shed Long Jr.,SEA,2B,1,4,1,1,1,0,0,0,0,0,0,0,2,0.25,0.25,0.5,0.75,0.25,9.2,9.2,6.819371612303425
Luis Rengifo,LAA,2B,4,14,1,1,0,0,0,0,1,2,0,0,1,0.071,0.133,0.071,0.204,0.0,9.2,2.3,1.714107089459147
P.J. Higgins,CHC,C,8,21,1,1,0,0,0,0,1,8,0,0,1,0.048,0.091,0.048,0.139,0.0,9.2,1.15,1.1036631298095818
Tyler Nevin,BAL,1B,2,5,0,1,1,0,0,0,1,2,0,0,2,0.2,0.333,0.4,0.733,0.2,9.0,4.5,6.857214177868263
Max Moroff,STL,SS,6,16,0,1,0,0,0,1,0,10,0,0,1,0.062,0.062,0.062,0.124,0.0,6.5,1.0833333333333333,0.8716700149219392
Orlando Arcia,MIL,SS,4,11,0,1,0,0,0,1,0,3,0,0,1,0.091,0.091,0.091,0.182,0.0,6.5,1.625,1.294558723633192
Luis Marté,MIA,SS,1,2,1,0,0,0,0,0,1,1,0,0,0,0.0,0.333,0.0,0.333,0.0,6.2,6.2,3.5887153330497052
Braden Bishop,SEA,OF,8,4,1,1,0,0,0,0,0,2,0,0,1,0.25,0.25,0.25,0.5,0.0,6.2,0.775,3.4389893137478875
Jake Hager,NYM,OF,5,8,1,1,0,0,0,0,0,3,0,0,1,0.125,0.125,0.125,0.25,0.0,6.2,1.24,1.7241959788427277
Scott Kingery,PHI,3B,15,19,1,1,0,0,0,0,0,12,0,0,1,0.053,0.053,0.053,0.106,0.0,6.2,0.4133333333333333,0.36355256989531526
Luke Williams,PHI,3B,1,1,1,1,0,0,0,0,0,0,0,0,1,1.0,1.0,1.0,2.0,0.0,6.2,6.2,15.275361527338518
Mario Feliciano,MIL,C,1,0,1,0,0,0,0,0,1,0,0,0,0,0.0,1.0,0.0,1.0,0.0,6.2,6.2,10.944532411406083
Corey Ray,MIL,OF,1,2,1,0,0,0,0,0,1,1,0,0,0,0.0,0.333,0.0,0.333,0.0,6.2,6.2,3.5887153330497052
Domingo Leyba,ARI,2B,13,22,0,0,0,0,0,0,2,7,0,0,0,0.0,0.083,0.0,0.083,0.0,6.0,0.4615384615384616,0.5667409955618545
Ali Sánchez,STL,C,1,3,0,1,1,0,0,0,0,0,0,0,2,0.333,0.333,0.667,1.0,0.33399999999999996,6.0,6.0,9.088363812478288
Estevan Florial,NYY,OF,1,3,0,1,1,0,0,0,0,1,0,0,2,0.333,0.333,0.667,1.0,0.33399999999999996,6.0,6.0,9.094125832648103
Riley Adams,TOR,C,1,3,0,1,1,0,0,0,0,2,0,0,2,0.333,0.333,0.667,1.0,0.33399999999999996,6.0,6.0,9.099887852817922
Abraham Toro,HOU,3B,6,12,0,1,0,0,0,0,1,0,0,0,1,0.083,0.154,0.083,0.237,0.0,6.0,1.0,1.8320593434871197
Sebastian Rivero,KC,C,2,6,1,0,0,0,0,0,0,3,0,0,0,0.0,0.0,0.0,0.0,0.0,3.2,1.6,-0.07335589090429817
Ryan LaMarre,NYY,OF,3,7,0,0,0,0,0,0,1,1,0,0,0,0.0,0.125,0.0,0.125,0.0,3.0,1.0,1.238764567509433
Chris Gittens,NYY,1B,2,7,0,0,0,0,0,0,1,4,0,0,0,0.0,0.125,0.0,0.125,0.0,3.0,1.5,1.3037298982238275
Monte Harrison,MIA,OF,3,5,0,1,0,0,0,0,0,1,0,1,1,0.2,0.2,0.2,0.4,0.0,3.0,1.0,2.87646357843463
Carter Kieboom,WSH,SS,2,1,0,0,0,0,0,0,1,1,0,0,0,0.0,0.5,0.0,0.5,0.0,3.0,1.5,5.348047145988623
Hunter Owen,PIT,OF,3,4,0,0,0,0,0,0,0,3,0,0,0,0.0,0.2,0.0,0.2,0.0,3.0,1.0,2.035921828502545
Luis Barrera,OAK,OF,4,5,0,1,0,0,0,0,0,2,0,0,1,0.2,0.2,0.2,0.4,0.0,3.0,0.75,2.8465306266790558
Jeff Mathis,ATL,C,3,9,0,0,0,0,0,0,0,5,0,0,0,0.0,0.0,0.0,0.0,0.0,0.0,0.0,-0.0902355020925496
Sean Kazmar Jr.,ATL,SS,3,2,0,0,0,0,0,0,0,0,0,0,0,0.0,0.0,0.0,0.0,0.0,0.0,0.0,-0.2299063923939091
Skye Bolt,OAK,OF,6,3,0,0,0,0,0,0,0,1,0,0,0,0.0,0.0,0.0,0.0,0.0,0.0,0.0,-0.35134492720288346
Gilberto Celestino,MIN,OF,4,12,0,0,0,0,0,0,0,4,0,0,0,0.0,0.0,0.0,0.0,0.0,0.0,0.0,-0.09616502555919304
Lewin Díaz,MIA,1B,1,4,0,0,0,0,0,0,0,3,0,0,0,0.0,0.0,0.0,0.0,0.0,0.0,0.0,-0.08558728020249262
Tzu-Wei Lin,MIN,2B,1,0,0,0,0,0,0,0,0,0,0,0,0,0.0,0.0,0.0,0.0,0.0,0.0,0.0,-0.16622236325610018
Thairo Estrada,SF,2B,2,1,0,0,0,0,0,0,0,0,0,0,0,0.0,0.0,0.0,0.0,0.0,0.0,0.0,-0.19806437782500463
Isaac Paredes,DET,3B,1,4,0,0,0,0,0,0,0,1,0,0,0,0.0,0.0,0.0,0.0,0.0,0.0,0.0,-0.09711132054212612
Joseph Odom,TB,C,2,2,0,0,0,0,0,0,0,1,0,0,0,0.0,0.0,0.0,0.0,0.0,0.0,0.0,-0.176465102019149
Jack Kruger,LAA,C,1,0,0,0,0,0,0,0,0,0,0,0,0,0.0,0.0,0.0,0.0,0.0,0.0,0.0,-0.16622236325610018
Daniel Johnson,CLE,OF,2,9,0,0,0,0,0,0,0,5,0,0,0,0.0,0.0,0.0,0.0,0.0,0.0,0.0,-0.042556231887606266
Luis González,CHW,OF,1,0,0,0,0,0,0,0,0,0,0,0,0,0.0,0.0,0.0,0.0,0.0,0.0,0.0,-0.16622236325610018
Scott Hurst,STL,OF,7,5,0,0,0,0,0,0,0,1,0,0,0,0.0,0.0,0.0,0.0,0.0,0.0,0.0,-0.36734968613574903
Tres Barrera,WSH,C,1,2,0,0,0,0,0,0,0,1,0,0,0,0.0,0.0,0.0,0.0,0.0,0.0,0.0,-0.12878583181420566
Rodolfo Castro,PIT,2B,1,3,0,0,0,0,0,0,0,1,0,0,0,0.0,0.0,0.0,0.0,0.0,0.0,0.0,-0.1129485761781659
Joey Bart,SF,C,1,1,0,0,0,0,0,0,0,0,0,0,0,0.0,0.0,0.0,0.0,0.0,0.0,0.0,-0.1503851076200613
Cody Wilson,WSH,OF,1,1,0,0,0,0,0,0,0,0,0,0,0,0.0,0.0,0.0,0.0,0.0,0.0,0.0,-0.1503851076200613
