,Name,Team,Pos,GMS,AB,R,H,2B,3B,HR,RBI,BB,SO,SB,CS,TB,AVG,OBP,SLG,OPS,ISO,PTS,FPPG,Projected_FPPG
0,Ronald Acuña Jr.,ATL,LF,26,96,26,32,7,1,9,20,16,16,3,0,68,0.333,0.431,0.708,1.139,0.375,429.2,16.507692307692302,11.383222450275404
1,J.D. Martinez,BOS,LF,27,101,21,35,10,0,9,26,14,26,0,0,72,0.34700000000000003,0.431,0.713,1.144,0.366,419.2,15.525925925925925,11.281578080439402
2,Kris Bryant,CHC,3B,26,96,21,31,10,0,9,22,13,26,0,1,68,0.32299999999999995,0.405,0.708,1.113,0.385,390.2,15.007692307692306,11.043513414436052
3,Nick Castellanos,CIN,RF,25,106,22,35,6,1,9,20,5,20,1,0,70,0.33,0.366,0.66,1.026,0.33,374.4,14.976,10.125717150646414
4,Vladimir Guerrero Jr.,TOR,1B,26,86,18,29,4,0,7,20,22,18,1,0,54,0.337,0.486,0.628,1.114,0.29100000000000004,370.6,14.253846153846155,10.746533930111113
5,Shohei Ohtani,LAA,DH,26,99,19,26,6,2,8,20,4,27,6,1,60,0.263,0.311,0.606,0.917,0.34299999999999997,367.8,14.146153846153847,9.501137205349204
6,Mike Trout,LAA,CF,23,80,20,33,8,0,7,16,16,24,0,0,62,0.412,0.515,0.775,1.29,0.363,357.0,15.521739130434785,12.139402509238113
7,Justin Turner,LAD,3B,27,101,19,34,7,0,6,21,14,25,0,0,59,0.337,0.415,0.584,0.999,0.247,356.3,13.196296296296294,9.574842288420623
8,José Ramírez,CLE,3B,26,93,16,26,4,1,8,17,13,10,4,0,56,0.28,0.3670000000000001,0.602,0.969,0.322,344.7,13.257692307692306,9.583178071515302
9,Rafael Devers,BOS,3B,27,99,16,28,7,0,7,21,13,25,1,2,56,0.28300000000000003,0.368,0.5660000000000001,0.934,0.28300000000000003,340.7,12.618518518518519,9.232396751574335
10,Mark Canha,OAK,CF,28,103,26,26,3,1,4,8,16,28,5,1,43,0.252,0.389,0.417,0.8059999999999999,0.165,339.2,12.114285714285714,8.152465919408126
11,Nate Lowe,TEX,1B,29,107,12,29,3,0,6,24,14,33,3,0,50,0.271,0.361,0.467,0.828,0.196,335.4,11.565517241379311,8.261201391692827
12,Mitch Haniger,SEA,RF,27,108,19,29,7,1,7,21,8,27,0,0,59,0.269,0.311,0.546,0.857,0.27699999999999997,335.3,12.41851851851852,8.63952100824151
13,Ryan McMahon,COL,2B,28,106,18,29,5,0,8,20,8,26,1,0,58,0.274,0.322,0.547,0.8690000000000001,0.273,331.6,11.842857142857143,8.673964996759643
14,Nelson Cruz,MIN,DH,25,84,20,27,2,1,8,21,7,16,0,0,55,0.321,0.375,0.655,1.03,0.33399999999999996,329.5,13.18,10.047944844587239
15,Chris Taylor,LAD,LF,25,84,24,23,4,2,4,13,15,24,3,0,43,0.274,0.413,0.512,0.925,0.23800000000000002,329.3,13.172,9.246605565778115
16,Nick Solak,TEX,2B,29,107,19,31,3,0,7,15,6,36,2,1,55,0.29,0.3670000000000001,0.514,0.8809999999999999,0.22399999999999998,329.3,11.355172413793106,8.617583939333533
17,Byron Buxton,MIN,CF,20,76,16,31,9,0,8,15,3,17,3,0,64,0.408,0.444,0.8420000000000001,1.286,0.434,328.7,16.435,12.219520668544316
18,Trevor Story,COL,SS,28,102,17,29,8,2,4,18,10,23,3,2,53,0.284,0.348,0.52,0.868,0.23600000000000002,327.4,11.692857142857141,8.426222098990005
19,Bo Bichette,TOR,SS,26,105,20,28,6,0,7,16,6,29,3,0,55,0.267,0.316,0.524,0.84,0.257,327.0,12.576923076923075,8.532869855747293
20,Carlos Santana,KC,1B,26,93,16,26,4,0,6,21,17,16,1,0,48,0.28,0.387,0.516,0.903,0.23600000000000002,325.7,12.526923076923074,8.894520804561788
21,Rhys Hoskins,PHI,1B,28,112,20,27,8,0,8,16,7,38,1,0,59,0.241,0.28600000000000003,0.527,0.813,0.28600000000000003,324.0,11.571428571428573,8.386423918130673
22,Whit Merrifield,KC,2B,26,104,17,28,6,0,3,19,7,11,8,1,43,0.269,0.31,0.413,0.723,0.14400000000000002,321.9,12.380769230769232,7.266652337829542
23,Jared Walsh,LAA,1B,25,90,14,32,4,1,6,21,8,19,0,0,56,0.35600000000000004,0.422,0.622,1.044,0.266,319.3,12.772,9.769561518152937
24,Eduardo Escobar,ARI,3B,27,107,19,26,6,1,7,17,9,21,1,0,55,0.243,0.299,0.514,0.813,0.271,318.3,11.788888888888891,8.264938989314045
25,Corey Seager,LAD,SS,27,109,16,28,6,2,4,18,15,22,1,0,50,0.257,0.35200000000000004,0.459,0.8109999999999999,0.20199999999999999,318.2,11.785185185185185,8.05825351029349
26,Javier Báez,CHC,SS,24,94,15,23,2,1,7,22,1,39,6,0,48,0.245,0.27,0.511,0.7809999999999999,0.266,317.0,13.208333333333336,8.272712248804279
27,Isiah Kiner-Falefa,TEX,3B,29,119,19,33,2,2,5,12,5,24,5,0,54,0.277,0.317,0.454,0.7709999999999999,0.177,315.8,10.889655172413793,7.548665558900954
28,Freddie Freeman,ATL,1B,28,102,15,22,3,0,7,18,19,19,1,0,46,0.21600000000000005,0.344,0.451,0.795,0.235,315.0,11.25,8.133066556042753
29,Bryce Harper,PHI,RF,24,82,18,26,5,0,6,10,17,21,3,0,49,0.317,0.446,0.598,1.044,0.281,314.6,13.108333333333334,10.018404600569294
30,Xander Bogaerts,BOS,SS,27,106,14,37,10,0,5,15,6,19,2,0,62,0.349,0.384,0.585,0.969,0.23600000000000002,313.3,11.603703703703706,8.89840986089251
31,Ramón Laureano,OAK,CF,26,103,16,24,4,2,5,12,7,28,8,3,47,0.233,0.301,0.456,0.757,0.223,312.2,12.007692307692306,7.767025427569753
32,Jesse Winker,CIN,LF,21,85,20,31,5,1,6,16,7,20,0,0,56,0.365,0.419,0.659,1.078,0.294,312.0,14.857142857142858,10.270722748518065
33,Jesús Aguilar,MIA,1B,25,84,13,25,4,0,6,23,16,13,0,0,47,0.298,0.398,0.56,0.958,0.262,311.1,12.444,9.257201888359825
34,David Peralta,ARI,LF,27,100,15,30,4,4,3,22,9,14,1,0,51,0.3,0.358,0.51,0.868,0.21,311.0,11.518518518518519,8.258455201658082
35,Manny Machado,SD,3B,28,108,14,25,2,1,4,17,15,21,5,2,41,0.231,0.32299999999999995,0.38,0.703,0.149,302.3,10.796428571428573,7.106746245125309
36,Fernando Tatis Jr.,SD,SS,20,75,20,18,3,0,8,12,10,25,5,1,45,0.24,0.326,0.6,0.926,0.36,301.0,15.05,9.721812145854479
37,Matt Olson,OAK,1B,23,86,14,27,6,0,7,19,7,17,0,1,54,0.314,0.375,0.628,1.003,0.314,300.3,13.056521739130435,9.676588731746445
38,Yuli Gurriel,HOU,1B,27,98,11,32,7,0,4,18,16,12,0,0,51,0.327,0.421,0.52,0.941,0.193,299.2,11.08148148148148,8.605856141088701
39,Alex Verdugo,BOS,CF,27,98,20,30,7,1,3,13,9,15,2,0,48,0.306,0.369,0.49,0.8590000000000001,0.184,298.5,11.055555555555555,8.070844984333542
40,Aaron Judge,NYY,RF,25,89,11,25,4,0,7,18,15,26,0,0,50,0.281,0.385,0.562,0.947,0.281,293.2,11.728,9.199638190556765
41,Trea Turner,WSH,SS,24,94,13,29,4,0,6,10,4,24,7,0,51,0.309,0.35600000000000004,0.5429999999999999,0.899,0.23399999999999999,292.6,12.191666666666668,8.602320006608995
42,Ty France,SEA,3B,29,104,18,28,8,0,3,13,13,28,0,0,45,0.269,0.374,0.433,0.807,0.16399999999999998,292.1,10.072413793103447,7.72366310499614
43,Eric Hosmer,SD,1B,28,106,11,32,5,0,3,17,12,16,3,1,46,0.302,0.375,0.434,0.809,0.132,289.7,10.346428571428572,7.483843674953476
44,Cedric Mullins,BAL,CF,28,109,14,35,9,0,4,9,11,24,2,2,56,0.321,0.38,0.514,0.894,0.193,289.3,10.332142857142856,8.123468353771264
45,Garrett Hampson,COL,2B,26,97,19,24,7,1,3,11,9,26,6,1,42,0.247,0.306,0.433,0.7390000000000001,0.18600000000000003,288.3,11.088461538461539,7.390465379464132
46,Willson Contreras,CHC,C,26,84,16,20,2,0,7,16,8,28,2,1,43,0.238,0.333,0.512,0.845,0.27399999999999997,287.2,11.046153846153846,8.518855883524353
47,Kyle Seager,SEA,3B,29,111,9,28,9,1,4,20,7,25,1,0,51,0.252,0.306,0.459,0.765,0.207,284.8,9.820689655172414,7.4051351331505515
48,Nolan Arenado,STL,3B,28,110,12,29,9,1,4,18,8,19,0,0,52,0.264,0.319,0.473,0.792,0.209,284.4,10.157142857142855,7.5976813448198115
49,Marcus Semien,TOR,SS,26,101,12,23,1,0,6,14,11,28,6,0,42,0.228,0.301,0.416,0.7170000000000001,0.188,282.4,10.86153846153846,7.310441603990543
50,Franmil Reyes,CLE,RF,23,86,13,24,4,2,7,18,3,30,1,0,53,0.279,0.308,0.616,0.924,0.337,281.6,12.243478260869566,9.138516354848273
51,Ozzie Albies,ATL,2B,26,96,16,22,10,0,5,14,9,18,1,0,47,0.229,0.306,0.49,0.7959999999999999,0.261,280.2,10.776923076923078,7.963933790808598
52,Trey Mancini,BAL,1B,28,107,13,26,5,0,5,21,8,26,0,0,46,0.243,0.299,0.43,0.7290000000000001,0.187,280.1,10.00357142857143,7.253797332216761
53,Dylan Carlson,STL,CF,28,98,18,26,7,2,3,13,11,29,0,0,46,0.265,0.348,0.469,0.8170000000000001,0.204,280.1,10.00357142857143,7.835964544553447
54,Bryan Reynolds,PIT,LF,27,98,20,28,8,0,2,12,14,25,0,1,42,0.28600000000000003,0.381,0.429,0.81,0.14300000000000002,277.0,10.25925925925926,7.650052222701656
55,Carson Kelly,ARI,C,20,56,13,19,2,0,6,17,15,10,0,0,39,0.339,0.494,0.696,1.19,0.35700000000000004,275.1,13.755,11.426169984722367
56,Salvador Perez,KC,C,26,104,14,28,7,0,6,16,4,30,0,0,53,0.269,0.303,0.51,0.813,0.24100000000000002,274.8,10.569230769230767,7.936546046278599
57,Anthony Rizzo,CHC,1B,28,99,14,22,4,1,5,9,17,16,3,0,43,0.222,0.331,0.434,0.765,0.212,274.3,9.796428571428573,7.472695869816013
58,Max Muncy,LAD,1B,27,85,15,18,2,1,3,11,28,26,0,0,31,0.212,0.422,0.365,0.787,0.153,272.5,10.092592592592592,7.732191718077702
59,Carlos Correa,HOU,SS,27,106,16,30,7,0,4,13,8,19,0,0,49,0.28300000000000003,0.336,0.462,0.7979999999999999,0.179,270.7,10.025925925925923,7.521995220914204
60,Randal Grichuk,TOR,CF,26,94,13,28,4,0,5,19,7,19,0,1,47,0.298,0.343,0.5,0.843,0.20199999999999999,270.1,10.388461538461538,7.930107985445473
61,Yermin Mercedes,CHW,C,23,86,10,34,5,0,5,16,6,14,0,1,54,0.395,0.435,0.628,1.063,0.233,268.0,11.652173913043477,9.447334948293697
62,José Abreu,CHW,1B,27,99,12,20,2,0,5,19,13,33,1,0,37,0.202,0.302,0.374,0.6759999999999999,0.172,266.9,9.885185185185183,6.991070698187187
63,Tyler Naquin,CIN,RF,23,70,11,19,2,0,6,19,9,21,2,1,39,0.271,0.373,0.557,0.93,0.28600000000000003,266.7,11.595652173913045,9.126811010946117
64,Jed Lowrie,OAK,2B,27,98,14,25,6,0,3,19,11,17,0,0,40,0.255,0.33,0.408,0.738,0.153,264.3,9.788888888888891,7.1228466168630415
65,Austin Meadows,TB,LF,26,93,13,20,6,0,5,12,15,27,0,0,41,0.215,0.336,0.441,0.777,0.226,260.6,10.023076923076925,7.731549844317638
66,Colin Moran,PIT,3B,27,94,9,27,6,0,4,19,10,28,0,0,45,0.287,0.35200000000000004,0.479,0.831,0.192,260.3,9.64074074074074,7.774411874584284
67,C.J. Cron,COL,1B,26,87,16,25,4,0,4,13,12,23,0,0,41,0.287,0.38,0.471,0.851,0.184,258.7,9.95,7.995132114732876
68,Jake Cronenworth,SD,SS,29,107,15,28,6,1,2,7,12,19,3,1,42,0.262,0.344,0.393,0.737,0.131,258.5,8.913793103448276,6.822006430457407
69,Mookie Betts,LAD,RF,22,92,16,23,7,0,3,6,13,17,3,2,39,0.25,0.3670000000000001,0.424,0.7909999999999999,0.174,258.2,11.736363636363635,7.707638072245881
70,Adam Eaton,CHW,RF,24,92,16,20,4,1,3,18,8,24,1,0,35,0.217,0.301,0.38,0.6809999999999999,0.163,258.2,10.758333333333333,6.998647337284763
71,Tommy Edman,STL,SS,28,115,14,33,4,1,2,6,9,12,4,1,45,0.287,0.349,0.391,0.74,0.10400000000000001,257.8,9.207142857142856,6.718210019024745
72,Adam Frazier,PIT,2B,26,106,14,31,8,2,0,10,10,12,2,1,43,0.292,0.361,0.406,0.767,0.114,256.8,9.876923076923076,6.976411814223793
73,Joey Votto,CIN,1B,27,102,9,24,6,0,5,17,11,23,0,0,45,0.235,0.31,0.441,0.7509999999999999,0.20600000000000002,256.3,9.492592592592594,7.315605925912627
74,Giancarlo Stanton,NYY,DH,24,96,13,26,3,0,6,15,7,28,0,0,47,0.271,0.32,0.49,0.81,0.21899999999999997,256.1,10.670833333333334,7.866773371768168
75,Wil Myers,SD,LF,28,83,12,21,4,0,4,13,12,23,4,2,37,0.253,0.34700000000000003,0.446,0.7929999999999999,0.193,254.9,9.10357142857143,7.510087652890183
76,Randy Arozarena,TB,LF,26,99,14,27,4,0,3,11,8,36,3,0,40,0.273,0.345,0.404,0.7490000000000001,0.131,254.3,9.78076923076923,7.159999529461933
77,Paul Goldschmidt,STL,1B,26,107,18,25,5,0,3,15,7,29,1,0,39,0.234,0.281,0.364,0.645,0.13,254.1,9.773076923076925,6.528353806554302
78,Joey Gallo,TEX,CF,28,90,14,20,2,0,2,9,24,45,2,0,28,0.222,0.402,0.311,0.713,0.08900000000000001,253.3,9.046428571428573,6.946218304374935
79,Raimel Tapia,COL,LF,27,97,12,31,2,0,3,13,8,12,3,2,42,0.32,0.368,0.433,0.8009999999999999,0.113,251.9,9.329629629629627,7.1178412789686165
80,Joey Wendle,TB,2B,26,90,17,26,8,0,3,16,2,19,0,1,43,0.289,0.316,0.478,0.794,0.18899999999999997,251.4,9.669230769230767,7.442923219920802
81,Andrew Benintendi,KC,LF,24,88,16,24,4,0,3,10,10,20,4,4,37,0.273,0.34700000000000003,0.42,0.767,0.147,251.2,10.466666666666667,7.2746299869286135
82,Yordan Alvarez,HOU,DH,21,80,14,25,8,1,3,15,4,21,0,0,44,0.312,0.36,0.55,0.91,0.23800000000000002,250.3,11.919047619047621,8.593627042644986
83,Jurickson Profar,SD,2B,29,91,14,23,3,1,1,10,15,18,5,0,31,0.253,0.35200000000000004,0.341,0.693,0.08800000000000001,247.8,8.544827586206896,6.39415236280871
84,Matt Chapman,OAK,3B,29,96,11,19,2,2,4,13,17,39,0,0,37,0.198,0.319,0.385,0.7040000000000001,0.187,245.7,8.472413793103447,6.965493794682748
85,Jazz Chisholm,MIA,SS,21,69,11,20,4,1,4,7,9,25,7,0,38,0.29,0.375,0.551,0.926,0.261,245.7,11.7,8.855326351371538
86,Kyle Tucker,HOU,RF,28,101,13,19,3,0,5,15,8,21,2,0,37,0.188,0.246,0.366,0.612,0.17800000000000002,244.1,8.717857142857143,6.260830954003164
87,Yoán Moncada,CHW,3B,25,91,11,24,3,0,3,15,13,31,0,0,36,0.264,0.37,0.396,0.7659999999999999,0.132,243.7,9.748,7.285410507937601
88,Travis Shaw,MIL,3B,25,91,9,20,3,0,5,21,7,28,0,0,38,0.22,0.29,0.418,0.708,0.198,243.3,9.732,7.123907990876367
89,Trent Grisham,SD,RF,20,78,12,25,4,0,4,7,9,23,5,0,41,0.321,0.391,0.526,0.917,0.205,242.9,12.145,8.569517239181131
90,Austin Riley,ATL,LF,28,85,16,28,2,0,3,7,11,25,0,0,39,0.329,0.431,0.459,0.89,0.13,240.7,8.596428571428572,7.816231102755093
91,Paul DeJong,STL,SS,26,93,15,16,1,0,6,13,13,28,0,0,35,0.172,0.28,0.376,0.6559999999999999,0.204,240.5,9.25,6.873861324495376
92,Luis Robert,CHW,CF,25,95,11,30,9,1,1,8,7,28,4,1,44,0.316,0.359,0.463,0.8220000000000001,0.147,240.2,9.608,7.37586308412752
93,Pete Alonso,NYM,1B,22,81,11,21,4,0,5,16,8,26,0,0,40,0.259,0.33,0.494,0.8240000000000001,0.235,238.2,10.827272727272728,8.045582549971776
94,Michael Brantley,HOU,LF,24,94,17,31,10,1,2,6,4,14,0,1,49,0.33,0.364,0.521,0.885,0.191,237.4,9.891666666666667,7.892148104281371
95,Alex Bregman,HOU,3B,22,84,14,24,2,0,4,15,7,15,0,0,38,0.28600000000000003,0.348,0.452,0.8,0.166,235.3,10.695454545454542,7.573390902341957
96,AJ Pollock,LAD,CF,25,83,13,22,4,0,4,15,5,23,2,0,38,0.265,0.307,0.458,0.765,0.193,235.1,9.404,7.293327713564174
97,Will Smith,LAD,C,22,70,14,17,6,1,3,9,12,13,1,0,34,0.243,0.379,0.486,0.865,0.243,232.3,10.55909090909091,8.350321639827973
98,Maikel Franco,BAL,3B,27,104,8,24,6,0,3,17,10,24,0,0,39,0.231,0.298,0.375,0.6729999999999999,0.14400000000000002,232.1,8.596296296296297,6.484173887691751
99,Gio Urshela,NYY,3B,25,91,9,25,4,0,4,16,6,25,1,0,41,0.275,0.316,0.451,0.767,0.17600000000000002,231.8,9.272,7.188942637431315
100,Eddie Rosario,CLE,LF,26,98,11,22,3,1,2,14,6,20,5,0,33,0.224,0.267,0.337,0.604,0.113,231.2,8.892307692307693,5.923871880757538
101,Asdrúbal Cabrera,ARI,3B,24,77,14,19,6,0,2,12,17,15,0,0,31,0.247,0.379,0.403,0.782,0.156,230.8,9.616666666666667,7.407047075541488
102,Avisaíl García,MIL,RF,25,90,13,20,2,0,3,12,11,28,3,2,31,0.222,0.311,0.344,0.655,0.122,230.6,9.224,6.44254520017077
103,Evan Longoria,SF,3B,24,69,13,19,5,0,4,12,13,20,0,0,36,0.275,0.39,0.522,0.912,0.247,230.6,9.608333333333333,8.598315324192775
104,Pavin Smith,ARI,1B,25,92,13,25,6,2,3,10,5,16,1,0,44,0.272,0.309,0.478,0.787,0.20600000000000002,229.6,9.184,7.290026854171975
105,J.T. Realmuto,PHI,C,26,77,9,24,5,1,2,11,10,19,2,0,37,0.312,0.407,0.481,0.888,0.16899999999999998,229.3,8.819230769230769,7.8836037908390635
106,Buster Posey,SF,C,18,64,14,23,3,0,6,9,6,12,0,0,44,0.359,0.423,0.688,1.111,0.32899999999999996,229.3,12.738888888888885,10.349109271524524
107,Yadier Molina,STL,C,19,65,13,21,5,0,5,14,5,15,0,0,41,0.32299999999999995,0.366,0.631,0.997,0.308,228.6,12.031578947368422,9.435193050313602
108,DJ LeMahieu,NYY,2B,26,104,16,28,5,0,1,6,14,18,1,0,36,0.269,0.35600000000000004,0.34600000000000003,0.7020000000000001,0.077,228.2,8.776923076923076,6.447886392603367
109,Eugenio Suárez,CIN,3B,26,101,15,15,4,0,5,12,10,44,0,0,34,0.149,0.237,0.337,0.574,0.188,228.0,8.76923076923077,6.297064138581096
110,Brandon Lowe,TB,2B,27,95,12,19,4,0,4,11,12,31,0,0,35,0.2,0.309,0.368,0.677,0.168,226.9,8.403703703703703,6.699718342274067
111,Kike Hernández,BOS,2B,27,104,16,24,6,1,3,9,5,26,0,0,41,0.231,0.277,0.394,0.6709999999999999,0.163,226.7,8.396296296296295,6.466190793648635
112,Tim Anderson,CHW,SS,18,75,15,22,2,0,4,9,3,22,5,2,36,0.293,0.321,0.48,0.8009999999999999,0.187,226.5,12.583333333333336,7.709690196237248
113,Alec Bohm,PHI,3B,28,100,12,23,3,0,3,15,6,27,2,0,35,0.23,0.264,0.35,0.614,0.12,225.9,8.067857142857143,5.921392009966858
114,Robbie Grossman,DET,LF,28,92,9,18,3,0,2,7,20,29,4,0,27,0.196,0.348,0.293,0.6409999999999999,0.09699999999999999,224.3,8.010714285714286,6.172468726636706
115,Luis Arraez,MIN,2B,24,83,14,24,2,1,1,11,14,11,0,0,31,0.289,0.4,0.373,0.773,0.084,224.3,9.345833333333333,6.9576015042512385
116,Marcell Ozuna,ATL,LF,28,108,10,22,2,0,3,15,12,29,0,0,33,0.204,0.289,0.306,0.595,0.102,222.5,7.946428571428571,5.900849449503031
117,Jordan Luplow,CLE,RF,21,60,9,11,3,0,6,15,12,17,0,1,32,0.183,0.329,0.5329999999999999,0.862,0.35,216.3,10.3,8.843165934164933
118,Brandon Belt,SF,1B,27,74,10,15,3,0,4,11,14,30,2,1,30,0.203,0.326,0.405,0.731,0.20199999999999999,214.5,7.9444444444444455,7.069519238749973
119,Phillip Evans,PIT,3B,24,86,14,19,2,0,4,7,9,22,1,0,33,0.221,0.32299999999999995,0.384,0.7070000000000001,0.163,213.3,8.887500000000003,6.855890953205412
120,Jeimer Candelario,DET,3B,29,108,11,30,5,0,2,8,9,30,0,0,41,0.278,0.333,0.38,0.713,0.102,213.2,7.351724137931034,6.345356207990598
121,Manuel Margot,TB,CF,26,82,10,22,4,1,2,13,7,16,2,2,34,0.268,0.322,0.415,0.737,0.147,212.5,8.173076923076923,6.660884299477573
122,Justin Upton,LAA,LF,23,86,11,20,2,0,5,12,7,26,0,0,37,0.233,0.295,0.43,0.725,0.19699999999999998,212.2,9.22608695652174,7.054593708318699
123,Starling Marte,MIA,CF,15,57,15,18,2,1,2,8,8,14,3,2,28,0.316,0.42,0.491,0.911,0.175,211.0,14.066666666666665,8.561505540076121
124,Miguel Rojas,MIA,SS,25,88,13,21,6,1,0,7,11,12,3,1,29,0.239,0.337,0.33,0.667,0.091,210.1,8.404,6.144393308249036
125,Nick Madrigal,CHW,2B,23,80,16,25,4,2,0,9,5,3,1,1,33,0.312,0.364,0.412,0.7759999999999999,0.1,208.7,9.07391304347826,6.786310835063908
126,Myles Straw,HOU,CF,27,93,10,21,3,1,0,11,9,22,5,1,26,0.226,0.295,0.28,0.575,0.054000000000000006,208.5,7.722222222222222,5.3620918076523205
127,Adolis García,TEX,RF,19,73,10,17,1,1,5,14,4,25,1,3,35,0.233,0.278,0.479,0.757,0.24600000000000002,207.0,10.894736842105265,7.506514388216894
128,Luis Urías,MIL,2B,25,69,7,16,4,0,3,13,14,19,1,0,29,0.232,0.365,0.42,0.785,0.188,205.9,8.236,7.354482306940907
129,Dom Nuñez,COL,C,18,54,10,12,2,2,5,15,7,25,0,0,33,0.222,0.311,0.611,0.922,0.389,204.5,11.361111111111109,9.380751266212716
130,Corey Dickerson,MIA,LF,26,79,11,25,5,1,1,7,8,17,1,2,35,0.316,0.4,0.443,0.843,0.127,203.7,7.834615384615384,7.234860289935684
131,Mike Yastrzemski,SF,RF,22,79,11,17,6,1,4,6,10,29,1,0,37,0.215,0.303,0.468,0.7709999999999999,0.253,203.2,9.236363636363636,7.545351972116838
132,Tucker Barnhart,CIN,C,21,62,13,19,5,0,3,11,6,25,0,0,33,0.306,0.386,0.532,0.918,0.226,203.1,9.67142857142857,8.511420641733988
133,Josh Rojas,ARI,3B,25,68,13,16,3,0,4,10,9,21,1,0,31,0.235,0.325,0.456,0.7809999999999999,0.221,202.6,8.104,7.404329869378787
134,Dylan Moore,SEA,SS,28,76,8,11,4,0,2,11,12,30,6,1,21,0.145,0.267,0.276,0.5429999999999999,0.131,202.1,7.2178571428571425,5.4875528079704825
135,David Fletcher,LAA,3B,26,113,15,30,3,0,0,10,4,13,1,0,33,0.265,0.28800000000000003,0.292,0.58,0.027000000000000003,200.0,7.6923076923076925,5.31069483326767
136,Omar Narváez,MIL,C,22,68,7,25,2,0,3,11,8,10,0,0,36,0.368,0.443,0.529,0.972,0.161,198.9,9.040909090909091,8.345569769542708
137,Christian Vázquez,BOS,C,24,88,13,22,4,0,2,8,5,17,3,0,32,0.25,0.287,0.364,0.6509999999999999,0.114,198.6,8.275,6.040115157896965
138,Wilson Ramos,DET,C,27,87,9,19,4,0,6,9,5,21,0,0,41,0.218,0.261,0.471,0.732,0.253,198.3,7.344444444444445,6.909388207999204
139,Adam Duvall,MIA,LF,26,89,9,16,3,1,4,14,4,35,1,0,33,0.18,0.223,0.371,0.594,0.191,197.8,7.607692307692307,5.993027224726754
140,Jorge Soler,KC,RF,26,85,10,16,7,0,2,12,9,30,0,0,29,0.188,0.28300000000000003,0.341,0.624,0.153,197.0,7.5769230769230775,6.105992070703528
141,Akil Baddoo,DET,CF,22,69,6,14,4,3,4,13,3,33,2,0,36,0.203,0.233,0.522,0.755,0.319,193.7,8.804545454545455,7.493324912282818
142,Taylor Trammell,SEA,CF,24,74,10,12,2,0,4,11,10,37,2,2,26,0.162,0.271,0.35100000000000003,0.622,0.18899999999999997,193.5,8.0625,6.373058037545243
143,Tyler O'Neill,STL,LF,18,63,12,17,2,0,5,10,1,22,2,1,34,0.27,0.292,0.54,0.8320000000000001,0.27,193.4,10.744444444444444,8.027477504197243
144,Didi Gregorius,PHI,SS,23,83,6,20,2,0,3,17,3,17,1,0,31,0.241,0.275,0.373,0.648,0.132,192.7,8.378260869565217,6.078129333727271
145,J.P. Crawford,SEA,SS,29,94,13,25,5,0,0,8,9,18,1,1,30,0.266,0.33,0.319,0.649,0.053,192.6,6.641379310344827,5.606922046150145
146,Andrew McCutchen,PHI,CF,24,84,8,15,1,1,2,9,16,27,2,0,24,0.179,0.307,0.28600000000000003,0.593,0.107,189.1,7.879166666666666,5.8284457798064055
147,Freddy Galvis,BAL,SS,24,79,11,21,6,1,2,7,6,19,1,0,35,0.266,0.318,0.443,0.7609999999999999,0.177,188.7,7.8625,6.877858147310016
148,Michael A. Taylor,KC,CF,26,84,11,22,2,0,2,7,7,23,3,0,30,0.262,0.319,0.35700000000000004,0.6759999999999999,0.095,188.7,7.257692307692308,6.03715536656147
149,Brandon Nimmo,NYM,CF,21,66,7,21,5,0,1,8,12,22,2,1,29,0.318,0.43,0.439,0.8690000000000001,0.121,188.4,8.971428571428572,7.635365820467649
150,Austin Slater,SF,RF,26,80,7,17,2,1,2,7,10,31,5,0,27,0.212,0.3,0.338,0.638,0.126,187.9,7.226923076923077,5.971077143250291
151,Charlie Blackmon,COL,RF,25,81,8,16,6,0,1,12,12,15,0,0,25,0.198,0.32299999999999995,0.309,0.632,0.111,187.6,7.504,5.965207128668317
152,Jorge Polanco,MIN,SS,24,91,12,19,4,0,1,10,6,16,2,1,26,0.209,0.267,0.28600000000000003,0.5529999999999999,0.077,187.4,7.808333333333334,5.2946348086947275
153,Aaron Hicks,NYY,CF,25,89,10,14,2,0,4,10,10,25,0,0,28,0.157,0.255,0.315,0.57,0.158,187.0,7.48,5.803341687063468
154,Cesar Hernández,CLE,2B,25,96,14,18,3,0,2,5,14,19,0,0,27,0.188,0.29100000000000004,0.281,0.5720000000000001,0.09300000000000001,185.3,7.412000000000001,5.56181490726538
155,Albert Pujols,LAA,1B,22,78,9,15,0,0,5,12,3,11,1,0,30,0.192,0.25,0.385,0.635,0.193,184.8,8.4,6.2756217252865305
156,Brandon Crawford,SF,SS,23,73,10,15,2,0,4,10,5,20,2,0,29,0.205,0.266,0.397,0.6629999999999999,0.192,184.0,8.0,6.426128518180054
157,Josh Harrison,WSH,2B,17,61,9,22,3,0,2,9,6,8,0,3,31,0.361,0.451,0.508,0.959,0.147,183.3,10.782352941176471,8.388255964643706
158,Nicky Lopez,KC,2B,26,68,14,16,2,2,0,7,12,9,2,0,22,0.235,0.34600000000000003,0.324,0.67,0.08900000000000001,183.3,7.050000000000002,5.9405021009675085
159,Jason Heyward,CHC,RF,27,88,11,17,4,1,2,8,7,24,2,0,29,0.193,0.253,0.33,0.583,0.13699999999999998,183.2,6.785185185185185,5.546279865111218
160,Sean Murphy,OAK,C,21,65,8,13,3,0,4,9,10,21,0,0,28,0.2,0.342,0.431,0.773,0.231,183.1,8.719047619047616,7.555773319666262
161,Michael Conforto,NYM,RF,21,74,6,19,6,0,2,9,9,21,0,0,31,0.257,0.368,0.419,0.787,0.162,182.7,8.7,7.238415742647865
162,Gleyber Torres,NYY,SS,26,98,8,24,5,0,0,7,13,19,1,1,29,0.245,0.333,0.29600000000000004,0.629,0.051,182.1,7.003846153846153,5.5787914478882605
163,Gregory Polanco,PIT,RF,23,77,11,16,3,0,3,5,9,24,3,0,28,0.208,0.29100000000000004,0.364,0.655,0.156,181.7,7.899999999999999,6.277523092601388
164,José Iglesias,LAA,SS,26,101,13,27,2,0,2,6,2,17,1,0,35,0.267,0.282,0.34700000000000003,0.629,0.08,179.6,6.907692307692307,5.576298163553216
165,Niko Goodrum,DET,3B,22,74,10,15,2,1,4,6,6,33,2,1,31,0.203,0.272,0.419,0.691,0.21600000000000003,179.0,8.136363636363637,6.748534611819124
166,Nick Senzel,CIN,CF,26,74,12,19,3,1,1,5,10,12,2,4,27,0.257,0.341,0.365,0.706,0.10800000000000001,178.9,6.880769230769231,6.108408432122786
167,Dansby Swanson,ATL,SS,28,104,6,21,4,1,2,7,7,34,1,1,33,0.202,0.272,0.317,0.589,0.115,178.7,6.382142857142857,5.500499419268302
168,Mike Moustakas,CIN,2B,17,56,11,14,5,0,3,8,8,11,0,0,28,0.25,0.353,0.5,0.853,0.25,177.2,10.423529411764703,8.160838179342596
169,Jonathan India,CIN,3B,21,67,9,16,1,2,1,14,5,20,0,0,24,0.239,0.316,0.358,0.674,0.11900000000000001,176.8,8.419047619047621,6.256882335140798
170,Yandy Díaz,TB,3B,27,85,7,20,3,0,0,7,18,16,0,0,23,0.235,0.381,0.271,0.652,0.036000000000000004,175.9,6.514814814814816,5.659611207254502
171,Jackie Bradley Jr.,MIL,CF,26,95,12,18,3,2,2,4,2,31,1,1,31,0.189,0.252,0.326,0.578,0.13699999999999998,175.4,6.746153846153847,5.551478630221522
172,Mike Zunino,TB,C,17,54,12,11,2,0,5,10,5,20,0,0,28,0.204,0.28300000000000003,0.519,0.802,0.315,175.4,10.31764705882353,8.131662665190252
173,José Altuve,HOU,2B,18,73,13,19,4,0,1,9,6,12,1,1,26,0.26,0.305,0.35600000000000004,0.6609999999999999,0.096,175.1,9.727777777777778,6.113979859568006
174,Ryan Mountcastle,BAL,OF,27,98,8,21,6,0,1,8,4,31,3,0,30,0.214,0.24,0.306,0.546,0.092,173.6,6.42962962962963,5.06664455763134
175,Jacob Stallings,PIT,C,22,65,7,16,7,0,1,8,14,18,0,0,26,0.246,0.388,0.4,0.7879999999999999,0.154,173.4,7.881818181818183,7.169619447198121
176,Jon Berti,MIA,3B,25,64,11,12,4,0,2,8,11,20,1,2,22,0.188,0.312,0.344,0.6559999999999999,0.156,171.2,6.848,6.173515560916324
177,Zach McKinstry,LAD,2B,17,54,7,16,5,0,3,14,2,14,0,0,30,0.29600000000000004,0.328,0.556,0.884,0.26,170.4,10.023529411764708,8.218757069551081
178,Marwin Gonzalez,BOS,3B,23,74,10,14,4,0,1,6,10,18,2,0,21,0.189,0.315,0.284,0.599,0.095,170.0,7.391304347826088,5.6797336900519415
179,Austin Hays,BAL,RF,15,56,12,14,2,0,4,10,3,14,0,0,28,0.25,0.3,0.5,0.8,0.25,169.4,11.293333333333333,7.796940913707195
180,Juan Soto,WSH,LF,14,50,11,15,2,0,2,8,10,7,1,2,23,0.3,0.41,0.46,0.87,0.16,168.2,12.014285714285714,8.005610770395593
181,Mitch Moreland,OAK,1B,24,68,8,15,2,0,3,11,7,18,0,0,26,0.221,0.295,0.382,0.677,0.161,166.1,6.9208333333333325,6.229464997699035
182,Mitch Garver,MIN,C,20,65,7,12,3,0,5,12,3,28,0,0,30,0.185,0.221,0.462,0.6829999999999999,0.27699999999999997,163.4,8.17,6.853375146236162
183,Ian Happ,CHC,CF,26,84,9,14,1,0,2,4,15,33,1,1,21,0.16699999999999998,0.307,0.25,0.557,0.083,162.8,6.261538461538462,5.3288217189434475
184,Erik González,PIT,SS,25,83,5,19,5,0,2,14,2,14,0,0,30,0.229,0.247,0.361,0.608,0.132,161.0,6.44,5.458436446690594
185,Jake Marisnick,CHC,CF,22,46,8,12,3,2,2,11,4,17,1,1,25,0.261,0.333,0.5429999999999999,0.8759999999999999,0.282,160.1,7.277272727272727,8.063659880719035
186,Alex Dickerson,SF,LF,28,71,8,15,1,0,3,11,5,18,0,0,25,0.211,0.282,0.35200000000000004,0.634,0.141,160.1,5.717857142857143,5.6743685841345615
187,Yasmani Grandal,CHW,C,18,55,10,7,2,0,2,9,17,14,0,0,15,0.127,0.333,0.273,0.606,0.146,159.5,8.861111111111109,6.278914358859407
188,Starlin Castro,WSH,2B,24,91,3,23,5,0,1,13,3,18,0,0,31,0.253,0.271,0.341,0.612,0.08800000000000001,157.1,6.5458333333333325,5.361882838128242
189,Kolten Wong,MIL,2B,17,54,8,16,4,0,2,5,6,10,2,1,26,0.29600000000000004,0.381,0.481,0.862,0.185,157.1,9.241176470588234,7.745226075946438
190,Lourdes Gurriel Jr.,TOR,LF,23,84,8,19,3,0,2,8,3,21,1,0,28,0.226,0.256,0.333,0.589,0.107,155.6,6.765217391304348,5.377920080780655
191,Hunter Dozier,KC,3B,22,75,6,11,2,1,3,11,6,24,1,1,24,0.147,0.21,0.32,0.53,0.17300000000000001,153.7,6.986363636363635,5.350677423462132
192,David Dahl,TEX,LF,25,89,10,17,3,0,2,9,3,27,0,1,26,0.191,0.221,0.292,0.513,0.10099999999999999,153.5,6.14,4.855834471385446
193,Garrett Cooper,MIA,1B,25,79,7,14,3,0,2,10,6,29,0,0,23,0.177,0.261,0.29100000000000004,0.552,0.114,153.4,6.136,5.255115069331827
194,Amed Rosario,CLE,SS,23,71,10,15,2,1,2,5,7,14,1,0,25,0.211,0.282,0.35200000000000004,0.634,0.141,151.5,6.586956521739131,5.784720375812665
195,Rougned Odor,NYY,2B,18,59,7,10,0,0,4,11,6,9,0,0,22,0.16899999999999998,0.269,0.373,0.642,0.204,150.9,8.383333333333333,6.401096999760916
196,David Bote,CHC,3B,27,72,6,13,3,0,2,11,7,19,0,1,22,0.181,0.268,0.306,0.574,0.125,150.7,5.5814814814814815,5.225063024053699
197,Anthony Rendon,LAA,3B,14,55,8,15,2,0,2,10,7,11,0,0,23,0.273,0.349,0.418,0.767,0.145,150.6,10.757142857142856,7.094789279945807
198,Travis d'Arnaud,ATL,C,23,82,5,18,4,0,2,11,4,20,0,0,28,0.22,0.253,0.341,0.594,0.121,150.5,6.543478260869565,5.414452812758486
199,Hunter Renfroe,BOS,RF,21,68,9,13,2,0,2,11,6,20,0,1,21,0.191,0.25,0.309,0.5589999999999999,0.11800000000000001,148.3,7.061904761904763,5.315709851875738
200,Aledmys Díaz,HOU,2B,17,58,7,15,5,0,1,11,2,12,0,0,23,0.259,0.328,0.397,0.725,0.138,147.9,8.700000000000001,6.615362555318366
201,Victor Caratini,SD,C,23,65,5,14,2,0,1,11,10,25,1,0,19,0.215,0.316,0.292,0.608,0.077,147.5,6.413043478260869,5.476989574919654
202,Roberto Pérez,CLE,C,18,56,6,8,1,0,3,9,11,25,1,0,18,0.14300000000000002,0.294,0.321,0.615,0.17800000000000002,146.7,8.149999999999999,6.286612544210229
203,Guillermo Heredia,ATL,CF,13,40,7,12,5,0,2,8,8,13,0,0,23,0.3,0.429,0.575,1.004,0.275,146.4,11.261538461538462,9.434755393777541
204,Justin Williams,STL,RF,28,67,7,12,0,0,3,8,10,27,0,1,21,0.179,0.295,0.313,0.608,0.134,146.4,5.228571428571429,5.522366126809285
205,Sam Haggerty,SEA,2B,21,55,10,11,1,0,2,5,4,18,5,0,18,0.2,0.254,0.327,0.581,0.127,145.5,6.928571428571429,5.400989262091306
206,Jeff McNeil,NYM,LF,21,65,9,15,3,0,2,5,7,7,0,0,24,0.231,0.324,0.369,0.693,0.138,145.3,6.919047619047619,6.223796625687868
207,Billy McKinney,MIL,RF,26,66,9,16,2,1,3,5,4,17,0,0,29,0.242,0.28600000000000003,0.439,0.725,0.19699999999999998,145.3,5.588461538461538,6.336059095472955
208,Darin Ruf,SF,1B,22,39,8,8,1,0,3,10,7,14,1,0,18,0.205,0.333,0.462,0.795,0.257,144.6,6.572727272727272,7.527443956204537
209,Cavan Biggio,TOR,2B,22,73,8,13,1,1,2,4,12,30,0,0,22,0.17800000000000002,0.299,0.301,0.6,0.12300000000000001,144.6,6.572727272727272,5.706012207061932
210,Ryan Zimmerman,WSH,1B,17,47,6,15,1,0,4,10,2,13,0,0,28,0.319,0.34700000000000003,0.596,0.943,0.27699999999999997,144.2,8.482352941176469,8.537665837321452
211,Max Kepler,MIN,RF,16,54,6,12,5,1,0,8,6,13,3,0,19,0.222,0.306,0.35200000000000004,0.6579999999999999,0.13,143.2,8.95,6.134607996196176
212,Willy Adames,TB,SS,28,90,7,15,3,1,2,7,4,30,1,1,26,0.16699999999999998,0.202,0.289,0.491,0.122,142.9,5.103571428571429,4.574190135033701
213,Andrelton Simmons,MIN,SS,16,52,9,15,4,0,1,6,8,9,0,0,22,0.28800000000000003,0.393,0.423,0.816,0.135,142.8,8.925,7.28574706705257
214,Keston Hiura,MIL,2B,26,79,8,12,4,1,1,5,6,32,1,0,21,0.152,0.247,0.266,0.513,0.114,142.1,5.465384615384616,4.895257923475921
215,DJ Stewart,BAL,RF,19,64,9,12,2,0,2,7,9,17,0,0,20,0.188,0.28800000000000003,0.312,0.6,0.124,140.3,7.3842105263157904,5.726879356847705
216,Josh Bell,WSH,1B,16,57,12,8,3,0,2,9,5,17,0,0,17,0.14,0.219,0.298,0.517,0.158,138.9,8.68125,5.405891347951597
217,Christian Arroyo,BOS,3B,20,63,8,19,7,0,0,4,3,16,1,0,26,0.302,0.353,0.413,0.7659999999999999,0.111,138.6,6.93,6.501882794175091
218,Francisco Lindor,NYM,SS,22,82,10,14,1,0,1,3,12,12,0,1,18,0.171,0.289,0.22,0.509,0.049,138.5,6.295454545454546,4.7726634609997305
219,Jonathan Schoop,DET,2B,26,89,8,17,1,0,2,8,4,29,0,0,24,0.191,0.221,0.27,0.491,0.079,137.6,5.292307692307691,4.51107216630893
220,José Marmolejos,SEA,1B,22,55,7,9,2,0,3,8,9,22,0,0,20,0.16399999999999998,0.281,0.364,0.645,0.2,137.4,6.245454545454546,6.2134811045428044
221,J.D. Davis,NYM,3B,14,41,5,16,3,0,2,7,4,15,0,0,25,0.39,0.479,0.61,1.089,0.22,136.5,9.75,9.568813200132283
222,Leury García,CHW,CF,20,65,11,13,3,0,0,10,2,19,2,0,16,0.2,0.224,0.246,0.47,0.046,136.2,6.81,4.3463606883138715
223,Nico Hoerner,CHC,SS,11,36,3,14,6,0,0,7,8,7,3,1,20,0.389,0.5,0.556,1.056,0.16699999999999998,136.1,12.372727272727273,9.245628721302818
224,Jean Segura,PHI,SS,17,60,7,20,4,0,1,5,3,10,1,0,27,0.333,0.359,0.45,0.809,0.11699999999999999,135.9,7.994117647058823,6.837231297938283
225,Wilmer Flores,SF,2B,28,63,8,12,3,0,1,8,8,9,0,0,18,0.19,0.28800000000000003,0.28600000000000003,0.574,0.096,134.6,4.807142857142857,4.918502770972862
226,Kyle Higashioka,NYY,C,14,34,6,9,3,0,4,7,6,10,0,0,24,0.265,0.375,0.706,1.081,0.441,133.7,9.55,10.534284150647872
227,Josh Donaldson,MIN,3B,15,49,7,14,3,0,2,6,7,5,0,0,23,0.28600000000000003,0.368,0.469,0.8370000000000001,0.183,133.4,8.893333333333334,7.513671236092311
228,Tommy La Stella,SF,2B,25,68,8,16,3,1,1,5,6,10,0,0,24,0.235,0.297,0.353,0.65,0.11800000000000001,133.1,5.324,5.5155538235723025
229,Rio Ruiz,BAL,3B,22,66,7,11,3,0,2,5,7,23,2,0,20,0.16699999999999998,0.247,0.303,0.55,0.136,132.9,6.040909090909091,5.214868897322508
230,Josh Fuentes,COL,3B,27,79,9,16,1,0,2,10,0,21,0,0,23,0.203,0.2,0.29100000000000004,0.491,0.08800000000000001,132.8,4.918518518518519,4.297481657272842
231,Gary Sánchez,NYY,C,19,61,8,11,1,0,2,4,11,16,0,0,18,0.18,0.324,0.295,0.619,0.115,132.6,6.978947368421053,5.848762680609357
232,Tommy Pham,SD,LF,26,73,4,15,1,0,0,5,12,17,2,1,16,0.205,0.33,0.219,0.5489999999999999,0.013999999999999999,132.3,5.088461538461539,4.612678613387595
233,Clint Frazier,NYY,RF,23,67,7,10,3,0,2,3,14,22,0,0,19,0.149,0.29600000000000004,0.284,0.58,0.135,131.9,5.734782608695652,5.509962863663025
234,Dominic Smith,NYM,1B,20,77,4,18,4,0,2,8,2,21,0,0,28,0.234,0.25,0.364,0.614,0.13,130.8,6.540000000000001,5.514985121757863
235,Willi Castro,DET,SS,25,94,6,18,1,2,1,5,5,29,0,0,26,0.191,0.232,0.277,0.509,0.086,129.7,5.188,4.632011987174014
236,Stephen Vogt,ARI,C,14,38,7,8,0,1,3,10,5,10,0,0,19,0.211,0.302,0.5,0.802,0.289,129.4,9.242857142857146,7.859067113679864
237,Matt Carpenter,STL,3B,26,46,7,5,0,0,3,10,8,18,0,0,14,0.109,0.263,0.304,0.5670000000000001,0.195,129.4,4.976923076923077,5.522859319169834
238,Andrés Giménez,CLE,SS,21,62,7,11,4,0,2,4,3,20,3,0,21,0.177,0.227,0.339,0.5660000000000001,0.162,129.4,6.161904761904763,5.320422428833531
239,Victor Robles,WSH,CF,24,70,6,16,2,1,0,1,10,18,1,3,20,0.229,0.349,0.28600000000000003,0.635,0.057,127.7,5.320833333333334,5.319522632585067
240,Charlie Culberson,TEX,LF,17,47,4,15,5,0,2,7,2,14,1,0,26,0.319,0.34700000000000003,0.5529999999999999,0.9,0.23399999999999999,127.3,7.488235294117647,7.909339701126266
241,Willie Calhoun,TEX,LF,13,49,8,17,1,0,2,5,3,7,0,0,24,0.34700000000000003,0.396,0.49,0.8859999999999999,0.14300000000000002,127.1,9.776923076923076,7.6927719825717
242,Kyle Schwarber,WSH,LF,17,65,7,13,4,0,2,5,4,23,0,0,23,0.2,0.268,0.354,0.622,0.154,126.9,7.464705882352941,5.915660553468505
243,Elvis Andrus,OAK,SS,28,94,7,15,3,0,0,4,6,20,3,0,18,0.16,0.206,0.191,0.397,0.031,126.4,4.514285714285714,3.586334832316147
244,Josh Naylor,CLE,LF,23,80,7,20,8,0,0,2,3,18,0,0,28,0.25,0.28600000000000003,0.35,0.636,0.1,125.4,5.452173913043478,5.381884139119014
245,Alejandro Kirk,TOR,C,17,40,7,9,1,0,3,8,5,6,0,0,19,0.225,0.326,0.475,0.8009999999999999,0.25,125.4,7.376470588235295,7.5255945285473045
246,Kole Calhoun,ARI,RF,13,48,6,14,3,0,2,5,3,13,1,0,23,0.292,0.333,0.479,0.812,0.187,120.7,9.284615384615384,7.313241107316173
247,Bobby Dalbec,BOS,3B,23,75,3,15,4,1,1,6,5,28,0,0,24,0.2,0.259,0.32,0.579,0.12,120.6,5.243478260869566,5.165536095922088
248,Matt Duffy,CHC,3B,23,44,7,12,2,0,0,4,8,8,2,0,14,0.273,0.407,0.318,0.725,0.045,120.4,5.234782608695652,5.886580754577748
249,Jake Cave,MIN,RF,25,70,8,12,4,0,1,2,6,30,1,0,19,0.171,0.256,0.271,0.527,0.1,119.6,4.784,4.761277933795171
250,Tyler Stephenson,CIN,C,17,44,8,16,2,0,1,6,2,11,0,0,21,0.364,0.404,0.477,0.8809999999999999,0.113,118.6,6.976470588235293,7.30388387729155
251,Seth Brown,OAK,LF,19,47,5,11,2,0,3,7,4,11,0,0,22,0.234,0.294,0.468,0.762,0.23399999999999999,118.5,6.2368421052631575,6.921106810328943
252,Mike Brosseau,TB,2B,19,55,7,10,3,0,2,6,4,17,0,0,19,0.182,0.262,0.345,0.607,0.163,118.4,6.231578947368423,5.693214766352328
253,Kevin Newman,PIT,SS,24,86,6,17,2,0,1,6,4,8,0,0,22,0.198,0.231,0.256,0.487,0.057999999999999996,118.2,4.925,4.226553329855027
254,Stephen Piscotty,OAK,RF,22,60,5,12,3,0,2,5,4,19,1,0,21,0.2,0.262,0.35,0.612,0.15,117.5,5.340909090909091,5.474021172546346
255,Matt Beaty,LAD,1B,18,28,5,10,0,0,1,11,6,7,0,0,13,0.35700000000000004,0.5,0.464,0.964,0.107,117.5,6.527777777777778,8.129502652688915
256,Jose Trevino,TEX,C,20,73,8,19,2,0,1,3,3,18,0,0,24,0.26,0.28600000000000003,0.329,0.615,0.069,117.1,5.855,5.222157967666255
257,Ehire Adrianza,ATL,3B,20,36,7,9,2,1,2,8,3,5,0,0,19,0.25,0.28600000000000003,0.528,0.8140000000000001,0.278,116.4,5.82,7.29871097879356
258,Tim Locastro,ARI,LF,15,52,7,14,0,0,1,2,4,12,3,1,17,0.269,0.345,0.327,0.672,0.057999999999999996,116.4,7.760000000000002,5.8130802879144365
259,Alex Kirilloff,MIN,RF,11,38,5,7,1,0,4,10,1,12,0,0,20,0.184,0.2,0.526,0.726,0.342,114.0,10.363636363636363,7.378925084942199
260,Pablo Sandoval,ATL,3B,21,27,6,8,0,0,3,8,5,11,0,0,17,0.29600000000000004,0.406,0.63,1.036,0.33399999999999996,113.2,5.390476190476191,9.3933998679382
261,Pedro Severino,BAL,C,21,73,6,19,3,0,1,2,4,21,0,0,25,0.26,0.299,0.342,0.6409999999999999,0.08199999999999999,113.2,5.390476190476191,5.392023724006003
262,Willians Astudillo,MIN,C,20,55,4,16,2,0,2,8,0,3,0,0,24,0.29100000000000004,0.28600000000000003,0.436,0.722,0.145,112.8,5.64,5.968959234291626
263,Jason Castro,HOU,C,12,30,6,7,3,0,2,7,6,11,0,0,16,0.233,0.378,0.5329999999999999,0.911,0.3,112.7,9.391666666666667,8.838595570157185
264,Josh VanMeter,ARI,LF,24,45,8,7,1,1,1,5,10,15,0,0,13,0.156,0.309,0.289,0.598,0.133,112.1,4.670833333333333,5.394100616434861
265,Francisco Mejía,TB,C,16,52,3,15,6,0,1,6,2,9,0,0,24,0.28800000000000003,0.321,0.462,0.7829999999999999,0.174,111.6,6.975,6.773114959050589
266,Yan Gomes,WSH,C,14,48,5,12,2,0,2,7,2,7,0,0,20,0.25,0.294,0.417,0.711,0.16699999999999998,109.5,7.821428571428571,6.41818501230103
267,Kyle Farmer,CIN,2B,25,50,7,9,2,0,1,6,4,11,0,1,14,0.18,0.293,0.28,0.573,0.1,109.4,4.376,4.9125423004346835
268,Yonathan Daza,COL,LF,24,67,5,19,2,0,1,6,0,13,0,0,24,0.284,0.279,0.358,0.637,0.07400000000000001,109.0,4.541666666666667,4.9988468531908
269,Brett Phillips,TB,RF,18,37,5,7,3,0,1,3,8,16,3,2,13,0.189,0.326,0.35100000000000003,0.677,0.162,107.5,5.972222222222222,6.20218634187871
270,Anthony Santander,BAL,LF,16,56,5,11,1,0,2,8,2,17,0,0,18,0.196,0.23,0.321,0.551,0.125,107.0,6.6875,5.110605039165083
271,Andrew Vaughn,CHW,1B,17,51,7,14,5,0,0,1,7,17,0,0,19,0.275,0.373,0.373,0.746,0.098,106.9,6.288235294117648,6.378176011227074
272,Evan White,SEA,1B,22,71,6,11,2,0,1,6,5,21,0,0,16,0.155,0.221,0.225,0.446,0.07,106.2,4.827272727272726,4.116170556012831
273,Ketel Marte,ARI,2B,6,26,5,12,4,0,2,5,2,4,0,0,22,0.462,0.5,0.846,1.346,0.384,105.5,17.583333333333332,12.214565312147236
274,Daniel Vogelbach,MIL,1B,26,54,7,9,1,0,2,4,7,18,0,0,16,0.16699999999999998,0.262,0.29600000000000004,0.5579999999999999,0.129,105.4,4.053846153846154,4.859495510259691
275,Miguel Sanó,MIN,3B,15,45,6,5,0,0,2,4,13,20,0,0,11,0.111,0.31,0.244,0.5539999999999999,0.133,105.2,7.013333333333334,5.642596990696214
276,Luis Torrens,SEA,C,22,66,6,13,4,0,1,4,3,16,0,0,20,0.197,0.243,0.303,0.546,0.106,105.2,4.781818181818182,4.753478917053909
277,Kevin Kiermaier,TB,CF,18,57,7,14,2,1,0,3,3,21,1,0,18,0.246,0.295,0.316,0.611,0.07,104.9,5.8277777777777775,5.220086979890242
278,Gavin Lux,LAD,2B,19,63,4,12,0,2,0,7,4,20,1,0,16,0.19,0.232,0.254,0.486,0.064,103.3,5.436842105263158,4.297368235212116
279,Tyrone Taylor,MIL,RF,16,31,2,10,2,0,2,7,2,7,1,0,18,0.32299999999999995,0.4,0.581,0.981,0.258,102.9,6.43125,8.650956409902799
280,Brock Holt,TEX,2B,15,44,2,11,2,0,0,5,8,11,2,0,13,0.25,0.377,0.295,0.672,0.045,101.9,6.793333333333334,5.757535655469661
281,Eric Sogard,CHC,2B,27,46,8,12,1,1,0,4,3,9,1,0,15,0.261,0.3,0.326,0.626,0.065,99.6,3.6888888888888887,4.716280684886751
282,Ha-Seong Kim,SD,SS,21,51,6,11,1,0,1,4,3,14,1,1,15,0.21600000000000005,0.28600000000000003,0.294,0.58,0.078,99.2,4.723809523809524,4.8796347397011965
283,Chris Owings,COL,2B,7,15,6,8,3,3,0,3,2,2,2,0,17,0.5329999999999999,0.588,1.133,1.721,0.6,98.7,14.1,15.99058581012551
284,Donovan Solano,SF,SS,17,50,5,15,4,0,0,3,2,11,1,0,19,0.3,0.333,0.38,0.713,0.08,98.5,5.794117647058822,5.814024099161599
285,Mauricio Dubón,SF,SS,24,55,3,11,3,0,1,7,4,13,0,0,17,0.2,0.25,0.309,0.5589999999999999,0.109,97.1,4.045833333333333,4.64422383920129
286,Andrew Stevenson,WSH,CF,22,47,7,11,2,0,1,5,3,15,0,0,16,0.234,0.275,0.34,0.615,0.106,96.9,4.404545454545455,5.089523700986848
287,Brad Miller,PHI,3B,18,39,6,12,0,0,2,5,2,16,0,0,18,0.308,0.341,0.462,0.8029999999999999,0.154,96.7,5.372222222222222,6.758105110918165
288,Yoshitomo Tsutsugo,TB,LF,22,70,5,11,3,0,0,5,7,24,0,0,14,0.157,0.234,0.2,0.434,0.043,96.5,4.386363636363637,3.896159377480225
289,Brian Anderson,MIA,3B,16,60,3,12,3,0,1,5,5,15,0,0,18,0.2,0.262,0.3,0.562,0.1,96.1,6.00625,5.063721193047831
290,Yadiel Hernandez,WSH,LF,14,30,4,11,1,0,1,3,4,7,2,0,15,0.3670000000000001,0.444,0.5,0.944,0.133,95.3,6.807142857142857,7.883905055434877
291,Christian Yelich,MIL,RF,9,30,8,10,1,0,0,1,6,12,2,0,11,0.333,0.459,0.3670000000000001,0.826,0.034,95.1,10.566666666666666,7.059613951702987
292,Hanser Alberto,KC,2B,22,51,5,11,4,2,0,5,0,6,0,1,19,0.21600000000000005,0.231,0.373,0.604,0.157,93.5,4.25,5.008880015678244
293,Joc Pederson,CHC,RF,16,51,5,7,0,1,1,4,7,20,0,0,12,0.13699999999999998,0.262,0.235,0.4970000000000001,0.098,93.0,5.8125,4.776636921477169
294,James McCann,NYM,C,19,65,2,14,0,0,1,5,6,17,0,0,17,0.215,0.282,0.262,0.544,0.047,92.9,4.889473684210526,4.633704137260622
295,Tom Murphy,SEA,C,17,52,7,7,2,0,2,4,3,20,0,0,15,0.135,0.182,0.28800000000000003,0.47,0.153,90.4,5.31764705882353,4.563785402538928
296,Austin Barnes,LAD,C,17,43,3,9,1,0,0,5,10,12,0,0,10,0.209,0.37,0.233,0.603,0.024,90.1,5.3,5.146770933098338
297,Roman Quinn,PHI,CF,22,40,5,4,1,1,0,1,5,15,4,3,7,0.1,0.25,0.175,0.425,0.075,88.5,4.0227272727272725,3.8086164724398768
298,Zack Collins,CHW,C,12,38,4,8,2,0,1,5,6,11,0,0,13,0.211,0.318,0.342,0.66,0.131,87.3,7.274999999999999,6.049267640614002
299,Chas McCormick,HOU,RF,14,25,6,4,2,0,1,7,1,7,1,0,9,0.16,0.241,0.36,0.601,0.2,85.7,6.121428571428572,5.727544036393383
300,Wyatt Mathisen,ARI,3B,20,40,3,5,0,0,1,8,5,20,0,0,8,0.125,0.265,0.2,0.465,0.075,85.6,4.2799999999999985,4.248570516410689
301,Nick Maton,PHI,SS,13,46,3,16,5,0,0,1,2,13,0,0,21,0.348,0.388,0.457,0.845,0.109,85.1,6.546153846153847,6.944550054301393
302,Andy Young,ARI,2B,12,9,4,3,0,0,3,6,2,5,0,0,12,0.333,0.5710000000000001,1.3330000000000002,1.904,1.0,84.8,7.066666666666666,19.670871226871967
303,Teoscar Hernández,TOR,LF,10,42,5,10,0,0,2,5,1,16,0,0,16,0.238,0.256,0.381,0.637,0.14300000000000002,84.5,8.45,5.81598661264818
304,Nick Ahmed,ARI,SS,20,67,6,10,3,0,0,4,2,16,1,1,13,0.149,0.174,0.194,0.368,0.045,84.2,4.21,3.2738428532336967
305,Mike Tauchman,SF,CF,15,30,3,8,2,0,1,5,2,9,2,0,13,0.267,0.312,0.433,0.745,0.166,84.1,5.6066666666666665,6.424133798064852
306,Alex Blandino,CIN,2B,20,29,5,7,3,0,0,4,5,12,1,0,10,0.241,0.371,0.345,0.716,0.10400000000000001,84.0,4.2,5.989398463716045
307,Rowdy Tellez,TOR,1B,18,60,5,11,2,0,1,3,2,15,0,0,16,0.183,0.222,0.267,0.489,0.084,83.5,4.638888888888889,4.29734060240207
308,Austin Dean,STL,LF,18,27,4,5,2,0,1,7,5,9,0,0,10,0.185,0.294,0.37,0.664,0.185,82.3,4.572222222222221,5.9742375157141145
309,Tony Kemp,OAK,2B,17,33,2,7,1,0,0,1,9,7,3,0,8,0.212,0.395,0.242,0.637,0.03,81.9,4.81764705882353,5.328589070743556
310,Franchy Cordero,BOS,CF,22,57,4,9,2,0,0,5,4,26,1,0,11,0.158,0.213,0.193,0.406,0.035,81.3,3.695454545454545,3.4413606695598538
311,Miguel Cabrera,DET,1B,15,52,3,6,1,0,2,5,5,19,0,0,13,0.115,0.193,0.25,0.443,0.135,81.1,5.406666666666666,4.414151981339021
312,Ramón Urias,BAL,2B,19,44,6,7,2,0,1,3,5,16,0,0,12,0.159,0.245,0.273,0.518,0.114,80.7,4.247368421052632,4.617037909488206
313,Nomar Mazara,DET,RF,12,38,3,9,0,0,2,5,2,7,0,0,15,0.237,0.275,0.395,0.67,0.158,78.1,6.508333333333333,5.955994340369722
314,Kurt Suzuki,LAA,C,13,40,3,9,1,0,1,4,3,10,0,0,13,0.225,0.304,0.325,0.629,0.1,77.6,5.9692307692307685,5.501145289596395
315,Jonathan Villar,NYM,2B,19,41,5,10,3,1,0,3,1,14,0,1,15,0.244,0.279,0.366,0.645,0.122,77.5,4.078947368421051,5.286628604270026
316,Brett Gardner,NYY,CF,19,50,5,9,2,0,0,2,7,14,0,0,11,0.18,0.276,0.22,0.496,0.04,77.0,4.052631578947368,4.1644914532244846
317,Andrew Knizner,STL,C,15,41,7,10,2,0,0,1,4,4,0,0,12,0.244,0.326,0.293,0.619,0.049,76.9,5.126666666666667,5.113574984955664
318,Lorenzo Cain,MIL,CF,7,26,5,4,1,0,2,4,2,5,1,0,11,0.154,0.214,0.423,0.637,0.26899999999999996,75.0,10.714285714285714,6.459278911253472
319,Christian Walker,ARI,1B,10,39,6,7,1,0,1,3,4,10,0,0,11,0.179,0.25,0.282,0.532,0.10300000000000001,74.7,7.4700000000000015,4.958876574322391
320,Josh Palacios,TOR,CF,10,28,7,7,0,0,0,4,3,7,0,0,7,0.25,0.353,0.25,0.603,0.0,72.4,7.24,5.0601622902693695
321,Sam Hilliard,COL,RF,19,37,5,4,0,1,2,4,2,19,0,0,12,0.108,0.154,0.324,0.478,0.21600000000000003,72.0,3.7894736842105265,4.563128367467463
322,Eli White,TEX,SS,17,50,3,7,0,1,0,4,5,18,1,2,9,0.14,0.218,0.18,0.398,0.04,71.6,4.211764705882352,3.5069919355308605
323,Kyle Isbel,KC,CF,12,34,5,9,0,1,0,3,2,15,1,0,11,0.265,0.306,0.324,0.63,0.059000000000000004,71.5,5.958333333333332,5.247622435668139
324,Joe Panik,TOR,2B,17,46,2,12,4,0,0,4,1,8,0,0,16,0.261,0.277,0.348,0.625,0.087,71.4,4.2,4.993416032229037
325,Jorge Mateo,SD,SS,19,33,1,7,2,0,1,4,1,9,1,0,12,0.212,0.297,0.364,0.6609999999999999,0.152,71.2,3.747368421052632,5.604830030140889
326,Wilmer Difo,PIT,SS,20,32,3,8,2,1,1,3,2,12,0,0,15,0.25,0.294,0.469,0.763,0.21899999999999997,71.1,3.555,6.443009270580566
327,Manny Piña,MIL,C,10,25,3,4,1,0,2,5,3,6,0,0,11,0.16,0.241,0.44,0.6809999999999999,0.28,69.1,6.909999999999998,6.700830679236974
328,Jace Peterson,MIL,2B,10,24,3,5,0,0,2,4,4,9,0,0,11,0.208,0.321,0.458,0.779,0.25,68.6,6.8599999999999985,7.398374629870628
329,Renato Núñez,DET,1B,7,27,5,4,2,0,2,3,1,8,0,0,12,0.14800000000000002,0.207,0.444,0.6509999999999999,0.29600000000000004,68.5,9.785714285714286,6.64216846633177
330,Kyle Lewis,SEA,RF,10,38,3,7,1,0,2,2,3,12,0,0,14,0.184,0.244,0.368,0.612,0.184,67.6,6.76,5.760569765688979
331,Yu Chang,CLE,SS,18,43,5,7,2,0,0,5,2,9,0,0,9,0.163,0.2,0.209,0.409,0.046,66.5,3.6944444444444446,3.358047122873404
332,Cristian Pache,ATL,CF,13,36,4,6,2,0,1,4,1,16,0,0,11,0.16699999999999998,0.211,0.306,0.517,0.139,65.8,5.06153846153846,4.738178811826135
333,Kyle Garlick,MIN,LF,13,29,6,7,3,0,0,3,1,10,0,0,10,0.241,0.281,0.345,0.626,0.10400000000000001,65.7,5.053846153846154,5.286824399852209
334,Chad Wallach,MIA,C,14,39,2,11,2,0,0,4,1,16,0,0,13,0.282,0.31,0.333,0.643,0.051,65.4,4.671428571428573,5.139428588511704
335,Jonah Heim,TEX,C,10,33,4,4,2,0,1,3,3,8,1,0,9,0.121,0.189,0.273,0.462,0.152,65.3,6.5299999999999985,4.544547911337103
336,Mike Ford,NYY,1B,9,26,4,3,0,0,2,3,5,7,0,0,9,0.115,0.258,0.34600000000000003,0.604,0.231,65.3,7.2555555555555555,6.16623892100133
337,Luke Raley,LAD,RF,14,34,2,7,1,0,1,2,2,12,0,0,11,0.206,0.308,0.324,0.632,0.11800000000000001,61.4,4.385714285714285,5.508056909447815
338,Edwin Ríos,LAD,3B,23,47,3,4,0,0,1,1,7,17,0,0,7,0.085,0.232,0.149,0.381,0.064,61.1,2.6565217391304348,3.34636192839951
339,Andrew Knapp,PHI,C,14,29,3,5,0,0,1,5,3,15,0,0,8,0.172,0.242,0.276,0.518,0.10400000000000001,60.1,4.292857142857144,4.558113461778799
340,Curt Casali,SF,C,14,33,2,4,1,0,0,5,7,10,0,0,5,0.121,0.275,0.152,0.4270000000000001,0.031,59.9,4.2785714285714285,3.8392436162856485
341,Jay Bruce,NYY,LF,10,34,3,4,1,0,1,3,5,13,0,0,8,0.118,0.231,0.235,0.466,0.11699999999999999,59.1,5.91,4.561986433879248
342,George Springer,TOR,CF,4,15,3,3,0,0,2,3,2,4,1,0,9,0.2,0.294,0.6,0.894,0.4,59.1,14.775,9.072199647432786
343,Dustin Fowler,PIT,CF,18,41,3,7,1,0,0,2,3,20,1,0,8,0.171,0.239,0.195,0.434,0.024,58.6,3.2555555555555555,3.498255376440887
344,JaCoby Jones,DET,CF,21,57,3,8,1,0,1,2,2,24,0,0,12,0.14,0.16899999999999998,0.211,0.38,0.071,58.6,2.7904761904761903,3.21301972550509
345,Victor Reyes,DET,LF,18,51,4,6,2,0,1,1,1,17,1,0,11,0.118,0.135,0.21600000000000005,0.35100000000000003,0.098,58.3,3.238888888888889,3.136565898880017
346,Martín Maldonado,HOU,C,20,64,4,6,1,1,0,0,6,29,0,0,9,0.094,0.171,0.141,0.312,0.047,57.8,2.89,2.920097275029889
347,Sheldon Neuse,LAD,3B,10,23,3,6,0,0,2,3,0,9,0,1,12,0.261,0.261,0.522,0.7829999999999999,0.261,56.1,5.61,7.032110905261834
348,Max Stassi,LAA,C,10,26,4,7,0,0,1,1,3,6,0,0,10,0.269,0.345,0.385,0.73,0.11599999999999999,55.3,5.5299999999999985,6.2409650602232025
349,Kevin Pillar,NYM,CF,15,31,4,6,0,0,1,1,1,7,1,1,9,0.194,0.242,0.29,0.532,0.096,55.3,3.6866666666666665,4.419775627758033
350,Elias Díaz,COL,C,15,44,4,6,2,0,0,1,5,13,0,0,8,0.136,0.224,0.182,0.406,0.046,55.3,3.6866666666666665,3.563239496719545
351,Jake Bauers,CLE,LF,21,43,1,8,2,0,0,2,5,12,0,0,10,0.18600000000000005,0.271,0.233,0.504,0.047,55.2,2.628571428571429,3.912166584451425
352,Jose Rojas,LAA,3B,16,39,2,7,5,0,0,0,4,14,0,0,12,0.179,0.256,0.308,0.564,0.129,54.4,3.4,4.850229327349215
353,Austin Hedges,CLE,C,9,27,3,3,0,0,2,3,2,13,0,0,9,0.111,0.172,0.333,0.505,0.222,53.1,5.9,5.1125528359392485
354,Michael Perez,PIT,C,9,25,2,4,1,0,1,3,3,9,0,0,8,0.16,0.276,0.32,0.596,0.16,52.9,5.877777777777778,5.629283474331132
355,Aristides Aquino,CIN,RF,10,13,2,3,1,0,2,3,1,5,0,0,10,0.231,0.28600000000000003,0.769,1.055,0.5379999999999999,49.9,4.99,10.42424463661829
356,Jorge Alfaro,MIA,C,10,35,1,8,1,0,0,3,1,12,1,0,9,0.229,0.25,0.257,0.507,0.027999999999999997,49.7,4.9700000000000015,4.117601078828942
357,Ryan O'Hearn,KC,1B,6,18,2,3,0,0,2,2,3,7,0,0,9,0.16699999999999998,0.28600000000000003,0.5,0.7859999999999999,0.33299999999999996,49.4,8.233333333333333,7.892849890222475
358,Danny Jansen,TOR,C,18,48,4,4,1,0,0,1,6,13,0,0,5,0.083,0.185,0.104,0.289,0.021,49.3,2.738888888888889,2.5662980468562937
359,Jonathan Davis,TOR,CF,16,22,4,2,0,0,1,1,3,8,1,1,5,0.091,0.231,0.227,0.458,0.136,49.3,3.08125,4.22792971413571
360,Jake Fraley,SEA,CF,5,10,2,1,1,0,0,1,8,3,1,0,2,0.1,0.526,0.2,0.726,0.1,48.9,9.78,7.381298472691067
361,Jarrod Dyson,KC,CF,15,14,3,4,1,1,0,0,2,3,2,0,7,0.28600000000000003,0.375,0.5,0.875,0.214,48.6,3.24,7.449943385676291
362,Grayson Greiner,DET,C,10,28,1,5,1,0,1,4,1,12,0,0,9,0.179,0.207,0.321,0.528,0.142,47.2,4.7200000000000015,4.727307111052903
363,Mickey Moniak,PHI,CF,9,25,3,3,0,0,1,3,3,12,0,0,6,0.12,0.214,0.24,0.454,0.12,47.1,5.233333333333333,4.358144290754275
364,Santiago Espinal,TOR,SS,11,20,4,7,2,0,0,2,0,3,0,0,9,0.35,0.35,0.45,0.8,0.1,46.8,4.254545454545454,6.322794417438699
365,Harold Castro,DET,3B,17,34,1,7,0,0,0,3,4,10,0,0,7,0.206,0.289,0.206,0.495,0.0,46.7,2.747058823529412,3.73997393835265
366,Aramis Garcia,OAK,C,13,37,3,5,0,0,1,2,1,14,0,0,8,0.135,0.179,0.21600000000000005,0.395,0.081,46.6,3.5846153846153848,3.506188969831125
367,Danny Mendick,CHW,SS,8,16,2,6,0,0,0,2,5,5,0,0,6,0.375,0.524,0.375,0.899,0.0,46.4,5.8,7.208906247723239
368,Leody Taveras,TEX,CF,15,46,2,4,0,0,0,1,3,23,2,0,4,0.087,0.16,0.087,0.247,0.0,45.9,3.06,2.254443958647143
369,Harrison Bader,STL,CF,3,11,1,2,0,0,1,4,2,3,1,0,5,0.182,0.308,0.455,0.763,0.273,44.2,14.733333333333334,7.589790581110641
370,Isan Díaz,MIA,2B,4,11,2,2,0,0,1,3,4,2,0,0,5,0.182,0.375,0.455,0.83,0.273,43.9,10.975,8.240867765471302
371,Billy Hamilton,CHW,CF,11,17,3,3,0,0,0,2,2,3,2,0,3,0.17600000000000002,0.263,0.17600000000000002,0.439,0.0,43.6,3.963636363636364,3.4734227137129086
372,Magneuris Sierra,MIA,CF,20,19,5,2,0,0,0,0,3,5,2,0,2,0.105,0.227,0.105,0.332,0.0,43.0,2.15,2.398563943404957
373,Jake Lamb,CHW,3B,9,21,4,3,0,0,0,0,7,8,0,0,3,0.14300000000000002,0.35700000000000004,0.14300000000000002,0.5,0.0,42.8,4.755555555555556,4.453618454199534
374,Matt Joyce,PHI,RF,16,25,2,3,1,0,0,0,7,5,0,0,4,0.12,0.333,0.16,0.493,0.04,42.4,2.65,4.218023997280932
375,Todd Frazier,PIT,3B,8,21,3,1,1,0,0,3,3,5,0,0,2,0.048,0.231,0.095,0.326,0.047,41.1,5.1375,3.3339686775919235
376,Jacob Nottingham,MIL,C,1,4,2,2,0,0,2,3,0,2,0,0,8,0.5,0.5,2.0,2.5,1.5,40.9,40.9,26.10539789741693
377,Ryan McKenna,BAL,CF,14,15,5,3,0,1,0,1,2,5,0,0,5,0.2,0.294,0.333,0.627,0.133,40.5,2.8928571428571432,5.307623941918767
378,Cody Bellinger,LAD,RF,4,19,2,4,1,1,0,2,2,5,0,0,7,0.211,0.28600000000000003,0.368,0.654,0.157,40.4,10.1,6.008874672162074
379,Chance Sisco,BAL,C,12,34,2,6,1,0,0,2,0,13,0,0,7,0.17600000000000002,0.222,0.206,0.428,0.03,40.4,3.3666666666666667,3.5002419314497497
380,Nick Heath,ARI,CF,10,26,3,5,1,0,0,1,3,9,0,1,6,0.192,0.276,0.231,0.507,0.039,40.1,4.01,4.2257319648307865
381,Ryan Jeffers,MIN,C,11,34,3,5,1,0,0,1,3,18,0,0,6,0.147,0.21600000000000005,0.17600000000000002,0.392,0.028999999999999998,40.1,3.6454545454545455,3.385584197234381
382,Luis Guillorme,NYM,SS,14,18,2,6,0,0,0,0,5,1,0,0,6,0.333,0.478,0.333,0.8109999999999999,0.0,39.4,2.814285714285714,6.18459486664128
383,Daulton Varsho,ARI,C,5,9,4,4,3,0,0,1,0,1,0,0,7,0.444,0.444,0.778,1.222,0.33399999999999996,37.3,7.459999999999999,10.760021468325517
384,Dexter Fowler,LAA,RF,7,20,3,5,0,0,0,1,1,6,1,0,5,0.25,0.28600000000000003,0.25,0.536,0.0,37.1,5.3,4.207422630053442
385,Kevin Plawecki,BOS,C,9,28,3,6,2,0,0,0,0,5,0,0,8,0.214,0.241,0.28600000000000003,0.527,0.07200000000000001,36.6,4.066666666666666,4.349332353453884
386,Daniel Robertson,MIL,3B,18,38,3,4,1,0,0,0,3,13,0,0,5,0.105,0.19,0.132,0.322,0.027000000000000003,36.6,2.033333333333333,2.5821470000455475
387,Brent Rooker,MIN,LF,8,29,1,3,1,0,1,2,1,13,0,0,7,0.103,0.133,0.241,0.374,0.138,34.2,4.275,3.626616625049781
388,Alex Avila,WSH,C,6,16,0,2,2,0,0,2,4,4,0,0,4,0.125,0.333,0.25,0.583,0.125,34.0,5.666666666666668,5.618174110669737
389,Ender Inciarte,ATL,CF,12,17,3,5,1,0,0,0,2,3,0,0,6,0.294,0.368,0.353,0.721,0.059000000000000004,33.6,2.8000000000000003,5.647164753815432
390,Anthony Alford,PIT,CF,11,24,2,2,0,0,0,0,4,16,1,1,2,0.083,0.241,0.083,0.324,0.0,33.4,3.036363636363636,2.8964348983388675
391,Ke'Bryan Hayes,PIT,3B,2,5,2,1,0,0,1,2,2,1,0,0,4,0.2,0.429,0.8,1.229,0.6,31.4,15.7,12.929650409627184
392,Lewis Brinson,MIA,CF,15,36,1,6,1,0,0,1,1,8,0,0,7,0.16699999999999998,0.189,0.194,0.383,0.027000000000000003,30.7,2.0466666666666664,2.8607992490766687
393,Chad Pinder,OAK,LF,4,10,1,3,0,0,1,2,0,5,0,0,6,0.3,0.3,0.6,0.9,0.3,28.2,7.05,8.187772746999876
394,Ka'ai Tom,PIT,CF,13,23,1,2,0,0,0,2,4,8,0,0,2,0.087,0.214,0.087,0.301,0.0,28.2,2.169230769230769,2.4608180510557283
395,Jason Vosler,SF,3B,4,8,2,2,1,0,0,1,1,0,1,0,3,0.25,0.333,0.375,0.708,0.125,27.9,6.975,6.192741995723032
396,Tony Wolters,CHC,C,9,16,3,2,0,0,0,0,4,7,0,1,2,0.125,0.3,0.125,0.425,0.0,27.6,3.066666666666667,3.6421667192304863
397,Scott Schebler,LAA,RF,10,26,2,4,3,0,0,0,0,10,0,0,7,0.154,0.154,0.269,0.423,0.115,27.4,2.74,3.59352207797643
398,Jordy Mercer,WSH,SS,10,22,1,7,1,0,0,0,0,5,0,0,8,0.318,0.318,0.364,0.682,0.046,27.2,2.72,5.134120197158273
399,Sandy León,MIA,C,9,26,1,7,0,0,0,0,1,6,0,0,7,0.269,0.29600000000000004,0.269,0.565,0.0,27.2,3.0222222222222217,4.244968359448553
400,Jonathan Lucroy,WSH,C,5,14,0,5,1,0,0,2,0,2,0,0,6,0.35700000000000004,0.35700000000000004,0.429,0.7859999999999999,0.07200000000000001,25.0,5.0,6.212544935771298
401,Anthony Bemboom,LAA,C,6,19,1,5,0,0,0,1,1,6,0,0,5,0.263,0.3,0.263,0.563,0.0,24.7,4.116666666666666,4.359085707428091
402,Luis Campusano,SD,C,11,34,0,3,0,0,0,1,4,11,0,0,3,0.08800000000000001,0.184,0.08800000000000001,0.272,0.0,24.5,2.227272727272727,2.3456742173812124
403,Alex Jackson,ATL,C,10,23,2,1,0,0,0,0,2,13,0,0,1,0.043,0.214,0.043,0.257,0.0,24.4,2.44,2.436923338512613
404,Ronald Guzmán,TEX,1B,7,16,1,1,0,0,1,1,1,6,0,0,4,0.062,0.118,0.25,0.368,0.188,21.7,3.1,3.7259424723564347
405,Adam Haseley,PHI,CF,9,21,2,4,1,0,0,0,0,4,0,0,5,0.19,0.19,0.238,0.428,0.048,21.4,2.3777777777777778,3.2939375486373597
406,Taylor Jones,HOU,1B,3,9,2,2,0,0,0,1,1,1,0,0,2,0.222,0.3,0.222,0.522,0.0,18.9,6.3,4.219678896824873
407,Alexander Goti,HOU,SS,2,6,2,2,0,0,0,1,1,2,0,0,2,0.333,0.429,0.333,0.762,0.0,18.9,9.45,6.136251171863618
408,Tucupita Marcano,SD,2B,10,12,1,2,1,0,0,1,1,1,0,0,3,0.16699999999999998,0.231,0.25,0.481,0.083,18.7,1.87,3.905468267241668
409,Ben Gamel,CLE,RF,11,14,1,1,1,0,0,0,3,6,0,0,2,0.071,0.235,0.14300000000000002,0.378,0.07200000000000001,18.2,1.6545454545454543,3.3983182459769368
410,Edmundo Sosa,STL,SS,8,8,1,2,0,0,0,0,1,2,0,1,2,0.25,0.455,0.25,0.705,0.0,18.2,2.275,5.742796740067607
411,Alan Trejo,COL,SS,11,16,1,3,1,0,0,0,1,4,0,0,4,0.188,0.235,0.25,0.485,0.062,18.2,1.6545454545454543,3.769759469522934
412,Luke Maile,MIL,C,3,6,1,2,0,0,0,1,1,1,0,0,2,0.333,0.429,0.333,0.762,0.0,15.7,5.233333333333333,6.054573733257799
413,Vimael Machín,OAK,2B,6,14,1,1,0,0,0,1,2,4,0,0,1,0.071,0.188,0.071,0.259,0.0,15.7,2.6166666666666667,2.2656277048600995
414,Robel García,HOU,2B,9,12,1,2,0,0,0,1,1,3,0,0,2,0.16699999999999998,0.231,0.16699999999999998,0.398,0.0,15.7,1.7444444444444445,2.961367636350916
415,Nick Williams,CHW,LF,4,10,2,0,0,0,0,0,1,4,0,0,0,0.0,0.231,0.0,0.231,0.0,15.4,3.85,2.4872952752150876
416,John Nogowski,STL,1B,13,12,2,1,0,0,0,0,1,1,0,0,1,0.083,0.214,0.083,0.297,0.0,15.4,1.1846153846153846,2.2255990634189278
417,Steven Duggar,SF,CF,4,9,1,1,1,0,0,0,2,4,0,0,2,0.111,0.273,0.222,0.495,0.111,15.2,3.8,4.717509829054284
418,Pat Valaika,BAL,3B,9,24,1,3,0,0,0,0,1,4,0,0,3,0.125,0.16,0.125,0.285,0.0,15.2,1.6888888888888889,2.1427151895326446
419,Anderson Tejeda,TEX,SS,5,16,1,1,0,0,0,0,1,10,1,0,1,0.062,0.118,0.062,0.18,0.0,15.2,3.04,1.5741455914125657
420,Tomás Nido,NYM,C,6,10,1,1,0,1,0,0,0,1,0,0,3,0.1,0.182,0.3,0.482,0.2,15.2,2.533333333333333,4.635870385334703
421,Geraldo Perdomo,ARI,SS,4,10,1,1,0,0,0,0,3,2,0,0,1,0.1,0.308,0.1,0.408,0.0,15.2,3.8,3.712482800152168
422,Austin Romine,CHC,C,6,9,1,1,1,0,0,1,0,3,0,0,2,0.111,0.111,0.222,0.333,0.111,12.7,2.1166666666666667,2.851901842086587
423,Benjamin Rortvedt,MIN,C,2,5,1,1,0,0,0,1,1,1,0,0,1,0.2,0.333,0.2,0.5329999999999999,0.0,12.7,6.35,4.46429679377621
424,Cam Gallagher,KC,C,9,18,0,2,1,0,0,1,0,4,0,0,3,0.111,0.105,0.16699999999999998,0.272,0.055999999999999994,12.5,1.3888888888888888,2.0676459708981447
425,Tyler Wade,NYY,SS,11,5,2,2,0,0,0,0,0,2,0,0,2,0.4,0.4,0.4,0.8,0.0,12.4,1.1272727272727272,5.634328513736728
426,Ronnie Dawson,HOU,CF,3,5,2,1,0,0,0,0,1,0,0,0,1,0.2,0.333,0.2,0.5329999999999999,0.0,12.4,4.133333333333334,4.411555520524411
427,Pablo Reyes,MIL,LF,5,13,2,2,0,0,0,0,0,3,0,0,2,0.154,0.154,0.154,0.308,0.0,12.4,2.48,2.2606419737800794
428,Hernán Pérez,WSH,2B,10,19,1,1,0,0,0,0,2,10,0,0,1,0.053,0.14300000000000002,0.053,0.196,0.0,12.2,1.22,1.5843760843951182
429,LaMonte Wade Jr.,SF,CF,3,6,0,2,1,0,0,0,1,2,0,0,3,0.333,0.429,0.5,0.929,0.16699999999999998,12.0,4.0,8.041443406578397
430,Jose Devers,MIA,SS,5,9,1,1,0,0,0,1,0,4,0,0,1,0.111,0.1,0.111,0.211,0.0,9.7,1.94,1.4355861399731582
431,William Contreras,ATL,C,1,3,0,1,0,0,0,1,1,0,0,0,1,0.333,0.5,0.333,0.833,0.0,9.5,9.5,6.873437372938673
432,Albert Almora Jr.,NYM,CF,12,9,1,1,0,0,0,0,1,4,0,0,1,0.111,0.2,0.111,0.311,0.0,9.2,0.7666666666666666,2.1809093228444194
433,M. Payton,CIN,CF,10,7,1,1,0,0,0,0,1,1,0,0,1,0.14300000000000002,0.25,0.14300000000000002,0.393,0.0,9.2,0.92,2.9201225800810153
434,Ryan McBroom,KC,1B,5,6,1,1,0,0,0,0,1,5,0,0,1,0.16699999999999998,0.28600000000000003,0.16699999999999998,0.453,0.0,9.2,1.84,3.6687147152367774
435,JT Riddle,MIN,SS,4,6,1,2,0,0,0,0,0,0,0,0,2,0.333,0.333,0.333,0.6659999999999999,0.0,9.2,2.3,4.911319459343273
436,Luis Garcia,WSH,SS,6,7,1,1,0,0,0,0,1,3,0,0,1,0.14300000000000002,0.25,0.14300000000000002,0.393,0.0,9.2,1.5333333333333332,3.1223637012404244
437,Luis Rengifo,LAA,2B,4,14,1,1,0,0,0,0,1,2,0,0,1,0.071,0.133,0.071,0.204,0.0,9.2,2.3,1.714107089459147
438,Mark Payton,CIN,LF,10,7,1,1,0,0,0,0,1,1,0,0,1,0.14300000000000002,0.25,0.14300000000000002,0.393,0.0,9.2,0.92,2.9201225800810153
439,Lane Thomas,STL,CF,4,9,0,2,0,0,0,0,1,3,0,0,2,0.222,0.3,0.222,0.522,0.0,9.0,2.25,4.099515239389346
440,Zack Short,DET,SS,2,5,0,1,0,0,0,0,2,3,0,0,1,0.2,0.429,0.2,0.629,0.0,9.0,4.5,5.482325407208351
441,Orlando Arcia,MIL,SS,4,11,0,1,0,0,0,1,0,3,0,0,1,0.091,0.091,0.091,0.182,0.0,6.5,1.625,1.294558723633192
442,José Peraza,NYM,SS,1,1,1,1,0,0,0,0,0,0,0,0,1,1.0,1.0,1.0,2.0,0.0,6.2,6.2,15.275361527338518
443,Braden Bishop,SEA,CF,8,4,1,1,0,0,0,0,0,2,0,0,1,0.25,0.25,0.25,0.5,0.0,6.2,0.775,3.4389893137478875
444,Mario Feliciano,MIL,C,1,0,1,0,0,0,0,0,1,0,0,0,0,0.0,1.0,0.0,1.0,0.0,6.2,6.2,10.944532411406083
445,Corey Ray,MIL,CF,1,2,1,0,0,0,0,0,1,1,0,0,0,0.0,0.333,0.0,0.333,0.0,6.2,6.2,3.5887153330497052
446,Max Schrock,CIN,2B,5,9,1,1,0,0,0,0,0,5,0,0,1,0.111,0.111,0.111,0.222,0.0,6.2,1.24,1.535739749736197
447,Matt Adams,COL,1B,4,8,0,2,0,0,0,0,0,3,0,0,2,0.25,0.25,0.25,0.5,0.0,6.0,1.5,3.6525542699063918
448,Odúbel Herrera,PHI,CF,7,19,0,1,0,0,0,0,1,4,0,0,1,0.053,0.1,0.053,0.153,0.0,6.0,0.8571428571428571,1.1897987003437773
449,Kevin Padlo,TB,3B,3,6,0,0,0,0,0,0,2,5,0,0,0,0.0,0.25,0.0,0.25,0.0,6.0,2.0,2.629698054105991
450,Abraham Toro,HOU,3B,6,12,0,1,0,0,0,0,1,0,0,0,1,0.083,0.154,0.083,0.237,0.0,6.0,1.0,1.8320593434871197
451,Travis Blankenhorn,MIN,2B,1,0,1,0,0,0,0,0,0,0,0,0,0,0.0,0.0,0.0,0.0,0.0,3.2,3.2,-0.13798621502504016
452,Michael Chavis,BOS,2B,1,0,1,0,0,0,0,0,0,0,0,0,0,0.0,0.0,0.0,0.0,0.0,3.2,3.2,-0.13798621502504016
453,Ronald Torreyes,PHI,2B,3,5,0,1,0,0,0,0,0,3,0,0,1,0.2,0.2,0.2,0.4,0.0,3.0,1.0,2.899971917053816
454,Jon Jay,LAA,CF,2,8,0,1,0,0,0,0,0,2,0,0,1,0.125,0.125,0.125,0.25,0.0,3.0,1.5,1.8332356210566818
455,Johan Camargo,ATL,3B,9,11,0,0,0,0,0,0,1,5,0,0,0,0.0,0.083,0.0,0.083,0.0,3.0,0.3333333333333333,0.5735438431890625
456,Monte Harrison,MIA,CF,3,5,0,1,0,0,0,0,0,1,0,1,1,0.2,0.2,0.2,0.4,0.0,3.0,1.0,2.87646357843463
457,Scott Kingery,PHI,3B,8,7,0,1,0,0,0,0,0,3,0,0,1,0.14300000000000002,0.14300000000000002,0.14300000000000002,0.28600000000000003,0.0,3.0,0.375,1.8145644394664906
458,Carter Kieboom,WSH,SS,2,1,0,0,0,0,0,0,1,1,0,0,0,0.0,0.5,0.0,0.5,0.0,3.0,1.5,5.348047145988623
459,Juan Lagares,LAA,CF,2,7,0,0,0,0,0,0,0,1,0,0,0,0.0,0.0,0.0,0.0,0.0,0.0,0.0,-0.09727882383895281
460,Austin Nola,SD,C,2,4,0,0,0,0,0,0,0,1,0,0,0,0.0,0.0,0.0,0.0,0.0,0.0,0.0,-0.14479059074706946
461,Brian O'Grady,SD,1B,1,1,0,0,0,0,0,0,0,0,0,0,0,0.0,0.0,0.0,0.0,0.0,0.0,0.0,-0.1503851076200613
462,Sean Kazmar Jr.,ATL,SS,2,1,0,0,0,0,0,0,0,0,0,0,0,0.0,0.0,0.0,0.0,0.0,0.0,0.0,-0.19806437782500463
463,Skye Bolt,SF,CF,2,1,0,0,0,0,0,0,0,1,0,0,0,0.0,0.0,0.0,0.0,0.0,0.0,0.0,-0.19230235765518788
464,Ildemaro Vargas,CHC,2B,2,2,0,0,0,0,0,0,0,0,0,0,0,0.0,0.0,0.0,0.0,0.0,0.0,0.0,-0.18222712218896575
465,Derek Hill,DET,CF,2,1,0,0,0,0,0,0,0,1,0,0,0,0.0,0.0,0.0,0.0,0.0,0.0,0.0,-0.19230235765518788
466,Tzu-Wei Lin,MIN,2B,1,0,0,0,0,0,0,0,0,0,0,0,0,0.0,0.0,0.0,0.0,0.0,0.0,0.0,-0.16622236325610018
467,DJ Peters,LAD,CF,3,5,0,0,0,0,0,0,0,4,0,0,0,0.0,0.0,0.0,0.0,0.0,0.0,0.0,-0.15934654480652366
468,Garrett Stubbs,HOU,C,1,0,0,0,0,0,0,0,0,0,0,0,0,0.0,0.0,0.0,0.0,0.0,0.0,0.0,-0.16622236325610018
469,Joseph Odom,TB,C,2,2,0,0,0,0,0,0,0,1,0,0,0,0.0,0.0,0.0,0.0,0.0,0.0,0.0,-0.176465102019149
470,Jack Mayfield,LAA,2B,2,3,0,0,0,0,0,0,0,2,0,0,0,0.0,0.0,0.0,0.0,0.0,0.0,0.0,-0.15486582621329248
471,Daniel Johnson,CLE,RF,2,9,0,0,0,0,0,0,0,5,0,0,0,0.0,0.0,0.0,0.0,0.0,0.0,0.0,-0.042556231887606266
472,Luis González,CHW,CF,1,0,0,0,0,0,0,0,0,0,0,0,0,0.0,0.0,0.0,0.0,0.0,0.0,0.0,-0.16622236325610018
473,Scott Hurst,STL,OF,7,5,0,0,0,0,0,0,0,1,0,0,0,0.0,0.0,0.0,0.0,0.0,0.0,0.0,-0.36734968613574903
474,Tres Barrera,WSH,C,1,2,0,0,0,0,0,0,0,1,0,0,0,0.0,0.0,0.0,0.0,0.0,0.0,0.0,-0.12878583181420566
475,Rodolfo Castro,PIT,2B,1,3,0,0,0,0,0,0,0,1,0,0,0,0.0,0.0,0.0,0.0,0.0,0.0,0.0,-0.1129485761781659
476,Cody Wilson,WSH,CF,1,1,0,0,0,0,0,0,0,0,0,0,0,0.0,0.0,0.0,0.0,0.0,0.0,0.0,-0.1503851076200613
