,Name,Team,Pos,W,L,GMS,GS,SV,IP,H,R,ER,HR,BB,SO,PTS,ERA,AVG,WHIP,FPPG,Projected_FPPG
0,Tyler Glasnow,TB,SP,4,1,7,7,0,43.2,23,10,10,4,15,64,337,2.06,0.151,0.87,48.14285714285714,39.333428945200396
1,Shane Bieber,CLE,SP,3,2,6,6,0,42.1,28,13,13,5,14,68,334,2.76,0.17800000000000002,0.99,55.66666666666666,37.18590465604019
2,Gerrit Cole,NYY,SP,4,1,6,6,0,37.2,24,7,6,1,3,62,325,1.43,0.17800000000000002,0.72,54.16666666666666,21.310256676325857
3,Jacob deGrom,NYM,SP,2,2,5,5,0,35.0,16,5,2,2,4,59,308,0.51,0.136,0.57,61.6,22.91073559377698
4,Trevor Bauer,LAD,SP,3,1,6,6,0,40.0,19,12,11,7,8,51,278,2.48,0.138,0.68,46.33333333333334,27.52835101131732
5,Yu Darvish,SD,SP,3,1,6,6,0,38.0,23,9,9,4,11,49,272,2.13,0.172,0.9,45.33333333333334,31.76820327982547
6,Max Scherzer,WSH,SP,2,2,6,6,0,39.0,27,13,11,7,6,47,253,2.54,0.196,0.85,42.16666666666666,23.616925097828634
7,Clayton Kershaw,LAD,SP,4,2,8,6,0,38.2,30,10,9,3,5,39,250,2.1,0.21,0.91,31.25,21.85946688681356
8,Corbin Burnes,MIL,RP,2,2,5,5,0,29.1,16,6,5,1,0,49,248,1.53,0.152,0.55,49.6,15.489765539739233
9,Kevin Gausman,SF,SP,2,0,6,6,0,39.2,25,9,9,4,11,40,244,2.04,0.175,0.91,40.66666666666666,30.99708989760101
10,Joe Musgrove,SD,SP,2,3,9,6,0,34.0,18,11,9,4,7,47,240,2.38,0.14800000000000002,0.74,26.66666666666667,24.921303297865833
11,Trevor Rogers,MIA,SP,3,2,6,6,0,33.0,22,8,7,2,13,44,240,1.91,0.193,1.06,40.0,34.23586445774454
12,Julio Urías,LAD,RP,4,0,6,6,0,37.2,28,13,12,4,6,42,239,2.87,0.206,0.9,39.833333333333336,23.37291904370445
13,John Means,BAL,SP,3,0,6,6,0,37.0,21,7,7,5,10,38,238,1.7,0.163,0.84,39.66666666666666,29.78850138686007
14,Brandon Woodruff,MIL,SP,2,0,6,6,0,35.0,19,7,7,1,9,40,236,1.8,0.158,0.8,39.333333333333336,28.225393962033046
15,Danny Duffy,KC,SP,4,1,5,5,0,30.0,20,4,2,2,9,34,226,0.6,0.183,0.97,45.2,28.37686520849706
16,Freddy Peralta,MIL,RP,3,0,6,5,0,28.0,14,7,7,3,14,45,224,2.25,0.146,1.0,37.333333333333336,35.355267463120214
17,Zack Wheeler,PHI,SP,2,2,6,6,0,38.2,31,15,15,4,12,41,218,3.49,0.225,1.11,36.333333333333336,31.455074611965617
18,Jack Flaherty,STL,SP,5,0,6,6,0,34.1,25,16,13,3,10,36,218,3.41,0.203,1.02,36.333333333333336,28.697942420598444
19,Aaron Nola,PHI,SP,2,1,6,6,0,37.2,31,13,13,3,5,39,215,3.11,0.218,0.96,35.833333333333336,21.06824092248332
20,Anthony DeSclafani,SF,SP,2,1,8,6,0,36.0,25,8,8,3,9,33,211,2.0,0.189,0.94,26.375,27.09546967698016
21,Carlos Rodón,CHW,SP,4,0,4,4,0,25.0,7,3,2,1,9,36,209,0.72,0.085,0.64,52.25,28.86938093780851
22,José Berríos,MIN,SP,3,2,6,6,0,32.2,24,13,13,2,9,42,207,3.58,0.207,1.01,34.5,27.172327521400618
23,Sandy Alcantara,MIA,SP,1,2,6,6,0,36.2,25,14,13,3,11,36,201,3.19,0.195,0.98,33.5,29.765937042627154
24,Dylan Bundy,LAA,SP,0,3,6,6,0,36.0,30,17,16,5,9,40,200,4.0,0.224,1.08,33.333333333333336,26.11691135022292
25,Aaron Civale,CLE,SP,4,0,6,6,0,39.1,29,15,14,5,12,28,196,3.2,0.209,1.04,32.666666666666664,31.237685602495297
26,Kyle Gibson,TEX,SP,3,0,6,6,0,33.1,27,9,8,0,11,27,195,2.16,0.22,1.14,32.5,29.751506658970303
27,Zach Eflin,PHI,SP,1,1,6,6,0,38.2,43,15,15,3,2,34,195,3.49,0.279,1.16,32.5,15.360907010868925
28,Pablo López,MIA,SP,0,2,7,6,0,34.2,28,10,9,3,10,34,195,2.34,0.22,1.1,27.857142857142854,27.90890049924981
29,Tyler Mahle,CIN,SP,1,1,6,6,0,30.2,23,12,11,5,11,41,192,3.23,0.207,1.11,32.0,29.575368809802008
30,Sean Manaea,OAK,SP,3,1,6,6,0,33.2,34,13,13,4,7,33,191,3.48,0.26,1.22,31.83333333333333,23.1207850720244
31,Ian Anderson,ATL,SP,2,1,6,6,0,33.0,26,12,12,3,14,36,191,3.27,0.215,1.21,31.83333333333333,33.98222373851696
32,Nathan Eovaldi,BOS,SP,4,2,6,6,0,34.2,33,14,14,0,7,32,190,3.64,0.248,1.15,31.66666666666667,23.463085376306665
33,Chris Bassitt,OAK,SP,2,2,6,6,0,34.1,32,15,15,3,12,36,190,3.93,0.244,1.28,31.66666666666667,30.490788283291852
34,Jon Gray,COL,SP,3,2,6,6,0,34.1,27,13,12,3,14,30,187,3.15,0.213,1.19,31.16666666666667,33.951631778739525
35,Charlie Morton,ATL,SP,2,1,6,6,0,33.2,29,19,19,4,12,39,181,5.08,0.23,1.22,30.16666666666667,30.09571091816815
36,Steven Matz,TOR,SP,4,2,6,6,0,32.0,29,17,17,5,10,33,180,4.78,0.238,1.22,30.0,27.22812895764752
37,Matthew Boyd,DET,SP,2,3,6,6,0,35.2,26,10,9,1,7,24,180,2.27,0.203,0.93,30.0,23.73251866427602
38,Tyler Anderson,PIT,SP,2,3,6,6,0,33.1,27,12,12,3,11,31,177,3.24,0.225,1.14,29.5,29.299294365253363
39,Zack Greinke,HOU,SP,2,1,6,6,0,36.2,36,14,14,5,6,27,177,3.44,0.259,1.15,29.5,21.20544645419669
40,Huascar Ynoa,ATL,RP,2,1,6,5,0,27.1,19,9,9,5,6,34,177,2.96,0.19,0.92,29.5,21.93307222151789
41,Walker Buehler,LAD,SP,1,0,5,5,0,31.1,28,11,11,4,2,31,176,3.16,0.237,0.96,35.2,15.475341053568922
42,Adam Wainwright,STL,SP,1,3,6,6,0,34.1,37,19,18,6,9,37,174,4.72,0.272,1.34,29.0,25.16830601152975
43,Lucas Giolito,CHW,SP,1,3,6,6,0,30.2,27,19,17,6,13,41,174,4.99,0.223,1.3,29.0,31.378213311620033
44,Cristian Javier,HOU,RP,3,0,5,5,0,25.2,15,5,5,1,8,30,174,1.75,0.17,0.9,34.8,25.770807872911853
45,José Ureña,DET,SP,1,4,6,6,0,35.2,29,16,14,1,16,28,171,3.53,0.221,1.26,28.5,36.25642201525109
46,Eduardo Rodriguez,BOS,SP,4,0,5,5,0,28.0,26,13,13,5,3,31,170,4.18,0.243,1.04,34.0,16.840807362281254
47,German Márquez,COL,SP,1,2,6,6,0,32.2,29,15,15,3,19,33,170,4.13,0.242,1.47,28.33333333333333,40.29198019734503
48,Marcus Stroman,NYM,SP,3,2,5,5,0,29.0,21,9,6,1,6,23,168,1.86,0.204,0.93,33.6,22.284910459230606
49,JT Brubaker,PIT,SP,2,2,5,5,0,27.1,23,8,8,4,5,30,168,2.63,0.225,1.02,33.6,20.35446856196484
50,Dustin May,LAD,RP,1,1,5,5,0,23.0,16,8,7,4,6,35,167,2.74,0.18600000000000005,0.96,33.4,21.884855491356547
51,Corey Kluber,NYY,SP,2,2,6,6,0,29.2,26,13,10,3,14,29,166,3.03,0.239,1.35,27.66666666666667,33.28031393110456
52,Lance Lynn,CHW,SP,2,1,4,4,0,24.2,20,7,5,2,4,29,166,1.82,0.215,0.97,41.5,19.132139677872303
53,Blake Snell,SD,SP,1,0,6,6,0,25.2,23,11,10,3,15,37,164,3.51,0.228,1.48,27.33333333333333,34.49123661666658
54,Jake Arrieta,CHC,SP,3,3,7,6,0,31.1,29,15,15,5,12,28,163,4.31,0.242,1.31,23.285714285714285,29.696133556888743
55,Mike Foltynewicz,TEX,SP,1,3,6,6,0,33.1,35,16,16,9,8,31,163,4.32,0.271,1.29,27.16666666666667,23.497579233507608
56,Michael Pineda,MIN,SP,2,1,5,5,0,27.1,19,9,7,5,6,27,162,2.31,0.19,0.92,32.4,21.95053012718085
57,Jose Urquidy,HOU,SP,2,2,6,6,0,34.0,31,14,14,4,8,27,161,3.71,0.24,1.15,26.83333333333333,24.140470343370303
58,Lance McCullers Jr.,HOU,SP,2,1,5,5,0,26.2,14,10,10,1,14,30,160,3.38,0.152,1.05,32.0,33.684271943663724
59,Madison Bumgarner,ARI,SP,3,2,7,6,0,30.2,28,19,19,4,10,33,156,5.58,0.241,1.24,22.285714285714285,26.365856934686434
60,Frankie Montas,OAK,SP,3,2,6,6,0,30.2,37,20,20,6,8,29,153,5.87,0.285,1.47,25.5,22.57340984612232
61,Hyun-Jin Ryu,TOR,SP,1,2,5,5,0,27.2,26,9,8,3,3,26,151,2.6,0.241,1.05,30.2,16.789153360654474
62,Nick Pivetta,BOS,RP,3,0,5,5,0,25.2,15,8,8,1,17,25,150,2.81,0.17600000000000002,1.25,30.0,38.031517198915395
63,Taijuan Walker,NYM,SP,1,1,6,5,0,27.0,19,10,9,1,15,27,149,3.0,0.2,1.26,24.83333333333333,34.47239352674904
64,Michael Kopech,CHW,SP,2,0,7,2,0,18.2,8,3,3,1,4,30,149,1.45,0.125,0.64,21.285714285714285,18.95567182628192
65,Carlos Martínez,STL,RP,2,4,6,6,0,36.1,28,16,15,2,9,20,148,3.72,0.209,1.02,24.66666666666667,25.624530038176026
66,Andrew Heaney,LAA,SP,1,2,5,5,0,24.0,18,14,14,4,9,34,146,5.25,0.207,1.13,29.2,24.879756988968342
67,Dylan Cease,CHW,SP,1,0,5,5,0,24.1,21,8,8,2,12,29,146,2.96,0.239,1.36,29.2,29.89109371907873
68,Dane Dunning,TEX,SP,1,2,6,6,0,28.1,27,13,12,1,7,29,146,3.81,0.243,1.2,24.33333333333333,22.280133231506326
69,Yusei Kikuchi,SEA,SP,1,1,5,5,0,30.2,24,15,15,5,11,27,146,4.4,0.214,1.14,29.2,27.989448100344887
70,Logan Webb,SF,SP,1,2,6,5,0,28.1,32,13,13,3,11,28,144,4.13,0.29100000000000004,1.52,24.0,27.36413513570939
71,Cole Irvin,OAK,SP,2,3,5,5,0,27.0,31,11,11,3,4,25,143,3.67,0.282,1.3,28.6,17.49891694845222
72,Garrett Richards,BOS,SP,1,2,6,6,0,28.2,29,16,14,3,14,29,141,4.4,0.257,1.5,23.5,32.06047180733276
73,Wade Miley,CIN,SP,3,2,5,5,0,27.0,19,8,8,3,7,19,140,2.67,0.188,0.96,28.0,23.032891690830198
74,Matt Harvey,BAL,SP,3,1,6,6,0,31.0,31,14,14,2,9,22,139,4.07,0.252,1.29,23.16666666666667,25.028567048142435
75,Austin Gomber,COL,RP,2,3,6,6,0,29.0,22,23,19,3,20,27,139,5.9,0.212,1.45,23.16666666666667,40.65667496978725
76,Brady Singer,KC,SP,1,3,5,5,0,23.1,19,12,8,2,9,26,138,3.09,0.21600000000000005,1.2,27.6,25.348463662394913
77,Justus Sheffield,SEA,SP,2,2,5,5,0,28.0,29,16,13,3,11,24,137,4.18,0.264,1.43,27.4,27.56434310925908
78,Adrian Houser,MIL,SP,2,3,6,6,0,30.2,29,15,12,4,11,21,135,3.52,0.259,1.3,22.5,28.0458126895925
79,Kenta Maeda,MIN,SP,2,2,6,6,0,28.2,38,19,17,7,7,28,135,5.34,0.311,1.57,22.5,20.767400604628193
80,David Peterson,NYM,SP,1,3,5,5,0,24.1,22,16,13,5,8,29,135,4.81,0.242,1.23,27.0,23.031538226939684
81,Zach Plesac,CLE,SP,1,3,6,6,0,32.0,31,17,17,4,7,24,135,4.78,0.25,1.19,22.5,21.55161249272689
82,Chris Flexen,SEA,SP,2,1,5,5,0,27.0,30,11,10,2,6,21,134,3.33,0.28800000000000003,1.33,26.8,20.345801227692775
83,John Gant,STL,RP,2,2,5,5,0,25.0,21,7,6,1,18,20,133,2.16,0.239,1.56,26.6,38.872439556482306
84,Alex Wood,SF,SP,3,0,3,3,0,18.0,9,3,3,1,3,20,131,1.5,0.14800000000000002,0.67,43.66666666666666,17.745726876031007
85,Trevor Williams,CHC,SP,2,2,6,6,0,27.0,33,18,18,5,14,29,130,6.0,0.3,1.74,21.66666666666667,30.96210496992382
86,Ryan Yarbrough,TB,RP,1,3,6,4,0,33.1,37,21,18,2,6,26,130,4.86,0.274,1.29,21.66666666666667,19.542376493853453
87,Jesús Luzardo,OAK,RP,1,3,6,6,0,28.0,33,21,18,5,12,30,130,5.79,0.289,1.61,21.66666666666667,28.107189709231598
88,Jakob Junis,KC,SP,1,2,7,4,0,25.0,24,14,14,3,8,29,130,5.04,0.253,1.28,18.571428571428573,22.393538175416467
89,Zac Gallen,ARI,SP,1,1,4,4,0,20.2,14,8,8,1,10,27,129,3.48,0.182,1.16,32.25,26.730622696869606
90,Michael Wacha,TB,SP,1,1,6,4,0,28.1,27,16,15,4,8,26,128,4.77,0.255,1.24,21.33333333333333,22.558979174607444
91,Mike Minor,KC,SP,2,1,5,5,0,25.2,25,16,15,6,10,27,125,5.26,0.248,1.36,25.0,25.651277934602383
92,Erick Fedde,WSH,RP,2,2,5,5,0,22.1,18,12,11,2,11,25,125,4.43,0.217,1.3,25.0,27.669713729765146
93,Jordan Montgomery,NYY,SP,1,1,5,5,0,26.2,21,13,13,5,8,24,123,4.39,0.214,1.09,24.6,23.20908706517377
94,Merrill Kelly,ARI,SP,2,2,6,6,0,32.2,39,22,21,5,9,24,123,5.79,0.302,1.47,20.5,23.654160145064544
95,Robbie Ray,TOR,SP,1,1,4,4,0,22.2,18,7,7,4,9,20,121,2.78,0.217,1.19,30.25,25.04463534848255
96,Jameson Taillon,NYY,SP,1,2,5,5,0,22.1,23,13,13,5,5,29,121,5.24,0.261,1.25,24.2,18.150619412070903
97,Aaron Sanchez,SF,SP,1,1,5,5,0,24.1,17,6,6,1,9,20,121,2.22,0.193,1.07,24.2,25.69798655390079
98,Jeff Hoffman,CIN,SP,2,1,6,5,0,24.1,21,10,9,3,12,19,119,3.33,0.236,1.36,19.83333333333333,29.101203922678273
99,Johnny Cueto,SF,SP,2,0,3,3,0,20.0,13,4,4,0,4,18,118,1.8,0.191,0.85,39.333333333333336,18.55215513012567
100,Marco Gonzales,SEA,SP,1,3,5,5,0,28.1,27,17,17,6,11,23,117,5.4,0.25,1.34,23.4,26.84523817255255
101,James Karinchak,CLE,RP,0,0,14,0,2,13.0,3,1,1,1,2,27,117,0.69,0.068,0.39,8.357142857142858,14.411565631979881
102,Rich Hill,TB,SP,1,1,6,6,0,25.1,23,18,18,5,8,28,116,6.4,0.245,1.22,19.33333333333333,22.17114693171867
103,Giovanny Gallegos,STL,RP,2,1,14,0,1,16.2,6,4,4,1,4,22,116,2.16,0.111,0.6,8.285714285714286,16.61131105968206
104,Caleb Smith,ARI,SP,2,1,10,1,0,17.2,13,7,6,2,9,23,116,3.06,0.203,1.25,11.6,23.565441967931
105,Bruce Zimmermann,BAL,SP,1,3,6,6,0,30.0,39,19,18,7,10,22,116,5.4,0.322,1.63,19.33333333333333,24.724689365246444
106,Luke Weaver,ARI,SP,1,2,5,5,0,25.2,24,14,14,5,9,23,114,4.91,0.247,1.29,22.8,24.052429271356836
107,Taylor Widener,ARI,SP,1,0,4,4,0,22.1,19,8,7,4,6,18,114,2.82,0.229,1.12,28.5,20.368129799556446
108,J.A. Happ,MIN,SP,2,0,4,4,0,23.0,12,5,5,2,7,13,113,1.96,0.15,0.83,28.25,22.851564330228513
109,Matt Barnes,BOS,RP,1,0,14,0,6,14.1,6,4,4,1,3,25,112,2.51,0.118,0.63,8.0,14.71160647512443
110,Luis Castillo,CIN,SP,1,3,6,6,0,29.2,40,24,20,5,8,24,111,6.07,0.328,1.62,18.5,21.413680515787508
111,Domingo Germán,NYY,SP,2,2,4,4,0,20.0,22,10,9,4,4,19,110,4.05,0.262,1.3,27.5,16.653427850603784
112,Craig Stammen,SD,RP,1,1,12,0,1,19.1,15,5,5,3,4,20,109,2.33,0.211,0.98,9.083333333333334,15.89339842859481
113,Griffin Canning,LAA,SP,2,2,5,4,0,20.1,20,15,14,6,7,26,109,6.2,0.253,1.33,21.8,20.322334882338005
114,Adbert Alzolay,CHC,SP,1,2,4,4,0,21.0,13,11,11,3,6,23,109,4.71,0.17600000000000002,0.91,27.25,20.183214945053894
115,Casey Mize,DET,SP,1,3,5,5,0,26.2,27,15,15,5,10,20,109,5.06,0.267,1.39,21.8,25.18800485145981
116,Aroldis Chapman,NYY,RP,1,0,10,0,6,10.0,2,0,0,0,3,24,108,0.0,0.061,0.5,10.8,16.668999596135393
117,Vince Velasquez,PHI,SP,1,0,6,3,0,18.1,17,10,10,5,13,24,107,4.91,0.239,1.64,17.833333333333332,28.86995113116727
118,Joe Ross,WSH,SP,2,1,4,4,0,21.1,19,11,11,5,7,18,105,4.64,0.247,1.22,26.25,20.996391366701175
119,Lou Trivino,OAK,RP,1,0,15,0,5,17.0,11,4,3,2,7,19,105,1.59,0.18,1.06,7.0,20.072308788020948
120,José De León,CIN,RP,0,1,8,2,0,16.2,19,14,14,4,10,32,104,7.56,0.271,1.74,13.0,22.561005147175486
121,Triston McKenzie,CLE,SP,0,1,5,4,0,18.2,14,13,13,5,18,29,104,6.27,0.212,1.71,20.8,36.199276319053666
122,Dallas Keuchel,CHW,SP,1,1,6,6,0,31.0,30,18,16,3,11,16,103,4.65,0.254,1.32,17.166666666666668,26.862042424440567
123,Yusmeiro Petit,OAK,RP,4,0,15,0,0,17.1,13,2,2,1,3,11,103,1.04,0.206,0.92,6.866666666666666,14.638512036906654
124,Jonathan Loaisiga,NYY,SP,2,1,12,0,1,16.1,10,3,2,1,3,16,103,1.1,0.175,0.8,8.583333333333334,15.196381511293234
125,Michael Fulmer,DET,SP,1,1,7,3,0,21.0,16,9,9,3,6,20,102,3.86,0.203,1.05,14.571428571428573,19.46733249146949
126,Luis Garcia,HOU,SP,0,3,5,3,0,20.0,14,6,6,3,7,20,102,2.7,0.194,1.05,20.4,21.77305362025455
127,Tim Hill,SD,RP,2,2,16,0,0,13.2,10,9,2,3,4,18,101,1.32,0.179,1.02,6.3125,15.510139939872111
128,Antonio Senzatela,COL,SP,1,3,6,6,0,29.2,37,21,19,5,9,18,100,5.76,0.298,1.55,16.666666666666668,22.894857104144926
129,Chris Paddack,SD,SP,1,3,5,5,0,23.1,25,19,14,2,7,22,100,5.4,0.26,1.37,20.0,20.49215623611558
130,Ryan Weathers,SD,SP,1,0,7,3,1,16.1,4,1,1,1,6,16,100,0.55,0.08,0.61,14.285714285714285,21.540679312096174
131,Tejay Antone,CIN,SP,1,0,9,0,1,15.1,6,5,5,2,8,21,100,2.94,0.118,0.91,11.111111111111109,22.24739342786592
132,Martin Pérez,BOS,SP,0,2,5,5,0,23.0,25,13,12,1,9,22,99,4.7,0.278,1.48,19.8,23.576455004790184
133,Scott Barlow,KC,RP,1,0,14,0,1,16.0,16,5,5,0,7,20,99,2.81,0.254,1.44,7.071428571428571,19.064200910488324
134,Josh Hader,MIL,RP,2,0,11,0,7,10.2,3,1,1,0,5,19,98,0.84,0.083,0.75,8.909090909090908,18.618477526603662
135,Garrett Whitlock,BOS,SP,0,0,7,0,0,14.1,8,1,1,1,2,19,97,0.63,0.157,0.7,13.857142857142858,14.57977696220148
136,Trevor Cahill,PIT,SP,1,3,5,5,0,24.1,29,21,20,3,8,24,95,7.4,0.293,1.52,19.0,20.905503597478262
137,Dillon Maples,CHC,RP,0,0,9,0,0,12.2,4,2,2,1,9,21,95,1.42,0.098,1.03,10.555555555555557,24.080987061787567
138,Chris Rodriguez,LAA,SP,2,0,7,0,0,14.2,9,4,4,0,8,17,95,2.46,0.173,1.16,13.571428571428573,22.35822185394307
139,Jordan Lyles,TEX,SP,1,2,6,6,0,28.0,37,23,23,8,8,23,94,7.39,0.316,1.61,15.666666666666664,20.63660896056088
140,Héctor Neris,PHI,RP,1,3,15,0,6,14.1,11,4,3,2,4,18,94,1.88,0.204,1.05,6.2666666666666675,15.318713281243648
141,Alex Reyes,STL,RP,1,0,14,0,8,14.1,6,0,0,0,12,15,94,0.0,0.122,1.26,6.7142857142857135,28.073507915371785
142,Emmanuel Clase,CLE,RP,2,1,14,0,6,13.1,10,3,0,0,3,14,94,0.0,0.189,0.98,6.7142857142857135,14.869153471703815
143,Duane Underwood Jr.,PIT,RP,1,0,11,0,0,15.0,14,7,6,1,5,20,93,3.6,0.237,1.27,8.454545454545455,16.316099699776487
144,Josh Fleming,TB,RP,1,3,4,3,0,20.2,13,5,5,1,9,12,93,2.18,0.17800000000000002,1.07,23.25,24.9689713099866
145,Junior Guerra,LAA,RP,2,0,10,0,0,18.2,12,9,8,1,8,16,92,3.86,0.16899999999999998,1.07,9.2,21.30420770695959
146,Cesar Valdez,BAL,RP,2,0,12,0,7,13.2,11,3,2,0,3,15,92,1.32,0.208,1.02,7.666666666666668,14.511299822258003
147,Chad Green,NYY,RP,0,2,13,0,1,16.2,8,4,2,2,2,16,92,1.08,0.14800000000000002,0.6,7.0769230769230775,13.44387376263518
148,Jake Diekman,OAK,RP,1,0,13,0,3,13.1,9,5,3,0,5,18,91,2.03,0.184,1.05,7.0,16.979057497379586
149,Mike Mayers,LAA,RP,1,1,14,0,1,14.1,12,4,4,3,6,18,91,2.51,0.218,1.26,6.5,17.7954030485238
150,Ryne Stanek,HOU,RP,0,1,13,0,1,13.0,4,3,3,2,4,20,90,2.08,0.095,0.62,6.9230769230769225,16.114950239159526
151,Chase Anderson,PHI,SP,1,3,5,5,0,21.2,21,13,13,3,10,19,89,5.4,0.25,1.43,17.8,24.821174428258008
152,Drew Pomeranz,SD,RP,0,0,12,0,0,11.2,8,2,2,1,6,20,89,1.54,0.19,1.2,7.416666666666668,18.560621722777256
153,Alex Cobb,LAA,SP,1,1,4,4,0,16.1,24,14,13,1,5,23,89,7.16,0.329,1.78,22.25,15.742124014044403
154,Kyle Hendricks,CHC,SP,1,3,5,5,0,22.2,32,19,19,10,8,21,88,7.54,0.333,1.77,17.6,20.024918708375868
155,Justin Dunn,SEA,SP,1,0,4,4,0,20.1,13,9,9,2,13,16,88,3.98,0.17800000000000002,1.28,22.0,30.08598785338136
156,Dean Kremer,BAL,RP,0,2,5,5,0,21.0,26,15,15,5,8,22,88,6.43,0.306,1.62,17.6,20.792100996486138
157,Diego Castillo,TB,RP,0,2,14,0,7,14.1,10,5,5,2,6,20,88,3.14,0.2,1.12,6.2857142857142865,17.67743409634666
158,Chi Chi González,COL,SP,1,0,6,4,0,24.2,27,12,12,2,9,14,86,4.38,0.287,1.46,14.333333333333336,23.052863151165944
159,Brent Suter,MIL,RP,2,1,11,0,0,15.2,15,6,5,2,4,14,86,2.87,0.25,1.21,7.8181818181818175,15.098154630219486
160,John Curtiss,MIA,RP,2,1,12,0,0,12.2,10,3,3,2,0,15,86,2.13,0.213,0.79,7.166666666666668,9.905133186110282
161,Craig Kimbrel,CHC,RP,0,1,11,0,5,11.0,4,1,0,0,6,17,84,0.0,0.105,0.91,7.636363636363638,19.82205352796588
162,Drew Steckenrider,SEA,RP,2,1,10,0,0,13.0,11,5,5,0,6,16,84,3.46,0.239,1.31,8.4,18.00117425376916
163,Caleb Thielbar,MIN,RP,0,0,9,0,0,10.2,14,4,4,3,2,21,83,3.38,0.304,1.5,9.222222222222221,11.48781725232008
164,Sonny Gray,CIN,SP,0,2,3,3,0,13.2,16,9,9,3,8,23,83,5.93,0.28600000000000003,1.76,27.66666666666667,20.74173352029345
165,Lucas Luetge,NYY,RP,1,0,10,0,0,15.2,14,7,7,3,3,17,83,4.02,0.233,1.09,8.3,13.289591886838577
166,Luis Cessa,NYY,RP,0,0,9,0,0,12.2,6,5,2,0,7,17,83,1.42,0.14,1.03,9.222222222222221,20.72388225941561
167,Jake McGee,SF,RP,1,0,13,0,7,12.1,8,6,4,3,3,17,82,2.92,0.17,0.89,6.307692307692308,13.564947423319976
168,Liam Hendriks,CHW,RP,1,0,11,0,5,11.1,7,5,5,4,1,19,82,3.97,0.171,0.71,7.454545454545454,10.720909629758903
169,Blake Treinen,LAD,RP,1,1,12,0,0,12.1,15,5,4,1,4,17,82,2.92,0.3,1.54,6.833333333333332,14.290035854544739
170,Adam Plutko,BAL,SP,1,0,11,0,0,16.1,11,2,2,1,5,11,82,1.1,0.196,0.98,7.454545454545454,17.56138058730922
171,Ryan Pressly,HOU,RP,2,0,11,0,4,12.0,12,3,2,0,3,13,81,1.5,0.25,1.25,7.363636363636362,14.049349192316294
172,Mark Melancon,SD,RP,0,0,13,0,10,14.0,5,1,1,0,1,14,81,0.64,0.104,0.43,6.230769230769232,12.197626971196112
173,Sam Coonrod,PHI,SP,0,0,12,0,1,13.0,7,2,2,2,2,16,81,1.39,0.156,0.69,6.75,13.146843839520228
174,J.P. Feyereisen,MIL,RP,0,1,15,0,0,14.0,4,2,0,0,7,13,81,0.0,0.087,0.79,5.4,20.745537448131337
175,Kohei Arihara,TEX,SP,2,3,6,6,0,25.0,26,17,16,6,9,14,81,5.76,0.274,1.4,13.5,23.06378013562893
176,Dylan Floro,MIA,RP,1,1,14,0,0,12.2,7,3,2,0,3,14,80,1.42,0.152,0.79,5.7142857142857135,14.287018983798943
177,Jorge López,BAL,RP,1,3,5,5,0,21.2,22,18,18,6,9,21,80,7.48,0.256,1.43,16.0,22.271278738364803
178,Kwang Hyun Kim,STL,SP,1,0,3,3,0,13.2,17,5,5,1,1,16,80,3.29,0.304,1.32,26.66666666666667,11.830861684154868
179,Rex Brothers,CHC,RP,1,0,11,0,0,10.1,6,4,4,1,5,18,79,3.48,0.16699999999999998,1.07,7.1818181818181825,16.48379633250633
180,Paul Fry,BAL,RP,0,0,13,0,1,11.1,8,2,2,0,5,17,79,1.59,0.2,1.15,6.0769230769230775,16.752484070762698
181,Josh Staumont,KC,RP,0,0,12,0,3,14.1,4,1,1,0,6,13,79,0.63,0.087,0.7,6.583333333333332,19.52200768740235
182,Jimmy Nelson,LAD,SP,1,1,12,0,0,12.0,10,6,5,0,9,17,78,3.75,0.217,1.58,6.5,21.48451179825541
183,Deolis Guerra,OAK,RP,1,0,9,0,0,12.0,6,6,3,2,5,15,78,2.25,0.14300000000000002,0.92,8.666666666666666,17.46262307571977
184,Kendall Graveman,SEA,RP,1,0,10,0,3,11.2,3,0,0,0,2,12,77,0.0,0.081,0.43,7.7,14.535155469445154
185,Sam Howard,PIT,RP,2,1,14,0,0,10.2,5,4,4,2,6,15,77,3.38,0.139,1.03,5.5,17.678939625269404
186,Jeffrey Springs,TB,RP,2,0,12,0,1,12.2,12,6,5,1,1,14,77,3.55,0.245,1.03,6.416666666666668,10.20462052792804
187,Trevor May,NYM,RP,2,1,10,0,0,9.1,8,4,2,0,2,14,76,1.93,0.222,1.07,7.6,12.779651785568817
188,Sean Doolittle,CIN,RP,2,0,13,0,1,11.1,11,5,5,1,6,15,76,3.97,0.256,1.5,5.846153846153847,16.761296027657657
189,Tanner Scott,BAL,RP,1,2,13,0,0,12.1,6,4,3,0,12,14,76,2.19,0.133,1.46,5.846153846153847,26.755733762873543
190,Cole Sulser,BAL,RP,1,0,7,0,0,9.1,8,1,1,1,1,15,76,0.96,0.229,0.96,10.857142857142858,12.235518492930158
191,Will Vest,SEA,RP,1,0,14,0,0,15.1,11,3,2,0,7,10,76,1.17,0.212,1.17,5.428571428571429,19.682771093419213
192,Patrick Corbin,WSH,SP,1,3,5,5,0,23.1,27,22,21,7,14,18,75,8.1,0.293,1.76,15.0,28.808946896440016
193,José Quintana,LAA,SP,0,3,5,5,0,17.0,24,22,20,3,14,28,75,10.59,0.324,2.24,15.0,27.139314496549858
194,Ian Kennedy,TEX,RP,0,0,12,0,7,12.0,9,3,3,2,0,16,75,2.25,0.196,0.75,6.25,9.495903963732198
195,Emilio Pagán,SD,RP,2,0,13,0,0,11.0,10,4,4,3,5,14,75,3.27,0.238,1.36,5.769230769230768,15.715906705245121
196,Ryan Helsley,STL,RP,2,0,13,0,0,13.0,12,6,6,0,7,14,75,4.15,0.255,1.46,5.769230769230768,18.271530871557676
197,Tarik Skubal,DET,SP,0,4,6,4,0,22.0,23,16,15,8,14,18,75,6.14,0.264,1.68,12.5,29.432030397857194
198,Bryan Abreu,HOU,RP,1,1,10,0,0,14.2,12,8,7,2,6,15,74,4.3,0.222,1.23,7.4,17.392095143856164
199,Bryan Shaw,CLE,RP,1,0,12,0,0,12.1,3,3,3,1,8,13,73,2.19,0.075,0.89,6.083333333333332,21.60212933081366
200,David Phelps,TOR,RP,0,0,11,1,0,10.1,8,2,1,0,4,15,73,0.87,0.21600000000000005,1.16,6.636363636363638,15.905603913326079
201,Kyle Zimmer,KC,RP,2,0,11,0,1,13.1,7,5,5,1,5,12,73,3.38,0.163,0.9,6.636363636363638,16.717751577548967
202,Kolby Allard,TEX,RP,0,0,6,0,0,12.1,12,5,5,1,1,17,73,3.65,0.24,1.05,12.166666666666664,10.89262441287656
203,Ryan Borucki,TOR,SP,3,1,11,0,0,11.1,6,6,5,1,4,12,73,3.97,0.154,0.88,6.636363636363638,15.09911074219858
204,Hirokazu Sawamura,BOS,RP,1,0,11,0,0,12.1,10,5,5,3,5,15,73,3.65,0.227,1.22,6.636363636363638,15.959857299324625
205,Codi Heuer,CHW,RP,2,1,11,0,0,13.1,21,9,9,3,1,16,73,6.08,0.375,1.65,6.636363636363638,8.204963871961526
206,Ryan Thompson,TB,RP,2,1,13,0,0,13.1,9,5,4,1,5,11,73,2.7,0.184,1.05,5.615384615384616,16.445509435447782
207,Miguel Castro,NYM,RP,0,0,10,0,0,10.0,10,5,4,1,3,18,72,3.6,0.25,1.3,7.2,12.914788827061594
208,Dan Winkler,CHC,RP,1,0,13,0,0,10.2,5,1,1,0,7,12,71,0.84,0.135,1.13,5.461538461538462,20.08980554560483
209,Rafael Dolis,TOR,RP,1,0,14,0,3,12.2,3,4,4,1,8,13,71,2.84,0.075,0.87,5.071428571428571,20.972408444253684
210,Brad Keller,KC,SP,2,3,6,6,0,22.1,36,25,20,4,12,16,71,8.06,0.36,2.15,11.833333333333336,25.142726776409525
211,Josh Sborz,TEX,RP,3,1,11,0,0,11.2,7,5,5,0,4,11,71,3.86,0.171,0.94,6.454545454545454,15.029843807696572
212,Andrew Kittredge,TB,RP,3,0,9,1,1,11.2,6,2,2,1,3,8,71,1.54,0.14,0.77,7.888888888888888,15.209639307812402
213,Tyler Rogers,SF,RP,0,0,16,0,2,16.2,12,3,2,1,3,9,71,1.08,0.197,0.9,4.4375,13.473959756265815
214,Génesis Cabrera,STL,RP,0,1,14,0,0,13.2,9,6,5,1,6,15,71,3.29,0.17600000000000002,1.1,5.071428571428571,17.26941858033379
215,Yimi García,MIA,RP,2,2,13,0,4,12.1,9,5,3,3,3,10,70,2.19,0.173,0.97,5.384615384615384,13.650839666137976
216,Spencer Turnbull,DET,SP,1,2,3,3,0,16.0,12,8,8,1,5,12,70,4.5,0.203,1.06,23.33333333333333,17.683801514987426
217,Richard Rodríguez,PIT,RP,1,0,11,0,4,11.1,1,0,0,0,1,10,70,0.0,0.028,0.18,6.363636363636362,13.125474866489714
218,Taylor Hearn,TEX,SP,0,1,9,0,0,13.1,16,9,9,4,10,19,70,6.08,0.29600000000000004,1.95,7.777777777777778,21.559838015003876
219,Austin Adams,SD,RP,0,0,11,0,0,9.1,6,5,5,0,4,19,70,4.82,0.188,1.07,6.363636363636362,14.129875008842248
220,John King,TEX,SP,2,1,10,0,0,13.1,16,5,2,0,2,8,70,1.35,0.29600000000000004,1.35,7.0,12.304876196774389
221,Andrew Chafin,CHC,RP,0,1,14,0,0,13.0,8,5,5,1,4,15,69,3.46,0.17,0.92,4.928571428571429,14.446277436515473
222,Tyler Matzek,ATL,SP,0,2,12,0,0,11.0,9,7,6,2,8,18,69,4.91,0.214,1.55,5.75,19.25367382699997
223,Will Smith,ATL,RP,0,2,12,0,5,11.0,6,4,4,0,7,16,69,3.27,0.162,1.18,5.75,19.085196868222685
224,Tommy Milone,TOR,SP,1,0,6,1,1,14.0,20,10,10,3,3,17,69,6.43,0.32299999999999995,1.64,11.5,11.934834583696
225,Brett Anderson,MIL,SP,2,2,4,4,0,17.1,18,9,8,3,4,8,68,4.15,0.265,1.27,17.0,15.901465527286419
226,Keone Kela,SD,RP,2,1,10,0,0,9.2,9,6,4,2,3,13,68,3.72,0.231,1.24,6.8,13.021354094102874
227,Taylor Clarke,ARI,SP,1,0,11,0,0,14.2,17,10,9,3,4,15,68,5.52,0.28300000000000003,1.43,6.1818181818181825,13.137974633418896
228,Mitch Keller,PIT,SP,1,3,5,5,0,18.2,24,17,17,3,13,19,68,8.2,0.308,1.98,13.6,26.948347631716178
229,Clay Holmes,PIT,RP,1,0,13,0,0,14.2,12,9,8,1,4,14,68,4.91,0.218,1.09,5.230769230769232,13.685857965628243
230,Kyle Finnegan,WSH,RP,1,0,12,0,0,11.2,11,5,5,3,5,14,68,3.86,0.239,1.37,5.666666666666668,15.349570295760564
231,Gregory Soto,DET,SP,1,1,12,0,3,11.2,11,4,4,1,6,13,68,3.09,0.234,1.46,5.666666666666668,17.131312262673365
232,A.J. Minter,ATL,RP,1,0,13,0,0,12.1,7,5,5,0,6,13,67,3.65,0.163,1.05,5.153846153846153,17.388105937090344
233,Edwin Díaz,NYM,RP,1,1,11,0,3,10.2,8,6,5,0,5,14,65,4.22,0.211,1.22,5.909090909090909,15.635613573380986
234,Kenley Jansen,LAD,RP,0,1,10,0,5,11.1,3,4,3,1,9,13,64,2.38,0.083,1.06,6.4,22.846946809190175
235,Drew Smyly,ATL,SP,0,2,4,4,0,19.0,22,21,17,9,7,18,64,8.05,0.282,1.53,16.0,18.108974699612833
236,Adam Ottavino,BOS,RP,2,2,12,0,0,10.0,8,8,6,0,9,13,63,5.4,0.211,1.7,5.25,20.390485493536197
237,Rafael Montero,SEA,RP,2,1,13,0,4,13.0,9,8,6,1,5,10,63,4.15,0.191,1.08,4.846153846153847,15.563371786224149
238,Zach Davies,CHC,SP,1,2,6,6,0,23.0,31,22,21,3,18,17,63,8.22,0.316,2.13,10.5,34.21275972421786
239,Carson Fulmer,CIN,SP,0,0,13,0,0,15.0,11,7,7,1,6,13,63,4.2,0.208,1.13,4.846153846153847,16.81751723595647
240,José Alvarado,PHI,RP,2,0,10,0,1,8.0,6,4,4,0,5,13,63,4.5,0.188,1.38,6.3,15.485333809366363
241,Darwinzon Hernandez,BOS,RP,0,1,11,0,0,10.0,9,5,4,1,8,15,63,3.6,0.243,1.7,5.727272727272728,19.59679409837799
242,Tyler Kinley,COL,RP,0,0,11,0,0,12.0,10,5,5,1,9,14,63,3.75,0.233,1.58,5.727272727272728,21.20256979862411
243,Trent Thornton,TOR,SP,0,0,8,2,0,14.0,14,5,5,3,5,12,63,3.21,0.269,1.36,7.875,16.45226652946133
244,Brandon Bielak,HOU,SP,1,0,5,0,0,13.0,9,5,5,1,4,11,63,3.46,0.191,1.0,12.6,15.680847170495186
245,Josh Tomlin,ATL,RP,2,0,10,0,0,14.2,20,7,7,0,2,9,62,4.3,0.32299999999999995,1.5,6.2,10.647003454105034
246,Matt Andriese,BOS,RP,0,1,10,0,1,13.2,14,7,5,1,4,12,62,3.29,0.264,1.32,6.2,14.265758930001105
247,Mychal Givens,COL,RP,1,1,11,0,0,10.2,8,3,3,2,2,11,62,2.53,0.211,0.94,5.636363636363638,12.15318914889937
248,Austin Voth,WSH,SP,0,0,7,0,0,9.2,8,2,2,0,5,13,62,1.86,0.235,1.35,8.857142857142858,16.95055565215624
249,Devin Williams,MIL,RP,0,0,11,0,0,10.2,7,5,5,3,9,15,62,4.22,0.184,1.5,5.636363636363638,21.075198614408535
250,David Bednar,PIT,RP,0,0,12,0,0,10.2,6,2,2,2,3,12,62,1.69,0.158,0.84,5.166666666666667,13.927037122879183
251,Jake Brentz,KC,SP,0,0,13,0,0,11.2,9,5,4,1,6,13,62,3.09,0.214,1.29,4.769230769230768,16.994675148997658
252,Tyler Chatwood,TOR,RP,0,0,8,0,0,8.1,6,0,0,0,2,12,61,0.0,0.207,0.96,7.625,13.67733121479009
253,Matt Shoemaker,MIN,SP,1,3,5,5,0,23.0,28,21,20,7,8,14,61,7.83,0.298,1.57,12.2,19.854737536706395
254,Taylor Rogers,MIN,RP,0,1,9,0,2,10.1,10,3,2,1,1,12,61,1.74,0.256,1.07,6.777777777777778,10.981286641312522
255,Chris Stratton,PIT,RP,1,0,12,0,0,14.1,17,10,9,3,2,13,61,5.65,0.293,1.33,5.083333333333333,9.893737216789173
256,J.B. Wendelken,OAK,RP,0,0,15,0,0,12.1,15,7,6,1,5,14,61,4.38,0.28300000000000003,1.62,4.066666666666666,14.017718299301848
257,Daniel Hudson,WSH,RP,2,0,8,0,0,8.0,4,2,2,2,4,10,60,2.25,0.14300000000000002,1.0,7.5,15.792533089787243
258,Brad Hand,WSH,RP,2,0,8,0,3,9.0,4,1,0,0,4,7,60,0.0,0.138,0.89,7.5,16.95303159566695
259,Michael King,NYY,SP,0,0,3,0,0,11.0,4,0,0,0,4,9,60,0.0,0.111,0.73,20.0,17.836658748931374
260,Robert Stephenson,COL,RP,0,1,12,0,0,11.2,13,7,4,2,2,12,59,3.09,0.255,1.29,4.916666666666667,10.947130133154223
261,Kent Emanuel,HOU,SP,1,0,3,0,0,10.2,6,2,2,2,0,9,59,1.69,0.16699999999999998,0.56,19.666666666666668,11.273293582476025
262,Alex Young,ARI,SP,0,3,12,0,0,10.2,7,4,3,2,7,12,59,2.53,0.184,1.31,4.916666666666667,18.95188386447316
263,Drew Rasmussen,MIL,SP,0,1,11,0,0,11.2,12,11,8,2,8,16,59,6.17,0.24,1.71,5.363636363636363,18.29157195506693
264,José Cisnero,DET,RP,0,1,12,0,0,10.1,11,8,7,2,6,16,58,6.1,0.262,1.65,4.833333333333333,15.232996633974013
265,Greg Holland,KC,RP,2,1,11,0,2,10.1,11,6,5,3,8,10,58,4.36,0.262,1.84,5.2727272727272725,19.023221661330318
266,Casey Sadler,SEA,RP,0,1,11,0,0,11.0,8,3,2,0,6,10,57,1.64,0.205,1.27,5.181818181818182,17.958645501084305
267,Alec Mills,CHC,RP,1,0,10,1,1,19.0,20,12,12,4,4,10,57,5.68,0.27,1.26,5.7,13.475020218693121
268,Aaron Slegers,LAA,SP,1,0,12,0,0,11.0,15,4,4,1,2,10,57,3.27,0.326,1.55,4.75,10.545304874797546
269,Trevor Richards,TB,SP,0,0,5,0,1,11.0,9,6,6,2,3,14,57,4.91,0.22,1.09,11.4,13.174243365215458
270,Kevin Ginkel,ARI,RP,0,0,13,0,0,11.0,10,5,4,3,4,12,57,3.27,0.238,1.27,4.384615384615385,13.770297645295678
271,Caleb Baragar,SF,SP,2,0,10,0,0,7.0,6,1,0,0,4,8,57,0.0,0.231,1.43,5.7,15.762673698205713
272,Hunter Strickland,TB,RP,0,0,8,0,0,10.2,8,2,2,1,3,10,56,1.69,0.205,1.03,7.0,14.152865226433345
273,Chad Kuhl,PIT,SP,0,1,4,4,0,15.2,12,14,11,4,16,14,56,6.32,0.222,1.79,14.0,32.09486504606029
274,Tyler Alexander,DET,SP,0,0,7,0,0,12.2,14,7,7,4,4,13,56,4.97,0.275,1.42,8.0,13.708193916491844
275,Brooks Raley,HOU,SP,0,1,14,0,1,12.1,11,10,10,2,3,16,55,7.3,0.229,1.14,3.928571428571429,10.609732760361863
276,Tim Mayza,TOR,RP,1,0,12,0,0,8.1,7,0,0,0,2,8,55,0.0,0.233,1.08,4.583333333333333,12.783564310628204
277,Riley Smith,ARI,SP,1,1,5,2,0,17.0,21,10,9,1,6,7,55,4.77,0.304,1.59,11.0,17.28714047896466
278,Kyle Crick,PIT,RP,0,0,10,0,0,10.0,1,0,0,0,4,8,54,0.0,0.036000000000000004,0.5,5.4,16.98355248842259
279,Luke Jackson,ATL,RP,1,0,11,0,0,10.0,8,2,2,1,8,8,54,1.8,0.222,1.6,4.909090909090909,20.405984459782054
280,Jorge Alcala,MIN,RP,0,0,10,0,0,11.0,5,4,4,3,2,11,54,3.27,0.139,0.64,5.4,12.200492407496354
281,Johan Oviedo,STL,SP,0,0,2,1,0,9.2,5,3,3,1,4,11,53,2.79,0.156,0.93,26.5,16.49120352542911
282,Ross Stripling,TOR,SP,0,1,3,3,0,12.2,18,9,9,2,4,14,53,6.4,0.327,1.74,17.666666666666668,13.79898442891428
283,Aaron Bummer,CHW,RP,0,1,11,0,0,8.2,9,4,2,0,6,11,53,2.08,0.257,1.73,4.818181818181818,16.948864830628036
284,Cody Stashak,MIN,RP,0,0,10,0,0,8.2,9,7,7,1,5,16,53,7.27,0.257,1.62,5.3,13.452841959244665
285,Angel Perdomo,MIL,SP,1,0,8,0,0,7.1,5,5,5,2,5,13,52,6.14,0.2,1.36,6.5,14.750047104480277
286,Wandy Peralta,NYY,RP,2,1,11,0,2,9.1,11,5,5,1,3,9,52,4.82,0.297,1.5,4.727272727272728,11.677391875374413
287,Phillips Valdez,BOS,RP,1,0,8,0,0,10.1,4,5,4,0,4,9,52,3.48,0.111,0.77,6.5,15.359418482065443
288,Tanner Houck,BOS,SP,0,2,3,2,0,10.1,14,7,5,1,1,12,52,4.36,0.304,1.45,17.333333333333332,10.4021459082216
289,Connor Brogdon,PHI,RP,3,1,12,0,0,11.1,11,9,9,2,6,9,52,7.15,0.256,1.5,4.333333333333333,15.161135769295486
290,Brad Boxberger,MIL,RP,0,0,10,0,1,9.0,5,2,2,1,2,10,51,2.0,0.156,0.78,5.1,12.52239374730146
291,Raisel Iglesias,LAA,RP,1,2,11,0,4,10.0,12,10,8,3,1,13,51,7.2,0.293,1.3,4.636363636363637,7.770457459377207
292,Lucas Sims,CIN,SP,0,1,11,0,1,10.0,5,9,8,2,7,15,51,7.2,0.147,1.2,4.636363636363637,17.054923574591655
293,Joel Payamps,TOR,RP,0,1,9,0,0,12.0,13,3,3,2,1,8,51,2.25,0.277,1.17,5.666666666666668,10.358322857267481
294,David Price,LAD,SP,1,0,7,0,1,9.2,14,7,6,3,4,11,50,5.59,0.318,1.86,7.142857142857142,12.690966670197913
295,Keynan Middleton,SEA,RP,0,0,10,0,2,11.2,4,4,4,1,5,9,50,3.09,0.105,0.77,5.0,16.576549409116744
296,Nabil Crismatt,SD,SP,1,1,4,0,0,8.2,12,4,3,0,3,9,50,3.12,0.333,1.73,12.5,13.066475651300333
297,Trevor Stephan,CLE,SP,0,0,7,0,0,10.2,12,7,7,4,5,13,50,5.91,0.267,1.59,7.142857142857142,14.444359042927038
298,Ljay Newsome,SEA,SP,1,1,5,1,0,12.2,16,11,10,4,3,12,50,7.11,0.29600000000000004,1.5,10.0,11.631973334425846
299,Sean Newcomb,ATL,RP,1,0,7,0,1,6.1,7,6,6,1,6,14,49,8.53,0.28,2.05,7.0,14.204329878969597
300,José Ruiz,CHW,RP,0,1,9,0,0,9.1,3,2,2,0,5,9,49,1.93,0.094,0.86,5.4444444444444455,17.18469095024093
301,Anthony Castro,TOR,RP,0,0,6,0,1,7.1,3,0,0,0,1,9,49,0.0,0.12,0.55,8.166666666666666,12.90910856215532
302,José Álvarez,SF,RP,1,1,10,0,0,8.0,7,4,3,0,7,9,48,3.38,0.212,1.75,4.8,18.065132308571123
303,Yoan López,ARI,RP,0,0,11,0,0,10.0,13,8,7,3,5,13,48,6.3,0.295,1.8,4.363636363636363,13.263474144319419
304,Carlos Estévez,COL,RP,0,0,10,0,1,10.0,10,5,4,1,4,10,48,3.6,0.263,1.4,4.8,13.76382491018022
305,Cal Quantrill,CLE,SP,0,0,9,0,0,14.0,11,4,4,2,8,6,48,2.57,0.22,1.36,5.333333333333333,20.474530712121364
306,Anthony Misiewicz,SEA,RP,2,1,13,0,0,10.0,9,3,3,1,2,5,48,2.7,0.225,1.1,3.692307692307693,11.323460039655588
307,Garrett Crochet,CHW,SP,0,2,8,0,0,9.0,9,4,1,0,5,8,48,1.0,0.257,1.56,6.0,16.581987290010833
308,Ross Detwiler,MIA,SP,0,0,11,1,0,8.2,6,3,3,0,7,10,47,3.12,0.188,1.5,4.2727272727272725,18.455526536760566
309,Jordan Romano,TOR,SP,2,1,8,0,0,6.2,5,3,2,0,5,7,47,2.7,0.192,1.5,5.875,16.10629008847119
310,Tony Watson,LAA,RP,1,0,9,0,0,8.1,5,1,1,1,1,6,46,1.08,0.172,0.72,5.111111111111111,11.636041540789485
311,Alex Claudio,LAA,RP,0,0,10,0,0,9.1,12,6,5,0,2,11,46,4.82,0.293,1.5,4.6,9.987031451337304
312,Stephen Strasburg,WSH,SP,0,1,2,2,0,10.0,9,8,7,3,7,11,46,6.3,0.231,1.6,23.0,18.40277247184128
313,Adam Cimber,MIA,RP,0,0,13,0,0,12.1,11,6,5,0,5,8,46,3.65,0.244,1.3,3.5384615384615383,14.88778010446084
314,Kyle Cody,TEX,SP,0,2,7,0,0,11.1,16,11,10,3,2,14,46,7.94,0.327,1.59,6.571428571428571,8.992847632738515
315,Matt Foster,CHW,RP,1,1,10,0,0,8.1,8,9,9,2,3,14,46,9.72,0.25,1.32,4.6,9.75665751878455
316,Darren O'Day,NYY,RP,0,0,10,0,0,9.0,8,3,3,1,2,9,45,3.0,0.222,1.11,4.5,11.415997266041888
317,Richard Bleier,MIA,RP,1,0,12,0,0,11.0,11,6,6,4,0,8,45,4.91,0.268,1.0,3.75,7.37754517330251
318,Ryan Tepera,CHC,RP,0,0,12,0,0,10.2,9,6,6,2,5,10,44,5.06,0.243,1.31,3.6666666666666665,14.378757868795635
319,Phil Maton,CLE,RP,0,0,8,0,0,8.2,6,4,4,1,4,10,44,4.15,0.207,1.15,5.5,14.196102914046486
320,David Hale,PHI,RP,0,1,8,0,0,12.1,11,7,6,3,5,8,43,4.38,0.224,1.3,5.375,15.30536202680108
321,Hansel Robles,MIN,RP,0,1,11,0,0,10.1,4,6,5,0,6,9,43,4.36,0.114,0.97,3.9090909090909087,16.99441688613726
322,Aaron Loup,NYM,RP,0,0,7,0,0,6.1,3,2,0,0,1,8,43,0.0,0.158,0.63,6.142857142857142,12.480980412912817
323,Nick Nelson,NYY,SP,0,2,6,1,0,8.1,11,10,9,0,5,15,43,9.72,0.306,1.92,7.166666666666668,12.593879640089938
324,Jordan Sheffield,COL,RP,0,0,9,0,0,8.1,5,2,2,1,2,8,43,2.16,0.172,0.84,4.777777777777779,12.350048101084587
325,Steve Cishek,LAA,RP,0,0,10,0,0,9.0,10,8,5,0,9,10,42,5.0,0.278,2.11,4.2,19.51547663854206
326,Jeurys Familia,NYM,RP,0,0,9,0,1,7.0,7,2,1,0,4,8,42,1.29,0.25,1.57,4.666666666666667,14.633971737536207
327,Corey Knebel,LAD,RP,1,0,8,0,2,6.0,3,3,3,0,3,9,42,4.5,0.14300000000000002,1.0,5.25,12.848829180779179
328,Jordan Hicks,STL,RP,0,0,10,0,0,10.0,5,6,6,0,10,10,42,5.4,0.147,1.5,4.2,21.92498262836132
329,Stefan Crichton,ARI,RP,0,0,12,0,3,10.0,13,6,5,0,4,9,42,4.5,0.31,1.7,3.5,12.440229511111761
330,Jordan Holloway,MIA,RP,0,0,4,0,0,7.0,2,0,0,0,1,7,42,0.0,0.087,0.43,10.5,13.300161188562324
331,Alex Colomé,MIN,RP,1,3,10,0,2,9.2,13,15,8,2,5,10,41,7.45,0.295,1.86,4.1,12.760923938579356
332,Tyler Duffey,MIN,RP,0,0,10,0,0,8.2,6,3,3,1,7,8,41,3.12,0.2,1.5,4.1,18.281501776925083
333,Scott Alexander,LAD,RP,0,2,13,0,0,11.2,7,4,3,1,1,5,41,2.31,0.163,0.69,3.1538461538461537,10.305695820467518
334,Logan Allen,CLE,RP,1,4,5,5,0,15.2,20,18,16,7,7,12,41,9.19,0.303,1.72,8.2,17.14374653066176
335,Travis Lakins Sr.,BAL,RP,1,2,10,0,0,8.2,4,3,2,1,6,5,41,2.08,0.133,1.15,4.1,17.924123035324094
336,Dillon Tate,BAL,RP,0,1,10,0,0,11.2,8,5,4,2,2,6,41,3.09,0.195,0.86,4.1,11.645483920408271
337,Tyler Wells,BAL,SP,0,0,6,0,0,9.2,8,7,7,4,3,11,41,6.52,0.222,1.14,6.833333333333332,11.836388015393949
338,Nate Jones,ATL,RP,0,2,12,0,0,10.1,8,6,4,3,10,7,40,3.48,0.195,1.74,3.333333333333333,21.952558387279083
339,Pierce Johnson,SD,RP,0,1,9,0,0,7.1,7,4,4,0,2,10,40,4.91,0.25,1.23,4.4444444444444455,10.503171161153563
340,Justin Steele,CHC,SP,0,0,5,0,0,6.1,6,4,3,2,1,10,40,4.26,0.24,1.11,8.0,10.012902177494556
341,Josh Taylor,BOS,RP,0,0,11,0,0,10.1,18,9,9,1,5,12,40,7.84,0.375,2.23,3.636363636363636,11.765943954868352
342,Alex Lange,DET,SP,0,0,8,0,0,7.1,8,4,4,2,2,10,40,4.91,0.267,1.36,5.0,10.369416848541503
343,Paul Campbell,MIA,SP,0,2,5,1,0,11.1,19,14,11,1,6,13,40,8.74,0.365,2.21,8.0,14.128808345446384
344,Tyler Zuber,KC,RP,0,0,7,0,0,8.1,5,4,4,1,3,9,40,4.32,0.16699999999999998,0.96,5.7142857142857135,12.990765292491549
345,Brandon Workman,CHC,RP,0,2,10,0,0,8.0,12,9,6,2,7,11,39,6.75,0.324,2.38,3.9,15.22876622186961
346,Daniel Bard,COL,RP,1,2,10,0,2,9.0,16,10,9,2,5,11,39,9.0,0.35600000000000004,2.33,3.9,11.362451012344561
347,Zach Pop,MIA,RP,0,0,8,0,0,9.0,6,7,7,2,4,11,39,7.0,0.182,1.11,4.875,12.900987924705372
348,Nick Margevicius,SEA,RP,0,2,5,3,0,12.0,13,16,11,2,7,12,39,8.25,0.25,1.67,7.8,17.076314827482534
349,Victor González,LAD,SP,0,0,12,0,1,9.0,8,2,2,0,6,6,39,2.0,0.235,1.56,3.25,16.80679466045469
350,Brett De Geus,TEX,RP,0,0,9,0,0,12.0,9,9,9,1,6,10,39,6.75,0.22,1.25,4.333333333333333,15.710058945788605
351,Heath Hembree,CIN,RP,0,0,5,0,0,5.2,0,0,0,0,2,7,38,0.0,0.0,0.35,7.6,14.727178464361424
352,Anthony Bass,MIA,RP,1,2,11,0,0,9.2,10,6,6,2,2,7,38,5.59,0.303,1.24,3.4545454545454546,9.873232993460716
353,Bryan Garcia,DET,RP,0,0,9,0,2,9.2,8,6,6,1,7,9,38,5.59,0.21600000000000005,1.55,4.222222222222221,17.196233548751763
354,Ben Rowen,LAA,RP,0,0,7,0,0,9.1,8,4,3,1,2,6,37,2.89,0.235,1.07,5.285714285714286,11.809948520156858
355,Randy Dobnak,MIN,RP,0,3,7,0,1,14.1,18,14,13,4,3,11,37,8.16,0.295,1.47,5.285714285714286,10.479818469660934
356,Sean Reid-Foley,NYM,SP,0,0,2,0,0,5.0,2,0,0,0,0,7,36,0.0,0.125,0.4,18.0,12.06506026726232
357,Ryan Hendrix,CIN,RP,2,0,5,0,0,3.0,0,0,0,0,3,5,36,0.0,0.0,1.0,7.2,15.441227760068779
358,Hyeon-Jong Yang,TEX,SP,0,0,2,0,0,8.2,6,2,2,1,1,5,35,2.08,0.188,0.81,17.5,11.85050438240376
359,Wil Crowe,PIT,SP,0,1,3,2,0,9.2,8,5,5,1,8,7,35,4.66,0.229,1.66,11.666666666666664,20.279636839978963
360,Sam Clay,WSH,RP,0,0,9,0,0,8.1,6,4,4,1,4,7,34,4.32,0.194,1.2,3.7777777777777777,13.676884503312076
361,Julian Merryweather,TOR,SP,0,0,4,0,2,4.1,1,0,0,0,1,7,34,0.0,0.067,0.46,8.5,13.135208632828704
362,Daniel Castano,MIA,SP,0,1,3,3,0,13.1,14,7,7,2,5,5,34,4.73,0.275,1.43,11.333333333333336,16.14654019650091
363,Jacob Webb,ATL,RP,0,1,8,0,0,8.1,12,8,7,3,2,10,34,7.56,0.316,1.68,4.25,8.537464691098155
364,Evan Marshall,CHW,RP,0,1,10,0,0,12.0,13,9,9,3,3,8,33,6.75,0.277,1.33,3.3,10.688205436851835
365,Julio Teheran,DET,SP,2,0,1,1,0,5.0,4,1,1,1,3,3,33,1.8,0.235,1.4,33.0,14.655690165702845
366,Aaron Northcraft,SD,RP,1,0,4,0,0,6.0,4,2,2,1,6,5,33,3.0,0.2,1.67,8.25,17.48992405627626
367,Matt Moore,PHI,SP,0,1,3,3,0,11.0,17,13,12,4,9,12,33,9.82,0.354,2.36,11.0,18.501274786958582
368,Matt Wisler,SF,RP,0,2,12,0,0,9.0,10,10,10,2,4,12,33,10.0,0.28600000000000003,1.56,2.75,10.152761753763219
369,Max Fried,ATL,SP,0,1,3,3,0,11.0,23,15,14,3,5,14,33,11.46,0.426,2.55,11.0,11.380462146464874
370,Nick Neidert,MIA,SP,0,1,3,3,0,12.0,13,9,9,3,11,8,33,6.75,0.289,2.0,11.0,23.509947691146373
371,Bryse Wilson,ATL,SP,1,2,3,3,0,12.0,18,10,9,4,5,6,33,6.75,0.3670000000000001,1.92,11.0,14.535327321943093
372,Joely Rodríguez,TEX,RP,0,1,6,0,0,5.2,6,2,2,0,1,7,32,3.18,0.273,1.24,5.333333333333333,10.064850075298073
373,Michael Feliz,PIT,RP,0,0,6,0,0,5.2,7,3,2,0,1,7,32,3.18,0.292,1.41,5.333333333333333,9.730865184698684
374,Robert Gsellman,NYM,RP,0,0,5,0,0,7.2,5,4,2,0,2,5,32,2.35,0.185,0.91,6.4,12.549266154679717
375,Sam Hentges,CLE,SP,1,0,3,0,0,5.2,8,4,3,3,0,6,32,4.77,0.32,1.41,10.666666666666666,7.974123029606429
376,Joey Lucchesi,NYM,SP,0,2,4,3,0,10.2,14,12,12,2,3,12,32,10.13,0.326,1.59,8.0,10.357756173626795
377,Cionel Pérez,CIN,RP,1,2,10,0,0,8.2,6,10,8,1,8,8,32,8.31,0.171,1.62,3.2,17.263616002507277
378,Taylor Williams,SD,RP,0,0,5,0,0,5.1,3,1,1,0,3,6,31,1.69,0.16699999999999998,1.13,6.2,14.10360713691784
379,Sal Romano,CIN,RP,0,0,10,0,0,15.1,17,13,12,4,8,7,31,7.04,0.274,1.63,3.1,17.584100746309897
380,Wander Suero,WSH,RP,0,0,8,0,0,6.1,3,1,1,0,3,5,31,1.42,0.136,0.95,3.875,14.004647027538377
381,Tanner Rainey,WSH,RP,0,1,9,0,0,8.1,8,6,6,2,4,8,31,6.48,0.25,1.44,3.4444444444444446,12.285191671621595
382,Patrick Weigel,MIL,RP,0,0,2,0,0,3.1,3,0,0,0,3,7,31,0.0,0.231,1.8,15.5,14.37886633514731
383,Jhoulys Chacín,COL,SP,0,1,5,0,0,9.0,11,6,6,1,6,7,30,6.0,0.314,1.89,6.0,15.476727582664182
384,Brandon Kintzler,PHI,RP,1,1,9,0,0,9.0,12,9,8,3,1,7,30,8.0,0.316,1.44,3.333333333333333,7.050360377301905
385,Jake Odorizzi,HOU,SP,0,2,3,3,0,8.0,10,9,9,3,3,11,30,10.13,0.294,1.63,10.0,10.364405891494766
386,Eric Lauer,MIL,SP,1,0,1,1,0,5.0,4,0,0,0,2,3,30,0.0,0.222,1.2,30.0,14.150726483477948
387,Joe Smith,HOU,RP,1,1,11,0,0,7.2,14,8,8,2,2,8,29,9.39,0.4,2.09,2.636363636363636,6.570279591098369
388,Sergio Romo,OAK,RP,0,0,12,0,0,10.2,12,9,9,1,5,8,29,7.59,0.279,1.59,2.4166666666666665,12.528633875674954
389,Austin Brice,BOS,RP,0,0,8,0,0,7.2,7,3,3,1,5,5,29,3.52,0.25,1.57,3.625,15.01552952559365
390,Jason Adam,CHC,RP,0,0,8,0,0,6.2,7,7,7,1,6,10,29,9.45,0.269,1.95,3.625,13.275000452540313
391,Dennis Santana,LAD,RP,0,0,9,0,0,7.2,8,4,4,0,5,6,29,4.7,0.267,1.7,3.2222222222222223,14.13682918758199
392,Luis Oviedo,PIT,SP,0,1,5,0,0,8.2,7,7,7,2,6,8,29,7.27,0.219,1.5,5.8,15.497635235512826
393,Luis Patiño,TB,SP,0,0,2,1,0,4.2,1,0,0,0,1,5,29,0.0,0.067,0.43,14.5,13.574026369635892
394,Camilo Doval,SF,RP,0,0,7,0,0,6.2,4,4,4,2,3,7,29,5.4,0.174,1.05,4.142857142857143,12.104146345880894
395,Jarlin García,SF,RP,0,1,5,0,0,6.1,4,7,6,2,5,9,28,8.53,0.16699999999999998,1.42,5.6,13.487188373995807
396,Ben Bowden,COL,RP,0,2,11,0,0,8.1,14,9,8,1,3,9,28,8.64,0.341,2.04,2.5454545454545454,8.471967164208818
397,JoJo Romero,PHI,SP,0,0,9,0,0,7.1,9,6,5,3,3,7,28,6.14,0.29,1.64,3.111111111111111,10.436075341032497
398,Ervin Santana,KC,SP,0,0,3,1,0,9.0,8,4,4,2,2,4,27,4.0,0.235,1.11,9.0,11.89247026465775
399,T.J. Zeuch,TOR,SP,0,2,4,2,0,12.0,16,13,9,5,7,6,27,6.75,0.32,1.92,6.75,16.961993939724927
400,Wade Davis,KC,RP,0,0,9,0,1,8.2,9,8,8,1,5,8,26,8.31,0.29,1.62,2.888888888888889,12.576090183358872
401,Justin Wilson,NYY,RP,0,0,8,0,0,6.2,7,4,4,1,4,6,26,5.4,0.259,1.65,3.25,12.46098908389076
402,Andrew Miller,STL,RP,0,0,9,0,0,7.1,12,7,7,2,4,8,25,8.59,0.364,2.18,2.7777777777777777,9.970183223626645
403,Daniel Norris,DET,SP,0,1,9,0,0,8.1,12,6,6,1,2,6,25,6.48,0.364,1.68,2.7777777777777777,8.722322233717765
404,Nick Wittgren,CLE,RP,0,1,8,0,1,7.1,8,6,6,1,4,7,25,7.36,0.28600000000000003,1.64,3.125,11.620316857567898
405,Grant Dayton,ATL,RP,0,0,7,0,0,7.1,7,5,5,1,3,6,25,6.14,0.241,1.36,3.571428571428572,11.212732525896255
406,Paolo Espino,WSH,RP,0,1,3,1,0,6.1,5,2,2,2,1,4,25,2.84,0.217,0.95,8.333333333333334,11.16475955563749
407,Spencer Howard,PHI,SP,0,0,3,0,0,4.1,6,4,4,0,2,8,25,8.31,0.316,1.85,8.333333333333334,8.572094800707193
408,Jacob Barnes,NYM,RP,1,0,6,0,0,7.0,6,5,5,2,2,4,24,6.43,0.214,1.14,4.0,10.117231295914321
409,Erik Swanson,SEA,RP,0,0,2,1,0,4.0,0,0,0,0,1,4,24,0.0,0.0,0.25,12.0,13.789774034028676
410,Eric Yardley,MIL,RP,0,0,10,0,0,11.0,14,7,7,2,4,4,24,5.73,0.311,1.64,2.4,11.92482825296477
411,Oliver Pérez,CLE,RP,0,1,5,0,0,3.2,5,1,0,0,1,4,23,0.0,0.278,1.64,4.6,10.908532648559264
412,Brett Martin,TEX,RP,0,0,7,0,0,7.2,11,5,4,1,1,4,23,4.7,0.324,1.57,3.2857142857142856,8.37711424885623
413,Wes Benjamin,TEX,SP,0,1,3,0,0,5.2,4,3,3,1,6,5,23,4.77,0.211,1.77,7.666666666666668,16.417861759588625
414,Devin Smeltzer,MIN,SP,0,0,1,0,0,4.2,1,1,0,0,1,3,23,0.0,0.077,0.43,23.0,13.401965962910278
415,Matt Peacock,ARI,SP,1,0,6,0,0,8.2,10,10,8,2,3,5,23,8.31,0.27,1.5,3.8333333333333335,10.153918821836585
416,Mike Fiers,OAK,SP,0,1,1,1,0,6.0,6,3,3,2,2,3,22,4.5,0.261,1.33,22.0,11.518810313625597
417,Chris Archer,TB,SP,0,1,2,1,0,4.1,7,4,3,0,1,6,22,6.23,0.35,1.85,11.0,8.313419415086317
418,Tyler Webb,STL,RP,0,0,11,0,0,8.1,7,9,9,1,8,8,22,9.72,0.219,1.8,2.0,15.853703715166235
419,Cody Reed,TB,SP,0,1,6,0,0,4.1,4,2,1,1,3,4,22,2.08,0.25,1.62,3.6666666666666665,12.814466683042674
420,Kyle McGowin,WSH,RP,0,0,7,0,0,7.1,5,4,4,1,5,4,22,4.91,0.185,1.36,3.1428571428571432,14.76243822566678
421,A.J. Puk,OAK,RP,0,0,1,0,0,3.1,1,0,0,0,3,4,22,0.0,0.091,1.2,22.0,15.294350761799885
422,Kyle Wright,ATL,SP,0,0,1,1,0,4.1,3,2,2,1,2,5,22,4.15,0.214,1.15,22.0,12.042384840581585
423,Pedro Strop,CHC,RP,1,0,2,0,0,2.0,2,0,0,0,2,3,21,0.0,0.25,2.0,10.5,12.467697834835997
424,Tanner Roark,TOR,SP,0,1,3,1,0,7.0,7,7,5,3,2,5,21,6.43,0.241,1.29,7.0,10.384518484488742
425,Jake Woodford,STL,SP,0,0,2,0,0,4.0,3,2,2,0,4,5,21,4.5,0.231,1.75,10.5,13.656928519916258
426,J.B. Bukauskas,ARI,SP,1,0,6,0,0,4.0,6,4,4,0,1,5,21,9.0,0.333,1.75,3.5,6.392987457184995
427,Shane McClanahan,TB,SP,0,0,1,1,0,4.0,5,2,2,1,0,5,21,4.5,0.333,1.25,21.0,8.64986540607604
428,Josh Lindblom,MIL,RP,0,0,5,0,0,10.2,17,13,13,4,7,9,20,10.97,0.354,2.25,4.0,13.923121570398573
429,Buck Farmer,DET,RP,0,0,10,0,0,9.2,12,13,13,5,8,10,20,12.1,0.293,2.07,2.0,14.414796499330471
430,Mac Sceroler,BAL,SP,0,0,2,0,0,3.2,5,3,3,2,3,6,20,7.36,0.294,2.18,10.0,10.026552680858185
431,Carlos Hernandez,KC,SP,1,0,3,0,0,3.1,6,4,4,0,5,5,19,10.8,0.4,3.3,6.333333333333332,9.65605907695649
432,Mitch White,LAD,SP,0,0,3,0,0,4.1,3,0,0,0,2,2,19,0.0,0.2,1.15,6.333333333333332,13.417846356168235
433,Daniel Ponce de Leon,STL,SP,1,1,5,2,0,10.1,12,10,10,2,7,4,19,8.71,0.28600000000000003,1.84,3.8,16.097167602494544
434,Jon Lester,WSH,SP,0,0,1,1,0,5.0,5,0,0,0,2,1,18,0.0,0.263,1.4,18.0,13.49481584686801
435,Garrett Cleavinger,LAD,RP,0,1,3,0,0,3.0,4,2,1,1,2,4,18,3.0,0.308,2.0,6.0,10.6996042932812
436,Lewis Thorpe,MIN,SP,0,0,2,1,0,5.0,3,2,2,0,1,3,18,3.6,0.17600000000000002,0.8,9.0,11.09936416340532
437,Dinelson Lamet,SD,SP,0,0,1,1,0,2.0,1,0,0,0,1,4,18,0.0,0.14300000000000002,1.0,18.0,12.701434831397338
438,Miguel Diaz,SD,RP,0,0,1,1,0,3.0,1,0,0,0,2,3,18,0.0,0.1,1.0,18.0,14.199823355592743
439,Deivi García,NYY,SP,0,1,1,1,0,4.0,3,2,2,1,3,4,18,4.5,0.2,1.5,18.0,12.825565218639996
440,Robert Dugger,SEA,SP,0,0,2,0,0,5.0,4,2,2,1,1,3,18,3.6,0.211,1.0,9.0,10.572328178660642
441,Patrick Sandoval,LAA,SP,0,0,1,0,0,2.0,1,0,0,0,2,4,18,0.0,0.14300000000000002,1.5,18.0,13.26634110769338
442,Justin Lawrence,COL,RP,0,0,2,0,0,2.0,2,0,0,0,1,4,18,0.0,0.25,1.5,9.0,11.57258374440543
443,Kodi Whitley,STL,RP,0,0,4,0,0,5.0,3,2,2,1,2,3,18,3.6,0.16699999999999998,1.0,4.5,11.77958636899564
444,Wade LeBlanc,BAL,SP,0,1,6,1,0,6.2,11,7,7,1,1,6,17,9.45,0.355,1.8,2.833333333333333,6.15450636493089
445,Amir Garrett,CIN,RP,0,1,11,0,2,8.2,10,10,10,4,8,7,17,10.39,0.278,2.08,1.5454545454545454,14.957572297597803
446,Cam Bedrosian,CIN,RP,0,0,6,0,0,5.2,10,7,7,2,6,7,17,11.12,0.4,2.82,2.833333333333333,11.151816850829626
447,Yency Almonte,COL,RP,0,1,11,0,0,8.2,13,12,12,3,7,9,17,12.46,0.361,2.31,1.5454545454545454,12.165798829547239
448,Adrian Morejon,SD,SP,0,0,2,2,0,4.2,5,2,2,2,2,3,17,3.86,0.278,1.5,8.5,11.50110514588974
449,Travis Bergen,TOR,RP,0,0,3,1,0,3.2,2,0,0,0,1,2,17,0.0,0.154,0.82,5.666666666666668,12.564916876175658
450,Jesse Biddle,ATL,RP,0,0,4,0,0,5.1,5,5,5,1,2,5,16,8.44,0.25,1.31,4.0,9.004132481915956
451,Shawn Armstrong,BAL,RP,0,0,11,0,0,8.1,10,11,10,3,7,7,16,10.8,0.28600000000000003,2.04,1.4545454545454546,13.26126512125031
452,Blake Taylor,HOU,SP,0,0,7,0,0,5.1,8,5,4,2,2,4,16,6.75,0.333,1.88,2.2857142857142856,8.340848709923836
453,Jordan Weems,OAK,RP,0,0,4,0,0,3.1,1,1,1,1,1,3,16,2.7,0.091,0.6,4.0,11.270364581742898
454,Ty Tice,TOR,RP,0,0,2,0,0,4.1,3,2,2,1,2,3,16,4.15,0.188,1.15,8.0,11.565478784995358
455,Derek Holland,DET,RP,0,1,8,1,0,9.0,16,13,13,2,6,9,15,13.0,0.364,2.44,1.875,10.861984508504106
456,Nick Ramirez,SD,RP,0,0,5,0,0,7.0,9,6,6,2,1,4,15,7.71,0.31,1.43,3.0,7.430663270719332
457,Zack Godley,MIL,SP,0,1,1,1,0,3.0,1,4,3,0,5,5,15,9.0,0.1,2.0,15.0,12.927682919167617
458,Chris Devenski,ARI,RP,1,0,4,0,1,4.0,5,4,4,2,0,3,15,9.0,0.294,1.25,3.75,5.80354474097947
459,Zack Burdi,CHW,RP,0,0,1,0,0,3.0,3,2,1,1,1,3,15,3.0,0.273,1.33,15.0,10.440404186037266
460,Reyes Moronta,SF,RP,0,0,4,0,0,4.0,1,1,1,1,0,2,15,2.25,0.077,0.25,3.75,10.483331408981792
461,Nivaldo Rodriguez,HOU,SP,0,0,1,0,0,3.0,2,1,1,1,2,3,15,3.0,0.2,1.33,15.0,11.991482291448907
462,Kyle Ryan,CHC,RP,0,0,2,0,0,2.2,3,0,0,0,1,2,14,0.0,0.273,1.5,7.0,11.440811490007215
463,Daniel Lynch,KC,SP,0,0,1,1,0,4.2,4,3,3,0,4,3,14,5.79,0.25,1.71,14.0,13.2907322657037
464,Sean Poppen,PIT,RP,0,0,3,0,0,4.2,11,7,4,1,2,4,14,7.71,0.478,2.79,4.666666666666667,7.029008994093295
465,Collin McHugh,TB,RP,0,1,4,0,0,5.1,12,8,6,1,1,5,13,10.13,0.462,2.44,3.25,4.826479767469876
466,Brent Honeywell Jr.,TB,RP,0,0,3,2,0,4.1,5,4,4,2,3,4,13,8.31,0.278,1.85,4.333333333333333,10.176436240461792
467,Miguel Yajure,PIT,SP,0,1,1,1,0,4.1,4,4,4,2,2,4,13,8.31,0.25,1.39,13.0,9.555023980843918
468,Archie Bradley,PHI,RP,0,1,4,0,0,3.0,4,2,2,0,1,3,12,6.0,0.308,1.67,3.0,8.02017371115955
469,Albert Abreu,NYY,SP,0,0,2,0,0,2.0,0,1,1,0,2,3,12,4.5,0.0,1.0,6.0,11.604518442716598
470,Matt Bush,TEX,RP,0,0,3,0,0,3.0,4,3,3,3,1,4,12,9.0,0.308,1.67,4.0,6.6594124148453915
471,Ryne Harper,WSH,RP,0,0,2,0,0,3.0,2,1,1,0,1,2,12,3.0,0.2,1.0,6.0,10.774059570043379
472,Peter Solomon,HOU,SP,0,0,2,0,0,2.0,1,0,0,0,1,2,12,0.0,0.14300000000000002,1.0,6.0,12.224528775811104
473,Trevor Megill,CHC,RP,0,0,2,0,0,2.0,2,0,0,0,1,2,12,0.0,0.25,1.5,6.0,11.444127272076154
474,Kyle Nelson,CLE,RP,0,0,2,0,0,2.0,0,0,0,0,1,2,12,0.0,0.0,0.5,6.0,13.004930279546047
475,Anthony Swarzak,ARI,RP,0,1,6,0,0,4.2,7,5,5,1,1,4,11,9.64,0.35,1.71,1.8333333333333333,5.872483619974429
476,Chris Mazza,TB,RP,0,0,6,0,0,11.2,16,11,11,1,4,3,11,8.49,0.3720000000000001,1.71,1.8333333333333333,11.005430902980711
477,Peter Fairbanks,TB,RP,0,0,3,0,0,2.2,3,1,1,0,2,2,11,3.38,0.3,1.88,3.6666666666666665,10.546748233999313
478,Adam Kolarek,OAK,RP,0,0,8,0,0,5.1,8,6,5,2,2,3,10,8.44,0.308,1.88,1.25,7.274277927309161
479,Elieser Hernandez,MIA,SP,0,0,1,1,0,2.1,2,2,2,1,0,3,10,7.71,0.222,0.86,10.0,7.503505553064255
480,Enoli Paredes,HOU,SP,0,0,3,0,0,1.1,2,1,0,0,6,2,10,0.0,0.4,6.0,3.333333333333333,11.905785507897493
481,Burch Smith,OAK,RP,0,0,2,0,0,3.0,3,1,1,0,1,1,9,3.0,0.3,1.33,4.5,10.19071994204958
482,Domingo Tapia,SEA,RP,0,0,2,0,0,2.0,4,0,0,0,1,1,9,0.0,0.4,2.5,4.5,9.819096028441622
483,Brad Wieck,CHC,RP,0,0,1,0,0,1.0,1,0,0,0,1,2,9,0.0,0.25,2.0,9.0,10.806767545869379
484,James Hoyt,LAA,RP,0,0,1,0,0,0.2,0,0,0,0,2,2,8,0.0,0.0,3.0,8.0,10.767016289778313
485,Wyatt Mills,SEA,RP,0,0,2,0,0,2.2,2,2,2,1,1,2,8,6.75,0.2,1.13,4.0,8.669794160431675
486,James Paxton,SEA,SP,0,0,1,1,0,1.1,0,1,1,0,1,2,7,6.75,0.0,0.75,7.0,9.613164068673926
487,Anthony Kay,TOR,SP,0,1,1,1,0,3.1,6,5,4,0,0,3,7,10.8,0.375,1.8,7.0,4.55893705760653
488,Trevor Hildenberger,NYM,RP,0,0,2,0,0,2.1,3,4,4,1,3,4,7,15.43,0.3,2.57,3.5,5.333154363119213
489,Dan Altavilla,SD,RP,0,0,2,0,0,1.1,1,1,1,1,0,2,7,6.75,0.2,0.75,3.5,7.711672026895451
490,Zack Littell,SF,RP,0,0,2,0,0,1.1,0,0,0,0,2,1,7,0.0,0.0,1.5,3.5,12.88475691642441
491,Jay Flaa,BAL,RP,0,0,1,0,0,1.1,0,0,0,0,2,1,7,0.0,0.0,1.5,7.0,13.046923307408727
492,Luis Avilán,WSH,RP,0,1,4,0,0,5.0,7,7,7,1,3,4,6,12.6,0.333,2.0,1.5,7.3500687390123804
493,Luke Farrell,MIN,RP,0,0,1,0,0,1.0,0,0,0,0,2,1,6,0.0,0.0,2.0,6.0,12.27413028200838
494,Sam Selman,SF,RP,0,0,1,0,0,1.0,0,0,0,0,2,1,6,0.0,0.0,2.0,6.0,12.27413028200838
495,Bailey Falter,PHI,SP,0,0,1,0,0,2.0,4,2,2,1,0,2,6,9.0,0.444,2.0,6.0,4.841190617678459
496,Louis Head,TB,RP,0,0,3,0,0,4.0,4,3,3,0,2,1,6,6.75,0.28600000000000003,1.5,2.0,9.456490858878945
497,Zac Lowther,BAL,SP,0,0,1,0,0,1.0,1,0,0,0,0,1,6,0.0,0.25,1.0,6.0,10.759850170270754
498,Nick Sandlin,CLE,RP,0,0,1,0,0,1.0,0,0,0,0,0,1,6,0.0,0.0,0.0,6.0,12.308752003140379
499,Edwin Uceta,LAD,SP,0,1,1,1,0,2.0,4,2,2,1,1,2,6,9.0,0.5,2.5,6.0,5.819969749505086
500,Eduard Bazardo,BOS,RP,0,0,1,0,0,1.0,0,0,0,0,2,1,6,0.0,0.0,2.0,6.0,12.27413028200838
501,Chris Martin,ATL,RP,0,1,2,0,0,1.2,4,1,1,0,1,1,5,5.4,0.444,3.0,2.5,6.401130329960958
502,Edgar Santana,ATL,RP,0,0,2,0,0,1.2,2,1,1,1,0,1,5,5.4,0.333,1.2,2.5,7.609086109139783
503,Jesse Hahn,KC,RP,0,0,5,0,1,3.1,5,5,5,2,4,3,4,13.5,0.35700000000000004,2.7,0.8,7.0288699203377
504,Brandon Waddell,MIN,SP,0,0,3,0,0,3.1,7,3,3,1,3,1,4,8.1,0.412,3.0,1.3333333333333333,7.9139892998037755
505,Jake Newberry,KC,RP,0,0,4,0,0,4.1,10,8,8,2,3,5,4,16.62,0.476,3.0,1.0,3.7593580832262194
506,Ramón Rosso,PHI,SP,0,0,1,0,0,1.1,1,0,0,0,0,0,4,0.0,0.25,0.75,4.0,11.084164794939122
507,Dellin Betances,NYM,RP,0,0,1,0,0,1.0,0,1,1,0,1,1,3,9.0,0.0,1.0,3.0,7.872607957795681
508,Mike Kickham,LAD,RP,0,0,1,0,0,2.0,5,3,3,1,1,2,3,13.5,0.5,3.0,3.0,2.596149040949415
509,Keegan Thompson,CHC,SP,0,0,1,0,0,1.0,2,0,0,0,1,0,3,0.0,0.5,3.0,3.0,9.129409240670485
510,Brooks Kriske,NYY,RP,0,0,1,0,0,1.0,1,1,1,1,2,1,3,9.0,0.25,3.0,3.0,6.284943778142173
511,Alex Vesia,LAD,RP,0,1,1,0,0,1.0,0,4,2,0,4,2,3,18.0,0.0,4.0,3.0,3.4684026322529196
512,Joakim Soria,ARI,RP,0,0,1,0,0,0.2,0,0,0,0,2,0,2,0.0,0.0,3.0,2.0,10.638559817449044
513,Chaz Roe,TB,RP,0,0,1,0,0,0.2,1,2,2,0,1,2,2,27.0,0.333,3.0,2.0,-4.008248338514532
