Rank,Name,TEAM,POS,GMS,AB,R,H,2B,3B,HR,RBI,BB,SO,SB,CS,AVG,OBP,SLG,OPS,PTS
1,Ronald Acuña Jr.,ATL,LF,26,96,26,32,7,1,9,20,16,16,3,0,0.333,0.431,0.708,1.139,429.2
2,J.D. Martinez,BOS,LF,27,101,21,35,10,0,9,26,14,26,0,0,0.347,0.431,0.713,1.144,419.2
3,Kris Bryant,CHC,3B,26,96,21,31,10,0,9,22,13,26,0,1,0.323,0.405,0.708,1.113,390.2
4,Nick Castellanos,CIN,RF,25,106,22,35,6,1,9,20,5,20,1,0,0.33,0.366,0.66,1.026,374.4
5,Vladimir Guerrero Jr.,TOR,1B,26,86,18,29,4,0,7,20,22,18,1,0,0.337,0.486,0.628,1.114,370.6
6,Shohei Ohtani,LAA,DH,26,99,19,26,6,2,8,20,4,27,6,1,0.263,0.311,0.606,0.917,367.8
7,Mike Trout,LAA,CF,23,80,20,33,8,0,7,16,16,24,0,0,0.412,0.515,0.775,1.29,357
8,Justin Turner,LAD,3B,27,101,19,34,7,0,6,21,14,25,0,0,0.337,0.415,0.584,0.999,356.3
9,José Ramírez,CLE,3B,26,93,16,26,4,1,8,17,13,10,4,0,0.28,0.367,0.602,0.969,344.7
10,Rafael Devers,BOS,3B,27,99,16,28,7,0,7,21,13,25,1,2,0.283,0.368,0.566,0.934,340.7
11,Mark Canha,OAK,CF,28,103,26,26,3,1,4,8,16,28,5,1,0.252,0.389,0.417,0.806,339.2
12,Nate Lowe,TEX,1B,29,107,12,29,3,0,6,24,14,33,3,0,0.271,0.361,0.467,0.828,335.4
13,Mitch Haniger,SEA,RF,27,108,19,29,7,1,7,21,8,27,0,0,0.269,0.311,0.546,0.857,335.3
14,Ryan McMahon,COL,2B,28,106,18,29,5,0,8,20,8,26,1,0,0.274,0.322,0.547,0.869,331.6
15,Nelson Cruz,MIN,DH,25,84,20,27,2,1,8,21,7,16,0,0,0.321,0.375,0.655,1.03,329.5
16,Chris Taylor,LAD,LF,25,84,24,23,4,2,4,13,15,24,3,0,0.274,0.413,0.512,0.925,329.3
16,Nick Solak,TEX,2B,29,107,19,31,3,0,7,15,6,36,2,1,0.29,0.367,0.514,0.881,329.3
18,Byron Buxton,MIN,CF,20,76,16,31,9,0,8,15,3,17,3,0,0.408,0.444,0.842,1.286,328.7
19,Trevor Story,COL,SS,28,102,17,29,8,2,4,18,10,23,3,2,0.284,0.348,0.52,0.868,327.4
20,Bo Bichette,TOR,SS,26,105,20,28,6,0,7,16,6,29,3,0,0.267,0.316,0.524,0.84,327
21,Carlos Santana,KC,1B,26,93,16,26,4,0,6,21,17,16,1,0,0.28,0.387,0.516,0.903,325.7
22,Rhys Hoskins,PHI,1B,28,112,20,27,8,0,8,16,7,38,1,0,0.241,0.286,0.527,0.813,324
23,Whit Merrifield,KC,2B,26,104,17,28,6,0,3,19,7,11,8,1,0.269,0.31,0.413,0.723,321.9
24,Jared Walsh,LAA,1B,25,90,14,32,4,1,6,21,8,19,0,0,0.356,0.422,0.622,1.044,319.3
25,Eduardo Escobar,ARI,3B,27,107,19,26,6,1,7,17,9,21,1,0,0.243,0.299,0.514,0.813,318.3
26,Corey Seager,LAD,SS,27,109,16,28,6,2,4,18,15,22,1,0,0.257,0.352,0.459,0.811,318.2
27,Javier Báez,CHC,SS,24,94,15,23,2,1,7,22,1,39,6,0,0.245,0.27,0.511,0.781,317
28,Isiah Kiner-Falefa,TEX,3B,29,119,19,33,2,2,5,12,5,24,5,0,0.277,0.317,0.454,0.771,315.8
29,Freddie Freeman,ATL,1B,28,102,15,22,3,0,7,18,19,19,1,0,0.216,0.344,0.451,0.795,315
30,Bryce Harper,PHI,RF,24,82,18,26,5,0,6,10,17,21,3,0,0.317,0.446,0.598,1.044,314.6
31,Xander Bogaerts,BOS,SS,27,106,14,37,10,0,5,15,6,19,2,0,0.349,0.384,0.585,0.969,313.3
32,Ramón Laureano,OAK,CF,26,103,16,24,4,2,5,12,7,28,8,3,0.233,0.301,0.456,0.757,312.2
33,Jesse Winker,CIN,LF,21,85,20,31,5,1,6,16,7,20,0,0,0.365,0.419,0.659,1.078,312
34,Jesús Aguilar,MIA,1B,25,84,13,25,4,0,6,23,16,13,0,0,0.298,0.398,0.56,0.958,311.1
35,David Peralta,ARI,LF,27,100,15,30,4,4,3,22,9,14,1,0,0.3,0.358,0.51,0.868,311
36,Manny Machado,SD,3B,28,108,14,25,2,1,4,17,15,21,5,2,0.231,0.323,0.38,0.703,302.3
37,Fernando Tatis Jr.,SD,SS,20,75,20,18,3,0,8,12,10,25,5,1,0.24,0.326,0.6,0.926,301
38,Matt Olson,OAK,1B,23,86,14,27,6,0,7,19,7,17,0,1,0.314,0.375,0.628,1.003,300.3
39,Yuli Gurriel,HOU,1B,27,98,11,32,7,0,4,18,16,12,0,0,0.327,0.421,0.52,0.941,299.2
40,Alex Verdugo,BOS,CF,27,98,20,30,7,1,3,13,9,15,2,0,0.306,0.369,0.49,0.859,298.5
41,Aaron Judge,NYY,RF,25,89,11,25,4,0,7,18,15,26,0,0,0.281,0.385,0.562,0.947,293.2
42,Trea Turner,WSH,SS,24,94,13,29,4,0,6,10,4,24,7,0,0.309,0.356,0.543,0.899,292.6
43,Ty France,SEA,3B,29,104,18,28,8,0,3,13,13,28,0,0,0.269,0.374,0.433,0.807,292.1
44,Eric Hosmer,SD,1B,28,106,11,32,5,0,3,17,12,16,3,1,0.302,0.375,0.434,0.809,289.7
45,Cedric Mullins,BAL,CF,28,109,14,35,9,0,4,9,11,24,2,2,0.321,0.38,0.514,0.894,289.3
46,Garrett Hampson,COL,2B,26,97,19,24,7,1,3,11,9,26,6,1,0.247,0.306,0.433,0.739,288.3
47,Willson Contreras,CHC,C,26,84,16,20,2,0,7,16,8,28,2,1,0.238,0.333,0.512,0.845,287.2
48,Kyle Seager,SEA,3B,29,111,9,28,9,1,4,20,7,25,1,0,0.252,0.306,0.459,0.765,284.8
49,Nolan Arenado,STL,3B,28,110,12,29,9,1,4,18,8,19,0,0,0.264,0.319,0.473,0.792,284.4
50,Marcus Semien,TOR,SS,26,101,12,23,1,0,6,14,11,28,6,0,0.228,0.301,0.416,0.717,282.4
51,Franmil Reyes,CLE,RF,23,86,13,24,4,2,7,18,3,30,1,0,0.279,0.308,0.616,0.924,281.6
52,Ozzie Albies,ATL,2B,26,96,16,22,10,0,5,14,9,18,1,0,0.229,0.306,0.49,0.796,280.2
53,Trey Mancini,BAL,1B,28,107,13,26,5,0,5,21,8,26,0,0,0.243,0.299,0.43,0.729,280.1
53,Dylan Carlson,STL,CF,28,98,18,26,7,2,3,13,11,29,0,0,0.265,0.348,0.469,0.817,280.1
55,Bryan Reynolds,PIT,LF,27,98,20,28,8,0,2,12,14,25,0,1,0.286,0.381,0.429,0.81,277
56,Carson Kelly,ARI,C,20,56,13,19,2,0,6,17,15,10,0,0,0.339,0.494,0.696,1.19,275.1
57,Salvador Perez,KC,C,26,104,14,28,7,0,6,16,4,30,0,0,0.269,0.303,0.51,0.813,274.8
58,Anthony Rizzo,CHC,1B,28,99,14,22,4,1,5,9,17,16,3,0,0.222,0.331,0.434,0.765,274.3
59,Max Muncy,LAD,1B,27,85,15,18,2,1,3,11,28,26,0,0,0.212,0.422,0.365,0.787,272.5
60,Carlos Correa,HOU,SS,27,106,16,30,7,0,4,13,8,19,0,0,0.283,0.336,0.462,0.798,270.7
61,Randal Grichuk,TOR,CF,26,94,13,28,4,0,5,19,7,19,0,1,0.298,0.343,0.5,0.843,270.1
62,Yermin Mercedes,CHW,C,23,86,10,34,5,0,5,16,6,14,0,1,0.395,0.435,0.628,1.063,268
63,José Abreu,CHW,1B,27,99,12,20,2,0,5,19,13,33,1,0,0.202,0.302,0.374,0.676,266.9
64,Tyler Naquin,CIN,RF,23,70,11,19,2,0,6,19,9,21,2,1,0.271,0.373,0.557,0.93,266.7
65,Jed Lowrie,OAK,2B,27,98,14,25,6,0,3,19,11,17,0,0,0.255,0.33,0.408,0.738,264.3
66,Austin Meadows,TB,LF,26,93,13,20,6,0,5,12,15,27,0,0,0.215,0.336,0.441,0.777,260.6
67,Colin Moran,PIT,3B,27,94,9,27,6,0,4,19,10,28,0,0,0.287,0.352,0.479,0.831,260.3
68,C.J. Cron,COL,1B,26,87,16,25,4,0,4,13,12,23,0,0,0.287,0.38,0.471,0.851,258.7
69,Jake Cronenworth,SD,SS,29,107,15,28,6,1,2,7,12,19,3,1,0.262,0.344,0.393,0.737,258.5
70,Mookie Betts,LAD,RF,22,92,16,23,7,0,3,6,13,17,3,2,0.25,0.367,0.424,0.791,258.2
70,Adam Eaton,CHW,RF,24,92,16,20,4,1,3,18,8,24,1,0,0.217,0.301,0.38,0.681,258.2
72,Tommy Edman,STL,SS,28,115,14,33,4,1,2,6,9,12,4,1,0.287,0.349,0.391,0.74,257.8
73,Adam Frazier,PIT,2B,26,106,14,31,8,2,0,10,10,12,2,1,0.292,0.361,0.406,0.767,256.8
74,Joey Votto,CIN,1B,27,102,9,24,6,0,5,17,11,23,0,0,0.235,0.31,0.441,0.751,256.3
75,Giancarlo Stanton,NYY,DH,24,96,13,26,3,0,6,15,7,28,0,0,0.271,0.32,0.49,0.81,256.1
76,Wil Myers,SD,LF,28,83,12,21,4,0,4,13,12,23,4,2,0.253,0.347,0.446,0.793,254.9
77,Randy Arozarena,TB,LF,26,99,14,27,4,0,3,11,8,36,3,0,0.273,0.345,0.404,0.749,254.3
78,Paul Goldschmidt,STL,1B,26,107,18,25,5,0,3,15,7,29,1,0,0.234,0.281,0.364,0.645,254.1
79,Joey Gallo,TEX,CF,28,90,14,20,2,0,2,9,24,45,2,0,0.222,0.402,0.311,0.713,253.3
80,Raimel Tapia,COL,LF,27,97,12,31,2,0,3,13,8,12,3,2,0.32,0.368,0.433,0.801,251.9
81,Joey Wendle,TB,2B,26,90,17,26,8,0,3,16,2,19,0,1,0.289,0.316,0.478,0.794,251.4
82,Andrew Benintendi,KC,LF,24,88,16,24,4,0,3,10,10,20,4,4,0.273,0.347,0.42,0.767,251.2
83,Yordan Alvarez,HOU,DH,21,80,14,25,8,1,3,15,4,21,0,0,0.312,0.36,0.55,0.91,250.3
84,Jurickson Profar,SD,2B,29,91,14,23,3,1,1,10,15,18,5,0,0.253,0.352,0.341,0.693,247.8
85,Matt Chapman,OAK,3B,29,96,11,19,2,2,4,13,17,39,0,0,0.198,0.319,0.385,0.704,245.7
85,Jazz Chisholm,MIA,SS,21,69,11,20,4,1,4,7,9,25,7,0,0.29,0.375,0.551,0.926,245.7
87,Kyle Tucker,HOU,RF,28,101,13,19,3,0,5,15,8,21,2,0,0.188,0.246,0.366,0.612,244.1
88,Yoán Moncada,CHW,3B,25,91,11,24,3,0,3,15,13,31,0,0,0.264,0.37,0.396,0.766,243.7
89,Travis Shaw,MIL,3B,25,91,9,20,3,0,5,21,7,28,0,0,0.22,0.29,0.418,0.708,243.3
90,Trent Grisham,SD,RF,20,78,12,25,4,0,4,7,9,23,5,0,0.321,0.391,0.526,0.917,242.9
91,Austin Riley,ATL,LF,28,85,16,28,2,0,3,7,11,25,0,0,0.329,0.431,0.459,0.89,240.7
92,Paul DeJong,STL,SS,26,93,15,16,1,0,6,13,13,28,0,0,0.172,0.28,0.376,0.656,240.5
93,Luis Robert,CHW,CF,25,95,11,30,9,1,1,8,7,28,4,1,0.316,0.359,0.463,0.822,240.2
94,Pete Alonso,NYM,1B,22,81,11,21,4,0,5,16,8,26,0,0,0.259,0.33,0.494,0.824,238.2
95,Michael Brantley,HOU,LF,24,94,17,31,10,1,2,6,4,14,0,1,0.33,0.364,0.521,0.885,237.4
96,Alex Bregman,HOU,3B,22,84,14,24,2,0,4,15,7,15,0,0,0.286,0.348,0.452,0.8,235.3
97,AJ Pollock,LAD,CF,25,83,13,22,4,0,4,15,5,23,2,0,0.265,0.307,0.458,0.765,235.1
98,Will Smith,LAD,C,22,70,14,17,6,1,3,9,12,13,1,0,0.243,0.379,0.486,0.865,232.3
99,Maikel Franco,BAL,3B,27,104,8,24,6,0,3,17,10,24,0,0,0.231,0.298,0.375,0.673,232.1
100,Gio Urshela,NYY,3B,25,91,9,25,4,0,4,16,6,25,1,0,0.275,0.316,0.451,0.767,231.8
101,Eddie Rosario,CLE,LF,26,98,11,22,3,1,2,14,6,20,5,0,0.224,0.267,0.337,0.604,231.2
102,Asdrúbal Cabrera,ARI,3B,24,77,14,19,6,0,2,12,17,15,0,0,0.247,0.379,0.403,0.782,230.8
103,Avisaíl García,MIL,RF,25,90,13,20,2,0,3,12,11,28,3,2,0.222,0.311,0.344,0.655,230.6
103,Evan Longoria,SF,3B,24,69,13,19,5,0,4,12,13,20,0,0,0.275,0.39,0.522,0.912,230.6
105,Pavin Smith,ARI,1B,25,92,13,25,6,2,3,10,5,16,1,0,0.272,0.309,0.478,0.787,229.6
106,J.T. Realmuto,PHI,C,26,77,9,24,5,1,2,11,10,19,2,0,0.312,0.407,0.481,0.888,229.3
106,Buster Posey,SF,C,18,64,14,23,3,0,6,9,6,12,0,0,0.359,0.423,0.688,1.111,229.3
108,Yadier Molina,STL,C,19,65,13,21,5,0,5,14,5,15,0,0,0.323,0.366,0.631,0.997,228.6
109,DJ LeMahieu,NYY,2B,26,104,16,28,5,0,1,6,14,18,1,0,0.269,0.356,0.346,0.702,228.2
110,Eugenio Suárez,CIN,3B,26,101,15,15,4,0,5,12,10,44,0,0,0.149,0.237,0.337,0.574,228
111,Brandon Lowe,TB,2B,27,95,12,19,4,0,4,11,12,31,0,0,0.2,0.309,0.368,0.677,226.9
112,Kike Hernández,BOS,2B,27,104,16,24,6,1,3,9,5,26,0,0,0.231,0.277,0.394,0.671,226.7
113,Tim Anderson,CHW,SS,18,75,15,22,2,0,4,9,3,22,5,2,0.293,0.321,0.48,0.801,226.5
114,Alec Bohm,PHI,3B,28,100,12,23,3,0,3,15,6,27,2,0,0.23,0.264,0.35,0.614,225.9
115,Robbie Grossman,DET,LF,28,92,9,18,3,0,2,7,20,29,4,0,0.196,0.348,0.293,0.641,224.3
115,Luis Arraez,MIN,2B,24,83,14,24,2,1,1,11,14,11,0,0,0.289,0.4,0.373,0.773,224.3
117,Marcell Ozuna,ATL,LF,28,108,10,22,2,0,3,15,12,29,0,0,0.204,0.289,0.306,0.595,222.5
118,Jordan Luplow,CLE,RF,21,60,9,11,3,0,6,15,12,17,0,1,0.183,0.329,0.533,0.862,216.3
119,Brandon Belt,SF,1B,27,74,10,15,3,0,4,11,14,30,2,1,0.203,0.326,0.405,0.731,214.5
120,Phillip Evans,PIT,3B,24,86,14,19,2,0,4,7,9,22,1,0,0.221,0.323,0.384,0.707,213.3
121,Jeimer Candelario,DET,3B,29,108,11,30,5,0,2,8,9,30,0,0,0.278,0.333,0.38,0.713,213.2
122,Manuel Margot,TB,CF,26,82,10,22,4,1,2,13,7,16,2,2,0.268,0.322,0.415,0.737,212.5
123,Justin Upton,LAA,LF,23,86,11,20,2,0,5,12,7,26,0,0,0.233,0.295,0.43,0.725,212.2
124,Starling Marte,MIA,CF,15,57,15,18,2,1,2,8,8,14,3,2,0.316,0.42,0.491,0.911,211
125,Miguel Rojas,MIA,SS,25,88,13,21,6,1,0,7,11,12,3,1,0.239,0.337,0.33,0.667,210.1
126,Nick Madrigal,CHW,2B,23,80,16,25,4,2,0,9,5,3,1,1,0.312,0.364,0.412,0.776,208.7
127,Myles Straw,HOU,CF,27,93,10,21,3,1,0,11,9,22,5,1,0.226,0.295,0.28,0.575,208.5
128,Adolis García,TEX,RF,19,73,10,17,1,1,5,14,4,25,1,3,0.233,0.278,0.479,0.757,207
129,Luis Urías,MIL,2B,25,69,7,16,4,0,3,13,14,19,1,0,0.232,0.365,0.42,0.785,205.9
130,Dom Nuñez,COL,C,18,54,10,12,2,2,5,15,7,25,0,0,0.222,0.311,0.611,0.922,204.5
131,Corey Dickerson,MIA,LF,26,79,11,25,5,1,1,7,8,17,1,2,0.316,0.4,0.443,0.843,203.7
132,Mike Yastrzemski,SF,RF,22,79,11,17,6,1,4,6,10,29,1,0,0.215,0.303,0.468,0.771,203.2
133,Tucker Barnhart,CIN,C,21,62,13,19,5,0,3,11,6,25,0,0,0.306,0.386,0.532,0.918,203.1
134,Josh Rojas,ARI,3B,25,68,13,16,3,0,4,10,9,21,1,0,0.235,0.325,0.456,0.781,202.6
135,Dylan Moore,SEA,SS,28,76,8,11,4,0,2,11,12,30,6,1,0.145,0.267,0.276,0.543,202.1
136,David Fletcher,LAA,3B,26,113,15,30,3,0,0,10,4,13,1,0,0.265,0.288,0.292,0.58,200
137,Omar Narváez,MIL,C,22,68,7,25,2,0,3,11,8,10,0,0,0.368,0.443,0.529,0.972,198.9
138,Christian Vázquez,BOS,C,24,88,13,22,4,0,2,8,5,17,3,0,0.25,0.287,0.364,0.651,198.6
139,Wilson Ramos,DET,C,27,87,9,19,4,0,6,9,5,21,0,0,0.218,0.261,0.471,0.732,198.3
140,Adam Duvall,MIA,LF,26,89,9,16,3,1,4,14,4,35,1,0,0.18,0.223,0.371,0.594,197.8
141,Jorge Soler,KC,RF,26,85,10,16,7,0,2,12,9,30,0,0,0.188,0.283,0.341,0.624,197
142,Akil Baddoo,DET,CF,22,69,6,14,4,3,4,13,3,33,2,0,0.203,0.233,0.522,0.755,193.7
143,Taylor Trammell,SEA,CF,24,74,10,12,2,0,4,11,10,37,2,2,0.162,0.271,0.351,0.622,193.5
144,Tyler O'Neill,STL,LF,18,63,12,17,2,0,5,10,1,22,2,1,0.27,0.292,0.54,0.832,193.4
145,Didi Gregorius,PHI,SS,23,83,6,20,2,0,3,17,3,17,1,0,0.241,0.275,0.373,0.648,192.7
146,J.P. Crawford,SEA,SS,29,94,13,25,5,0,0,8,9,18,1,1,0.266,0.33,0.319,0.649,192.6
147,Andrew McCutchen,PHI,CF,24,84,8,15,1,1,2,9,16,27,2,0,0.179,0.307,0.286,0.593,189.1
148,Freddy Galvis,BAL,SS,24,79,11,21,6,1,2,7,6,19,1,0,0.266,0.318,0.443,0.761,188.7
148,Michael A. Taylor,KC,CF,26,84,11,22,2,0,2,7,7,23,3,0,0.262,0.319,0.357,0.676,188.7
150,Brandon Nimmo,NYM,CF,21,66,7,21,5,0,1,8,12,22,2,1,0.318,0.43,0.439,0.869,188.4
151,Austin Slater,SF,RF,26,80,7,17,2,1,2,7,10,31,5,0,0.212,0.3,0.338,0.638,187.9
152,Charlie Blackmon,COL,RF,25,81,8,16,6,0,1,12,12,15,0,0,0.198,0.323,0.309,0.632,187.6
153,Jorge Polanco,MIN,SS,24,91,12,19,4,0,1,10,6,16,2,1,0.209,0.267,0.286,0.553,187.4
154,Aaron Hicks,NYY,CF,25,89,10,14,2,0,4,10,10,25,0,0,0.157,0.255,0.315,0.57,187
155,Cesar Hernández,CLE,2B,25,96,14,18,3,0,2,5,14,19,0,0,0.188,0.291,0.281,0.572,185.3
156,Albert Pujols,LAA,1B,22,78,9,15,0,0,5,12,3,11,1,0,0.192,0.25,0.385,0.635,184.8
157,Brandon Crawford,SF,SS,23,73,10,15,2,0,4,10,5,20,2,0,0.205,0.266,0.397,0.663,184
158,Josh Harrison,WSH,2B,17,61,9,22,3,0,2,9,6,8,0,3,0.361,0.451,0.508,0.959,183.3
158,Nicky Lopez,KC,2B,26,68,14,16,2,2,0,7,12,9,2,0,0.235,0.346,0.324,0.67,183.3
160,Jason Heyward,CHC,RF,27,88,11,17,4,1,2,8,7,24,2,0,0.193,0.253,0.33,0.583,183.2
161,Sean Murphy,OAK,C,21,65,8,13,3,0,4,9,10,21,0,0,0.2,0.342,0.431,0.773,183.1
162,Michael Conforto,NYM,RF,21,74,6,19,6,0,2,9,9,21,0,0,0.257,0.368,0.419,0.787,182.7
163,Gleyber Torres,NYY,SS,26,98,8,24,5,0,0,7,13,19,1,1,0.245,0.333,0.296,0.629,182.1
164,Gregory Polanco,PIT,RF,23,77,11,16,3,0,3,5,9,24,3,0,0.208,0.291,0.364,0.655,181.7
165,José Iglesias,LAA,SS,26,101,13,27,2,0,2,6,2,17,1,0,0.267,0.282,0.347,0.629,179.6
166,Niko Goodrum,DET,3B,22,74,10,15,2,1,4,6,6,33,2,1,0.203,0.272,0.419,0.691,179
167,Nick Senzel,CIN,CF,26,74,12,19,3,1,1,5,10,12,2,4,0.257,0.341,0.365,0.706,178.9
168,Dansby Swanson,ATL,SS,28,104,6,21,4,1,2,7,7,34,1,1,0.202,0.272,0.317,0.589,178.7
169,Mike Moustakas,CIN,2B,17,56,11,14,5,0,3,8,8,11,0,0,0.25,0.353,0.5,0.853,177.2
170,Jonathan India,CIN,3B,21,67,9,16,1,2,1,14,5,20,0,0,0.239,0.316,0.358,0.674,176.8
171,Yandy Díaz,TB,3B,27,85,7,20,3,0,0,7,18,16,0,0,0.235,0.381,0.271,0.652,175.9
172,Jackie Bradley Jr.,MIL,CF,26,95,12,18,3,2,2,4,2,31,1,1,0.189,0.252,0.326,0.578,175.4
172,Mike Zunino,TB,C,17,54,12,11,2,0,5,10,5,20,0,0,0.204,0.283,0.519,0.802,175.4
174,José Altuve,HOU,2B,18,73,13,19,4,0,1,9,6,12,1,1,0.26,0.305,0.356,0.661,175.1
175,Ryan Mountcastle,BAL,OF,27,98,8,21,6,0,1,8,4,31,3,0,0.214,0.24,0.306,0.546,173.6
176,Jacob Stallings,PIT,C,22,65,7,16,7,0,1,8,14,18,0,0,0.246,0.388,0.4,0.788,173.4
177,Jon Berti,MIA,3B,25,64,11,12,4,0,2,8,11,20,1,2,0.188,0.312,0.344,0.656,171.2
178,Zach McKinstry,LAD,2B,17,54,7,16,5,0,3,14,2,14,0,0,0.296,0.328,0.556,0.884,170.4
179,Marwin Gonzalez,BOS,3B,23,74,10,14,4,0,1,6,10,18,2,0,0.189,0.315,0.284,0.599,170
180,Austin Hays,BAL,RF,15,56,12,14,2,0,4,10,3,14,0,0,0.25,0.3,0.5,0.8,169.4
181,Juan Soto,WSH,LF,14,50,11,15,2,0,2,8,10,7,1,2,0.3,0.41,0.46,0.87,168.2
182,Mitch Moreland,OAK,1B,24,68,8,15,2,0,3,11,7,18,0,0,0.221,0.295,0.382,0.677,166.1
183,Mitch Garver,MIN,C,20,65,7,12,3,0,5,12,3,28,0,0,0.185,0.221,0.462,0.683,163.4
184,Ian Happ,CHC,CF,26,84,9,14,1,0,2,4,15,33,1,1,0.167,0.307,0.25,0.557,162.8
185,Erik González,PIT,SS,25,83,5,19,5,0,2,14,2,14,0,0,0.229,0.247,0.361,0.608,161
186,Jake Marisnick,CHC,CF,22,46,8,12,3,2,2,11,4,17,1,1,0.261,0.333,0.543,0.876,160.1
186,Alex Dickerson,SF,LF,28,71,8,15,1,0,3,11,5,18,0,0,0.211,0.282,0.352,0.634,160.1
188,Yasmani Grandal,CHW,C,18,55,10,7,2,0,2,9,17,14,0,0,0.127,0.333,0.273,0.606,159.5
189,Starlin Castro,WSH,2B,24,91,3,23,5,0,1,13,3,18,0,0,0.253,0.271,0.341,0.612,157.1
189,Kolten Wong,MIL,2B,17,54,8,16,4,0,2,5,6,10,2,1,0.296,0.381,0.481,0.862,157.1
191,Lourdes Gurriel Jr.,TOR,LF,23,84,8,19,3,0,2,8,3,21,1,0,0.226,0.256,0.333,0.589,155.6
192,Hunter Dozier,KC,3B,22,75,6,11,2,1,3,11,6,24,1,1,0.147,0.21,0.32,0.53,153.7
193,David Dahl,TEX,LF,25,89,10,17,3,0,2,9,3,27,0,1,0.191,0.221,0.292,0.513,153.5
194,Garrett Cooper,MIA,1B,25,79,7,14,3,0,2,10,6,29,0,0,0.177,0.261,0.291,0.552,153.4
195,Amed Rosario,CLE,SS,23,71,10,15,2,1,2,5,7,14,1,0,0.211,0.282,0.352,0.634,151.5
196,Rougned Odor,NYY,2B,18,59,7,10,0,0,4,11,6,9,0,0,0.169,0.269,0.373,0.642,150.9
197,David Bote,CHC,3B,27,72,6,13,3,0,2,11,7,19,0,1,0.181,0.268,0.306,0.574,150.7
198,Anthony Rendon,LAA,3B,14,55,8,15,2,0,2,10,7,11,0,0,0.273,0.349,0.418,0.767,150.6
199,Travis d'Arnaud,ATL,C,23,82,5,18,4,0,2,11,4,20,0,0,0.22,0.253,0.341,0.594,150.5
200,Hunter Renfroe,BOS,RF,21,68,9,13,2,0,2,11,6,20,0,1,0.191,0.25,0.309,0.559,148.3
201,Aledmys Díaz,HOU,2B,17,58,7,15,5,0,1,11,2,12,0,0,0.259,0.328,0.397,0.725,147.9
202,Victor Caratini,SD,C,23,65,5,14,2,0,1,11,10,25,1,0,0.215,0.316,0.292,0.608,147.5
203,Roberto Pérez,CLE,C,18,56,6,8,1,0,3,9,11,25,1,0,0.143,0.294,0.321,0.615,146.7
204,Guillermo Heredia,ATL,CF,13,40,7,12,5,0,2,8,8,13,0,0,0.3,0.429,0.575,1.004,146.4
204,Justin Williams,STL,RF,28,67,7,12,0,0,3,8,10,27,0,1,0.179,0.295,0.313,0.608,146.4
206,Sam Haggerty,SEA,2B,21,55,10,11,1,0,2,5,4,18,5,0,0.2,0.254,0.327,0.581,145.5
207,Jeff McNeil,NYM,LF,21,65,9,15,3,0,2,5,7,7,0,0,0.231,0.324,0.369,0.693,145.3
207,Billy McKinney,MIL,RF,26,66,9,16,2,1,3,5,4,17,0,0,0.242,0.286,0.439,0.725,145.3
209,Darin Ruf,SF,1B,22,39,8,8,1,0,3,10,7,14,1,0,0.205,0.333,0.462,0.795,144.6
209,Cavan Biggio,TOR,2B,22,73,8,13,1,1,2,4,12,30,0,0,0.178,0.299,0.301,0.6,144.6
211,Ryan Zimmerman,WSH,1B,17,47,6,15,1,0,4,10,2,13,0,0,0.319,0.347,0.596,0.943,144.2
212,Max Kepler,MIN,RF,16,54,6,12,5,1,0,8,6,13,3,0,0.222,0.306,0.352,0.658,143.2
213,Willy Adames,TB,SS,28,90,7,15,3,1,2,7,4,30,1,1,0.167,0.202,0.289,0.491,142.9
214,Andrelton Simmons,MIN,SS,16,52,9,15,4,0,1,6,8,9,0,0,0.288,0.393,0.423,0.816,142.8
215,Keston Hiura,MIL,2B,26,79,8,12,4,1,1,5,6,32,1,0,0.152,0.247,0.266,0.513,142.1
216,DJ Stewart,BAL,RF,19,64,9,12,2,0,2,7,9,17,0,0,0.188,0.288,0.312,0.6,140.3
217,Josh Bell,WSH,1B,16,57,12,8,3,0,2,9,5,17,0,0,0.14,0.219,0.298,0.517,138.9
218,Christian Arroyo,BOS,3B,20,63,8,19,7,0,0,4,3,16,1,0,0.302,0.353,0.413,0.766,138.6
219,Francisco Lindor,NYM,SS,22,82,10,14,1,0,1,3,12,12,0,1,0.171,0.289,0.22,0.509,138.5
220,Jonathan Schoop,DET,2B,26,89,8,17,1,0,2,8,4,29,0,0,0.191,0.221,0.27,0.491,137.6
221,José Marmolejos,SEA,1B,22,55,7,9,2,0,3,8,9,22,0,0,0.164,0.281,0.364,0.645,137.4
222,J.D. Davis,NYM,3B,14,41,5,16,3,0,2,7,4,15,0,0,0.39,0.479,0.61,1.089,136.5
223,Leury García,CHW,CF,20,65,11,13,3,0,0,10,2,19,2,0,0.2,0.224,0.246,0.47,136.2
224,Nico Hoerner,CHC,SS,11,36,3,14,6,0,0,7,8,7,3,1,0.389,0.5,0.556,1.056,136.1
225,Jean Segura,PHI,SS,17,60,7,20,4,0,1,5,3,10,1,0,0.333,0.359,0.45,0.809,135.9
226,Wilmer Flores,SF,2B,28,63,8,12,3,0,1,8,8,9,0,0,0.19,0.288,0.286,0.574,134.6
227,Kyle Higashioka,NYY,C,14,34,6,9,3,0,4,7,6,10,0,0,0.265,0.375,0.706,1.081,133.7
228,Josh Donaldson,MIN,3B,15,49,7,14,3,0,2,6,7,5,0,0,0.286,0.368,0.469,0.837,133.4
229,Tommy La Stella,SF,2B,25,68,8,16,3,1,1,5,6,10,0,0,0.235,0.297,0.353,0.65,133.1
230,Rio Ruiz,BAL,3B,22,66,7,11,3,0,2,5,7,23,2,0,0.167,0.247,0.303,0.55,132.9
231,Josh Fuentes,COL,3B,27,79,9,16,1,0,2,10,0,21,0,0,0.203,0.2,0.291,0.491,132.8
232,Gary Sánchez,NYY,C,19,61,8,11,1,0,2,4,11,16,0,0,0.18,0.324,0.295,0.619,132.6
233,Tommy Pham,SD,LF,26,73,4,15,1,0,0,5,12,17,2,1,0.205,0.33,0.219,0.549,132.3
234,Clint Frazier,NYY,RF,23,67,7,10,3,0,2,3,14,22,0,0,0.149,0.296,0.284,0.58,131.9
235,Dominic Smith,NYM,1B,20,77,4,18,4,0,2,8,2,21,0,0,0.234,0.25,0.364,0.614,130.8
236,Willi Castro,DET,SS,25,94,6,18,1,2,1,5,5,29,0,0,0.191,0.232,0.277,0.509,129.7
237,Stephen Vogt,ARI,C,14,38,7,8,0,1,3,10,5,10,0,0,0.211,0.302,0.5,0.802,129.4
237,Matt Carpenter,STL,3B,26,46,7,5,0,0,3,10,8,18,0,0,0.109,0.263,0.304,0.567,129.4
237,Andrés Giménez,CLE,SS,21,62,7,11,4,0,2,4,3,20,3,0,0.177,0.227,0.339,0.566,129.4
240,Victor Robles,WSH,CF,24,70,6,16,2,1,0,1,10,18,1,3,0.229,0.349,0.286,0.635,127.7
241,Charlie Culberson,TEX,LF,17,47,4,15,5,0,2,7,2,14,1,0,0.319,0.347,0.553,0.9,127.3
242,Willie Calhoun,TEX,LF,13,49,8,17,1,0,2,5,3,7,0,0,0.347,0.396,0.49,0.886,127.1
243,Kyle Schwarber,WSH,LF,17,65,7,13,4,0,2,5,4,23,0,0,0.2,0.268,0.354,0.622,126.9
244,Elvis Andrus,OAK,SS,28,94,7,15,3,0,0,4,6,20,3,0,0.16,0.206,0.191,0.397,126.4
245,Josh Naylor,CLE,LF,23,80,7,20,8,0,0,2,3,18,0,0,0.25,0.286,0.35,0.636,125.4
245,Alejandro Kirk,TOR,C,17,40,7,9,1,0,3,8,5,6,0,0,0.225,0.326,0.475,0.801,125.4
247,Kole Calhoun,ARI,RF,13,48,6,14,3,0,2,5,3,13,1,0,0.292,0.333,0.479,0.812,120.7
248,Bobby Dalbec,BOS,3B,23,75,3,15,4,1,1,6,5,28,0,0,0.2,0.259,0.32,0.579,120.6
249,Matt Duffy,CHC,3B,23,44,7,12,2,0,0,4,8,8,2,0,0.273,0.407,0.318,0.725,120.4
250,Jake Cave,MIN,RF,25,70,8,12,4,0,1,2,6,30,1,0,0.171,0.256,0.271,0.527,119.6
251,Tyler Stephenson,CIN,C,17,44,8,16,2,0,1,6,2,11,0,0,0.364,0.404,0.477,0.881,118.6
252,Seth Brown,OAK,LF,19,47,5,11,2,0,3,7,4,11,0,0,0.234,0.294,0.468,0.762,118.5
253,Mike Brosseau,TB,2B,19,55,7,10,3,0,2,6,4,17,0,0,0.182,0.262,0.345,0.607,118.4
254,Kevin Newman,PIT,SS,24,86,6,17,2,0,1,6,4,8,0,0,0.198,0.231,0.256,0.487,118.2
255,Stephen Piscotty,OAK,RF,22,60,5,12,3,0,2,5,4,19,1,0,0.2,0.262,0.35,0.612,117.5
255,Matt Beaty,LAD,1B,18,28,5,10,0,0,1,11,6,7,0,0,0.357,0.5,0.464,0.964,117.5
257,Jose Trevino,TEX,C,20,73,8,19,2,0,1,3,3,18,0,0,0.26,0.286,0.329,0.615,117.1
258,Ehire Adrianza,ATL,3B,20,36,7,9,2,1,2,8,3,5,0,0,0.25,0.286,0.528,0.814,116.4
258,Tim Locastro,ARI,LF,15,52,7,14,0,0,1,2,4,12,3,1,0.269,0.345,0.327,0.672,116.4
260,Alex Kirilloff,MIN,RF,11,38,5,7,1,0,4,10,1,12,0,0,0.184,0.2,0.526,0.726,114
261,Pablo Sandoval,ATL,3B,21,27,6,8,0,0,3,8,5,11,0,0,0.296,0.406,0.63,1.036,113.2
261,Pedro Severino,BAL,C,21,73,6,19,3,0,1,2,4,21,0,0,0.26,0.299,0.342,0.641,113.2
263,Willians Astudillo,MIN,C,20,55,4,16,2,0,2,8,0,3,0,0,0.291,0.286,0.436,0.722,112.8
264,Jason Castro,HOU,C,12,30,6,7,3,0,2,7,6,11,0,0,0.233,0.378,0.533,0.911,112.7
265,Josh VanMeter,ARI,LF,24,45,8,7,1,1,1,5,10,15,0,0,0.156,0.309,0.289,0.598,112.1
266,Francisco Mejía,TB,C,16,52,3,15,6,0,1,6,2,9,0,0,0.288,0.321,0.462,0.783,111.6
267,Yan Gomes,WSH,C,14,48,5,12,2,0,2,7,2,7,0,0,0.25,0.294,0.417,0.711,109.5
268,Kyle Farmer,CIN,2B,25,50,7,9,2,0,1,6,4,11,0,1,0.18,0.293,0.28,0.573,109.4
269,Yonathan Daza,COL,LF,24,67,5,19,2,0,1,6,0,13,0,0,0.284,0.279,0.358,0.637,109
270,Brett Phillips,TB,RF,18,37,5,7,3,0,1,3,8,16,3,2,0.189,0.326,0.351,0.677,107.5
271,Anthony Santander,BAL,LF,16,56,5,11,1,0,2,8,2,17,0,0,0.196,0.23,0.321,0.551,107
272,Andrew Vaughn,CHW,1B,17,51,7,14,5,0,0,1,7,17,0,0,0.275,0.373,0.373,0.746,106.9
273,Evan White,SEA,1B,22,71,6,11,2,0,1,6,5,21,0,0,0.155,0.221,0.225,0.446,106.2
274,Ketel Marte,ARI,2B,6,26,5,12,4,0,2,5,2,4,0,0,0.462,0.5,0.846,1.346,105.5
275,Daniel Vogelbach,MIL,1B,26,54,7,9,1,0,2,4,7,18,0,0,0.167,0.262,0.296,0.558,105.4
276,Miguel Sanó,MIN,3B,15,45,6,5,0,0,2,4,13,20,0,0,0.111,0.31,0.244,0.554,105.2
276,Luis Torrens,SEA,C,22,66,6,13,4,0,1,4,3,16,0,0,0.197,0.243,0.303,0.546,105.2
278,Kevin Kiermaier,TB,CF,18,57,7,14,2,1,0,3,3,21,1,0,0.246,0.295,0.316,0.611,104.9
279,Gavin Lux,LAD,2B,19,63,4,12,0,2,0,7,4,20,1,0,0.19,0.232,0.254,0.486,103.3
280,Tyrone Taylor,MIL,RF,16,31,2,10,2,0,2,7,2,7,1,0,0.323,0.4,0.581,0.981,102.9
281,Brock Holt,TEX,2B,15,44,2,11,2,0,0,5,8,11,2,0,0.25,0.377,0.295,0.672,101.9
282,Eric Sogard,CHC,2B,27,46,8,12,1,1,0,4,3,9,1,0,0.261,0.3,0.326,0.626,99.6
283,Ha-Seong Kim,SD,SS,21,51,6,11,1,0,1,4,3,14,1,1,0.216,0.286,0.294,0.58,99.2
284,Chris Owings,COL,2B,7,15,6,8,3,3,0,3,2,2,2,0,0.533,0.588,1.133,1.721,98.7
285,Donovan Solano,SF,SS,17,50,5,15,4,0,0,3,2,11,1,0,0.3,0.333,0.38,0.713,98.5
286,Mauricio Dubón,SF,SS,24,55,3,11,3,0,1,7,4,13,0,0,0.2,0.25,0.309,0.559,97.1
287,Andrew Stevenson,WSH,CF,22,47,7,11,2,0,1,5,3,15,0,0,0.234,0.275,0.34,0.615,96.9
288,Brad Miller,PHI,3B,18,39,6,12,0,0,2,5,2,16,0,0,0.308,0.341,0.462,0.803,96.7
289,Yoshitomo Tsutsugo,TB,LF,22,70,5,11,3,0,0,5,7,24,0,0,0.157,0.234,0.2,0.434,96.5
290,Brian Anderson,MIA,3B,16,60,3,12,3,0,1,5,5,15,0,0,0.2,0.262,0.3,0.562,96.1
291,Yadiel Hernandez,WSH,LF,14,30,4,11,1,0,1,3,4,7,2,0,0.367,0.444,0.5,0.944,95.3
292,Christian Yelich,MIL,RF,9,30,8,10,1,0,0,1,6,12,2,0,0.333,0.459,0.367,0.826,95.1
293,Hanser Alberto,KC,2B,22,51,5,11,4,2,0,5,0,6,0,1,0.216,0.231,0.373,0.604,93.5
294,Joc Pederson,CHC,RF,16,51,5,7,0,1,1,4,7,20,0,0,0.137,0.262,0.235,0.497,93
295,James McCann,NYM,C,19,65,2,14,0,0,1,5,6,17,0,0,0.215,0.282,0.262,0.544,92.9
296,Tom Murphy,SEA,C,17,52,7,7,2,0,2,4,3,20,0,0,0.135,0.182,0.288,0.47,90.4
297,Austin Barnes,LAD,C,17,43,3,9,1,0,0,5,10,12,0,0,0.209,0.37,0.233,0.603,90.1
298,Roman Quinn,PHI,CF,22,40,5,4,1,1,0,1,5,15,4,3,0.1,0.25,0.175,0.425,88.5
299,Zack Collins,CHW,C,12,38,4,8,2,0,1,5,6,11,0,0,0.211,0.318,0.342,0.66,87.3
300,Chas McCormick,HOU,RF,14,25,6,4,2,0,1,7,1,7,1,0,0.16,0.241,0.36,0.601,85.7
301,Wyatt Mathisen,ARI,3B,20,40,3,5,0,0,1,8,5,20,0,0,0.125,0.265,0.2,0.465,85.6
302,Nick Maton,PHI,SS,13,46,3,16,5,0,0,1,2,13,0,0,0.348,0.388,0.457,0.845,85.1
303,Andy Young,ARI,2B,12,9,4,3,0,0,3,6,2,5,0,0,0.333,0.571,1.333,1.904,84.8
304,Teoscar Hernández,TOR,LF,10,42,5,10,0,0,2,5,1,16,0,0,0.238,0.256,0.381,0.637,84.5
305,Nick Ahmed,ARI,SS,20,67,6,10,3,0,0,4,2,16,1,1,0.149,0.174,0.194,0.368,84.2
306,Mike Tauchman,SF,CF,15,30,3,8,2,0,1,5,2,9,2,0,0.267,0.312,0.433,0.745,84.1
307,Alex Blandino,CIN,2B,20,29,5,7,3,0,0,4,5,12,1,0,0.241,0.371,0.345,0.716,84
308,Rowdy Tellez,TOR,1B,18,60,5,11,2,0,1,3,2,15,0,0,0.183,0.222,0.267,0.489,83.5
309,Austin Dean,STL,LF,18,27,4,5,2,0,1,7,5,9,0,0,0.185,0.294,0.37,0.664,82.3
310,Tony Kemp,OAK,2B,17,33,2,7,1,0,0,1,9,7,3,0,0.212,0.395,0.242,0.637,81.9
311,Franchy Cordero,BOS,CF,22,57,4,9,2,0,0,5,4,26,1,0,0.158,0.213,0.193,0.406,81.3
312,Miguel Cabrera,DET,1B,15,52,3,6,1,0,2,5,5,19,0,0,0.115,0.193,0.25,0.443,81.1
313,Ramón Urias,BAL,2B,19,44,6,7,2,0,1,3,5,16,0,0,0.159,0.245,0.273,0.518,80.7
314,Nomar Mazara,DET,RF,12,38,3,9,0,0,2,5,2,7,0,0,0.237,0.275,0.395,0.67,78.1
315,Kurt Suzuki,LAA,C,13,40,3,9,1,0,1,4,3,10,0,0,0.225,0.304,0.325,0.629,77.6
316,Jonathan Villar,NYM,2B,19,41,5,10,3,1,0,3,1,14,0,1,0.244,0.279,0.366,0.645,77.5
317,Brett Gardner,NYY,CF,19,50,5,9,2,0,0,2,7,14,0,0,0.18,0.276,0.22,0.496,77
318,Andrew Knizner,STL,C,15,41,7,10,2,0,0,1,4,4,0,0,0.244,0.326,0.293,0.619,76.9
319,Lorenzo Cain,MIL,CF,7,26,5,4,1,0,2,4,2,5,1,0,0.154,0.214,0.423,0.637,75
320,Christian Walker,ARI,1B,10,39,6,7,1,0,1,3,4,10,0,0,0.179,0.25,0.282,0.532,74.7
321,Josh Palacios,TOR,CF,10,28,7,7,0,0,0,4,3,7,0,0,0.25,0.353,0.25,0.603,72.4
322,Sam Hilliard,COL,RF,19,37,5,4,0,1,2,4,2,19,0,0,0.108,0.154,0.324,0.478,72
323,Eli White,TEX,SS,17,50,3,7,0,1,0,4,5,18,1,2,0.14,0.218,0.18,0.398,71.6
324,Kyle Isbel,KC,CF,12,34,5,9,0,1,0,3,2,15,1,0,0.265,0.306,0.324,0.63,71.5
325,Joe Panik,TOR,2B,17,46,2,12,4,0,0,4,1,8,0,0,0.261,0.277,0.348,0.625,71.4
326,Jorge Mateo,SD,SS,19,33,1,7,2,0,1,4,1,9,1,0,0.212,0.297,0.364,0.661,71.2
327,Wilmer Difo,PIT,SS,20,32,3,8,2,1,1,3,2,12,0,0,0.25,0.294,0.469,0.763,71.1
328,Manny Piña,MIL,C,10,25,3,4,1,0,2,5,3,6,0,0,0.16,0.241,0.44,0.681,69.1
329,Jace Peterson,MIL,2B,10,24,3,5,0,0,2,4,4,9,0,0,0.208,0.321,0.458,0.779,68.6
330,Renato Núñez,DET,1B,7,27,5,4,2,0,2,3,1,8,0,0,0.148,0.207,0.444,0.651,68.5
331,Kyle Lewis,SEA,RF,10,38,3,7,1,0,2,2,3,12,0,0,0.184,0.244,0.368,0.612,67.6
332,Yu Chang,CLE,SS,18,43,5,7,2,0,0,5,2,9,0,0,0.163,0.2,0.209,0.409,66.5
333,Cristian Pache,ATL,CF,13,36,4,6,2,0,1,4,1,16,0,0,0.167,0.211,0.306,0.517,65.8
334,Kyle Garlick,MIN,LF,13,29,6,7,3,0,0,3,1,10,0,0,0.241,0.281,0.345,0.626,65.7
335,Chad Wallach,MIA,C,14,39,2,11,2,0,0,4,1,16,0,0,0.282,0.31,0.333,0.643,65.4
336,Jonah Heim,TEX,C,10,33,4,4,2,0,1,3,3,8,1,0,0.121,0.189,0.273,0.462,65.3
336,Mike Ford,NYY,1B,9,26,4,3,0,0,2,3,5,7,0,0,0.115,0.258,0.346,0.604,65.3
338,Luke Raley,LAD,RF,14,34,2,7,1,0,1,2,2,12,0,0,0.206,0.308,0.324,0.632,61.4
339,Edwin Ríos,LAD,3B,23,47,3,4,0,0,1,1,7,17,0,0,0.085,0.232,0.149,0.381,61.1
340,Andrew Knapp,PHI,C,14,29,3,5,0,0,1,5,3,15,0,0,0.172,0.242,0.276,0.518,60.1
341,Curt Casali,SF,C,14,33,2,4,1,0,0,5,7,10,0,0,0.121,0.275,0.152,0.427,59.9
342,Jay Bruce,NYY,LF,10,34,3,4,1,0,1,3,5,13,0,0,0.118,0.231,0.235,0.466,59.1
342,George Springer,TOR,CF,4,15,3,3,0,0,2,3,2,4,1,0,0.2,0.294,0.6,0.894,59.1
344,Dustin Fowler,PIT,CF,18,41,3,7,1,0,0,2,3,20,1,0,0.171,0.239,0.195,0.434,58.6
344,JaCoby Jones,DET,CF,21,57,3,8,1,0,1,2,2,24,0,0,0.14,0.169,0.211,0.38,58.6
346,Victor Reyes,DET,LF,18,51,4,6,2,0,1,1,1,17,1,0,0.118,0.135,0.216,0.351,58.3
347,Martín Maldonado,HOU,C,20,64,4,6,1,1,0,0,6,29,0,0,0.094,0.171,0.141,0.312,57.8
348,Sheldon Neuse,LAD,3B,10,23,3,6,0,0,2,3,0,9,0,1,0.261,0.261,0.522,0.783,56.1
349,Max Stassi,LAA,C,10,26,4,7,0,0,1,1,3,6,0,0,0.269,0.345,0.385,0.73,55.3
349,Kevin Pillar,NYM,CF,15,31,4,6,0,0,1,1,1,7,1,1,0.194,0.242,0.29,0.532,55.3
349,Elias Díaz,COL,C,15,44,4,6,2,0,0,1,5,13,0,0,0.136,0.224,0.182,0.406,55.3
352,Jake Bauers,CLE,LF,21,43,1,8,2,0,0,2,5,12,0,0,0.186,0.271,0.233,0.504,55.2
353,Jose Rojas,LAA,3B,16,39,2,7,5,0,0,0,4,14,0,0,0.179,0.256,0.308,0.564,54.4
354,Austin Hedges,CLE,C,9,27,3,3,0,0,2,3,2,13,0,0,0.111,0.172,0.333,0.505,53.1
355,Michael Perez,PIT,C,9,25,2,4,1,0,1,3,3,9,0,0,0.16,0.276,0.32,0.596,52.9
356,Aristides Aquino,CIN,RF,10,13,2,3,1,0,2,3,1,5,0,0,0.231,0.286,0.769,1.055,49.9
357,Jorge Alfaro,MIA,C,10,35,1,8,1,0,0,3,1,12,1,0,0.229,0.25,0.257,0.507,49.7
358,Ryan O'Hearn,KC,1B,6,18,2,3,0,0,2,2,3,7,0,0,0.167,0.286,0.5,0.786,49.4
359,Danny Jansen,TOR,C,18,48,4,4,1,0,0,1,6,13,0,0,0.083,0.185,0.104,0.289,49.3
359,Jonathan Davis,TOR,CF,16,22,4,2,0,0,1,1,3,8,1,1,0.091,0.231,0.227,0.458,49.3
361,Jake Fraley,SEA,CF,5,10,2,1,1,0,0,1,8,3,1,0,0.1,0.526,0.2,0.726,48.9
362,Jarrod Dyson,KC,CF,15,14,3,4,1,1,0,0,2,3,2,0,0.286,0.375,0.5,0.875,48.6
363,Grayson Greiner,DET,C,10,28,1,5,1,0,1,4,1,12,0,0,0.179,0.207,0.321,0.528,47.2
364,Mickey Moniak,PHI,CF,9,25,3,3,0,0,1,3,3,12,0,0,0.12,0.214,0.24,0.454,47.1
365,Santiago Espinal,TOR,SS,11,20,4,7,2,0,0,2,0,3,0,0,0.35,0.35,0.45,0.8,46.8
366,Harold Castro,DET,3B,17,34,1,7,0,0,0,3,4,10,0,0,0.206,0.289,0.206,0.495,46.7
367,Aramis Garcia,OAK,C,13,37,3,5,0,0,1,2,1,14,0,0,0.135,0.179,0.216,0.395,46.6
368,Danny Mendick,CHW,SS,8,16,2,6,0,0,0,2,5,5,0,0,0.375,0.524,0.375,0.899,46.4
369,Leody Taveras,TEX,CF,15,46,2,4,0,0,0,1,3,23,2,0,0.087,0.16,0.087,0.247,45.9
370,Harrison Bader,STL,CF,3,11,1,2,0,0,1,4,2,3,1,0,0.182,0.308,0.455,0.763,44.2
371,Isan Díaz,MIA,2B,4,11,2,2,0,0,1,3,4,2,0,0,0.182,0.375,0.455,0.83,43.9
372,Billy Hamilton,CHW,CF,11,17,3,3,0,0,0,2,2,3,2,0,0.176,0.263,0.176,0.439,43.6
373,Magneuris Sierra,MIA,CF,20,19,5,2,0,0,0,0,3,5,2,0,0.105,0.227,0.105,0.332,43
374,Jake Lamb,CHW,3B,9,21,4,3,0,0,0,0,7,8,0,0,0.143,0.357,0.143,0.5,42.8
375,Matt Joyce,PHI,RF,16,25,2,3,1,0,0,0,7,5,0,0,0.12,0.333,0.16,0.493,42.4
376,Todd Frazier,PIT,3B,8,21,3,1,1,0,0,3,3,5,0,0,0.048,0.231,0.095,0.326,41.1
377,Jacob Nottingham,MIL,C,1,4,2,2,0,0,2,3,0,2,0,0,0.5,0.5,2,2.5,40.9
378,Ryan McKenna,BAL,CF,14,15,5,3,0,1,0,1,2,5,0,0,0.2,0.294,0.333,0.627,40.5
379,Cody Bellinger,LAD,RF,4,19,2,4,1,1,0,2,2,5,0,0,0.211,0.286,0.368,0.654,40.4
379,Chance Sisco,BAL,C,12,34,2,6,1,0,0,2,0,13,0,0,0.176,0.222,0.206,0.428,40.4
381,Nick Heath,ARI,CF,10,26,3,5,1,0,0,1,3,9,0,1,0.192,0.276,0.231,0.507,40.1
381,Ryan Jeffers,MIN,C,11,34,3,5,1,0,0,1,3,18,0,0,0.147,0.216,0.176,0.392,40.1
383,Luis Guillorme,NYM,SS,14,18,2,6,0,0,0,0,5,1,0,0,0.333,0.478,0.333,0.811,39.4
384,Daulton Varsho,ARI,C,5,9,4,4,3,0,0,1,0,1,0,0,0.444,0.444,0.778,1.222,37.3
385,Dexter Fowler,LAA,RF,7,20,3,5,0,0,0,1,1,6,1,0,0.25,0.286,0.25,0.536,37.1
386,Kevin Plawecki,BOS,C,9,28,3,6,2,0,0,0,0,5,0,0,0.214,0.241,0.286,0.527,36.6
386,Daniel Robertson,MIL,3B,18,38,3,4,1,0,0,0,3,13,0,0,0.105,0.19,0.132,0.322,36.6
388,Brent Rooker,MIN,LF,8,29,1,3,1,0,1,2,1,13,0,0,0.103,0.133,0.241,0.374,34.2
389,Alex Avila,WSH,C,6,16,0,2,2,0,0,2,4,4,0,0,0.125,0.333,0.25,0.583,34
390,Ender Inciarte,ATL,CF,12,17,3,5,1,0,0,0,2,3,0,0,0.294,0.368,0.353,0.721,33.6
391,Anthony Alford,PIT,CF,11,24,2,2,0,0,0,0,4,16,1,1,0.083,0.241,0.083,0.324,33.4
392,Ke'Bryan Hayes,PIT,3B,2,5,2,1,0,0,1,2,2,1,0,0,0.2,0.429,0.8,1.229,31.4
393,Lewis Brinson,MIA,CF,15,36,1,6,1,0,0,1,1,8,0,0,0.167,0.189,0.194,0.383,30.7
394,Chad Pinder,OAK,LF,4,10,1,3,0,0,1,2,0,5,0,0,0.3,0.3,0.6,0.9,28.2
394,Ka'ai Tom,PIT,CF,13,23,1,2,0,0,0,2,4,8,0,0,0.087,0.214,0.087,0.301,28.2
396,Jason Vosler,SF,3B,4,8,2,2,1,0,0,1,1,0,1,0,0.25,0.333,0.375,0.708,27.9
397,Tony Wolters,CHC,C,9,16,3,2,0,0,0,0,4,7,0,1,0.125,0.3,0.125,0.425,27.6
398,Scott Schebler,LAA,RF,10,26,2,4,3,0,0,0,0,10,0,0,0.154,0.154,0.269,0.423,27.4
399,Jordy Mercer,WSH,SS,10,22,1,7,1,0,0,0,0,5,0,0,0.318,0.318,0.364,0.682,27.2
399,Sandy León,MIA,C,9,26,1,7,0,0,0,0,1,6,0,0,0.269,0.296,0.269,0.565,27.2
401,Jonathan Lucroy,WSH,C,5,14,0,5,1,0,0,2,0,2,0,0,0.357,0.357,0.429,0.786,25
402,Anthony Bemboom,LAA,C,6,19,1,5,0,0,0,1,1,6,0,0,0.263,0.3,0.263,0.563,24.7
403,Luis Campusano,SD,C,11,34,0,3,0,0,0,1,4,11,0,0,0.088,0.184,0.088,0.272,24.5
404,Alex Jackson,ATL,C,10,23,2,1,0,0,0,0,2,13,0,0,0.043,0.214,0.043,0.257,24.4
405,Ronald Guzmán,TEX,1B,7,16,1,1,0,0,1,1,1,6,0,0,0.062,0.118,0.25,0.368,21.7
406,Adam Haseley,PHI,CF,9,21,2,4,1,0,0,0,0,4,0,0,0.19,0.19,0.238,0.428,21.4
407,Taylor Jones,HOU,1B,3,9,2,2,0,0,0,1,1,1,0,0,0.222,0.3,0.222,0.522,18.9
407,Alexander Goti,HOU,SS,2,6,2,2,0,0,0,1,1,2,0,0,0.333,0.429,0.333,0.762,18.9
409,Tucupita Marcano,SD,2B,10,12,1,2,1,0,0,1,1,1,0,0,0.167,0.231,0.25,0.481,18.7
410,Ben Gamel,CLE,RF,11,14,1,1,1,0,0,0,3,6,0,0,0.071,0.235,0.143,0.378,18.2
410,Edmundo Sosa,STL,SS,8,8,1,2,0,0,0,0,1,2,0,1,0.25,0.455,0.25,0.705,18.2
410,Alan Trejo,COL,SS,11,16,1,3,1,0,0,0,1,4,0,0,0.188,0.235,0.25,0.485,18.2
413,Luke Maile,MIL,C,3,6,1,2,0,0,0,1,1,1,0,0,0.333,0.429,0.333,0.762,15.7
413,Vimael Machín,OAK,2B,6,14,1,1,0,0,0,1,2,4,0,0,0.071,0.188,0.071,0.259,15.7
413,Robel García,HOU,2B,9,12,1,2,0,0,0,1,1,3,0,0,0.167,0.231,0.167,0.398,15.7
416,Nick Williams,CHW,LF,4,10,2,0,0,0,0,0,1,4,0,0,0,0.231,0,0.231,15.4
416,John Nogowski,STL,1B,13,12,2,1,0,0,0,0,1,1,0,0,0.083,0.214,0.083,0.297,15.4
418,Steven Duggar,SF,CF,4,9,1,1,1,0,0,0,2,4,0,0,0.111,0.273,0.222,0.495,15.2
418,Pat Valaika,BAL,3B,9,24,1,3,0,0,0,0,1,4,0,0,0.125,0.16,0.125,0.285,15.2
418,Anderson Tejeda,TEX,SS,5,16,1,1,0,0,0,0,1,10,1,0,0.062,0.118,0.062,0.18,15.2
418,Tomás Nido,NYM,C,6,10,1,1,0,1,0,0,0,1,0,0,0.1,0.182,0.3,0.482,15.2
418,Geraldo Perdomo,ARI,SS,4,10,1,1,0,0,0,0,3,2,0,0,0.1,0.308,0.1,0.408,15.2
423,Austin Romine,CHC,C,6,9,1,1,1,0,0,1,0,3,0,0,0.111,0.111,0.222,0.333,12.7
423,Benjamin Rortvedt,MIN,C,2,5,1,1,0,0,0,1,1,1,0,0,0.2,0.333,0.2,0.533,12.7
425,Cam Gallagher,KC,C,9,18,0,2,1,0,0,1,0,4,0,0,0.111,0.105,0.167,0.272,12.5
426,Tyler Wade,NYY,SS,11,5,2,2,0,0,0,0,0,2,0,0,0.4,0.4,0.4,0.8,12.4
426,Ronnie Dawson,HOU,CF,3,5,2,1,0,0,0,0,1,0,0,0,0.2,0.333,0.2,0.533,12.4
426,Pablo Reyes,MIL,LF,5,13,2,2,0,0,0,0,0,3,0,0,0.154,0.154,0.154,0.308,12.4
429,Hernán Pérez,WSH,2B,10,19,1,1,0,0,0,0,2,10,0,0,0.053,0.143,0.053,0.196,12.2
430,LaMonte Wade Jr.,SF,CF,3,6,0,2,1,0,0,0,1,2,0,0,0.333,0.429,0.5,0.929,12
431,Jose Devers,MIA,SS,5,9,1,1,0,0,0,1,0,4,0,0,0.111,0.1,0.111,0.211,9.7
432,William Contreras,ATL,C,1,3,0,1,0,0,0,1,1,0,0,0,0.333,0.5,0.333,0.833,9.5
433,Albert Almora Jr.,NYM,CF,12,9,1,1,0,0,0,0,1,4,0,0,0.111,0.2,0.111,0.311,9.2
433,M. Payton,CIN,CF,10,7,1,1,0,0,0,0,1,1,0,0,0.143,0.25,0.143,0.393,9.2
433,Ryan McBroom,KC,1B,5,6,1,1,0,0,0,0,1,5,0,0,0.167,0.286,0.167,0.453,9.2
433,JT Riddle,MIN,SS,4,6,1,2,0,0,0,0,0,0,0,0,0.333,0.333,0.333,0.666,9.2
433,Luis Garcia,WSH,SS,6,7,1,1,0,0,0,0,1,3,0,0,0.143,0.25,0.143,0.393,9.2
433,Luis Rengifo,LAA,2B,4,14,1,1,0,0,0,0,1,2,0,0,0.071,0.133,0.071,0.204,9.2
433,Mark Payton,CIN,LF,10,7,1,1,0,0,0,0,1,1,0,0,0.143,0.25,0.143,0.393,9.2
440,Lane Thomas,STL,CF,4,9,0,2,0,0,0,0,1,3,0,0,0.222,0.3,0.222,0.522,9
440,Zack Short,DET,SS,2,5,0,1,0,0,0,0,2,3,0,0,0.2,0.429,0.2,0.629,9
442,Orlando Arcia,MIL,SS,4,11,0,1,0,0,0,1,0,3,0,0,0.091,0.091,0.091,0.182,6.5
443,José Peraza,NYM,SS,1,1,1,1,0,0,0,0,0,0,0,0,1,1,1,2,6.2
443,Braden Bishop,SEA,CF,8,4,1,1,0,0,0,0,0,2,0,0,0.25,0.25,0.25,0.5,6.2
443,Mario Feliciano,MIL,C,1,0,1,0,0,0,0,0,1,0,0,0,0,1,0,1,6.2
443,Corey Ray,MIL,CF,1,2,1,0,0,0,0,0,1,1,0,0,0,0.333,0,0.333,6.2
443,Max Schrock,CIN,2B,5,9,1,1,0,0,0,0,0,5,0,0,0.111,0.111,0.111,0.222,6.2
448,Matt Adams,COL,1B,4,8,0,2,0,0,0,0,0,3,0,0,0.25,0.25,0.25,0.5,6
448,Odúbel Herrera,PHI,CF,7,19,0,1,0,0,0,0,1,4,0,0,0.053,0.1,0.053,0.153,6
448,Kevin Padlo,TB,3B,3,6,0,0,0,0,0,0,2,5,0,0,0,0.25,0,0.25,6
448,Abraham Toro,HOU,3B,6,12,0,1,0,0,0,0,1,0,0,0,0.083,0.154,0.083,0.237,6
452,Travis Blankenhorn,MIN,2B,1,0,1,0,0,0,0,0,0,0,0,0,0,0,0,0,3.2
452,Michael Chavis,BOS,2B,1,0,1,0,0,0,0,0,0,0,0,0,0,0,0,0,3.2
454,Ronald Torreyes,PHI,2B,3,5,0,1,0,0,0,0,0,3,0,0,0.2,0.2,0.2,0.4,3
454,Jon Jay,LAA,CF,2,8,0,1,0,0,0,0,0,2,0,0,0.125,0.125,0.125,0.25,3
454,Johan Camargo,ATL,3B,9,11,0,0,0,0,0,0,1,5,0,0,0,0.083,0,0.083,3
454,Monte Harrison,MIA,CF,3,5,0,1,0,0,0,0,0,1,0,1,0.2,0.2,0.2,0.4,3
454,Scott Kingery,PHI,3B,8,7,0,1,0,0,0,0,0,3,0,0,0.143,0.143,0.143,0.286,3
454,Carter Kieboom,WSH,SS,2,1,0,0,0,0,0,0,1,1,0,0,0,0.5,0,0.5,3
460,Juan Lagares,LAA,CF,2,7,0,0,0,0,0,0,0,1,0,0,0,0,0,0,0
460,Austin Nola,SD,C,2,4,0,0,0,0,0,0,0,1,0,0,0,0,0,0,0
460,Brian O'Grady,SD,1B,1,1,0,0,0,0,0,0,0,0,0,0,0,0,0,0,0
460,Sean Kazmar Jr.,ATL,SS,2,1,0,0,0,0,0,0,0,0,0,0,0,0,0,0,0
460,Skye Bolt,SF,CF,2,1,0,0,0,0,0,0,0,1,0,0,0,0,0,0,0
460,Ildemaro Vargas,CHC,2B,2,2,0,0,0,0,0,0,0,0,0,0,0,0,0,0,0
460,Derek Hill,DET,CF,2,1,0,0,0,0,0,0,0,1,0,0,0,0,0,0,0
460,Tzu-Wei Lin,MIN,2B,1,0,0,0,0,0,0,0,0,0,0,0,0,0,0,0,0
460,DJ Peters,LAD,CF,3,5,0,0,0,0,0,0,0,4,0,0,0,0,0,0,0
460,Garrett Stubbs,HOU,C,1,0,0,0,0,0,0,0,0,0,0,0,0,0,0,0,0
460,Joseph Odom,TB,C,2,2,0,0,0,0,0,0,0,1,0,0,0,0,0,0,0
460,Jack Mayfield,LAA,2B,2,3,0,0,0,0,0,0,0,2,0,0,0,0,0,0,0
460,Daniel Johnson,CLE,RF,2,9,0,0,0,0,0,0,0,5,0,0,0,0,0,0,0
460,Luis González,CHW,CF,1,0,0,0,0,0,0,0,0,0,0,0,0,0,0,0,0
460,Scott Hurst,STL,OF,7,5,0,0,0,0,0,0,0,1,0,0,0,0,0,0,0
460,Tres Barrera,WSH,C,1,2,0,0,0,0,0,0,0,1,0,0,0,0,0,0,0
460,Rodolfo Castro,PIT,2B,1,3,0,0,0,0,0,0,0,1,0,0,0,0,0,0,0
460,Cody Wilson,WSH,CF,1,1,0,0,0,0,0,0,0,0,0,0,0,0,0,0,0