Name,Team,POS,GMS,AB,R,H,2B,3B,HR,RBI,BB,SO,SB,CS,TB,AVG,OBP,SLG,OPS,ISO,PTS,FPPG
Cody Bellinger,LAD,CF,212.0,771.0,154.0,221.0,44.0,3.0,59.0,145.0,125.0,150.0,21.0,6.0,448.0,0.2866,0.3862,0.5811,0.9673,0.2945,2854.2999999999997,13.463679245283018
Ronald Acuna,ATL,CF,156.0,626.0,127.0,175.0,22.0,2.0,41.0,101.0,76.0,188.0,37.0,9.0,324.0,0.2796,0.3575,0.5176,0.8751,0.238,2208.9,14.159615384615385
Alex Bregman,HOU,3B,199.0,707.0,141.0,201.0,49.0,3.0,47.0,134.0,143.0,109.0,5.0,1.0,397.0,0.2843,0.4047,0.5615,0.9662,0.2772,2603.2000000000003,13.08140703517588
Anthony Rendon,WSH,3B,198.0,734.0,146.0,228.0,55.0,4.0,43.0,157.0,118.0,117.0,5.0,1.0,420.0,0.3106,0.4061,0.5722,0.9783,0.2616,2711.7,13.695454545454545
Rafael Devers,BOS,3B,213.0,879.0,161.0,262.0,70.0,5.0,43.0,158.0,61.0,186.0,8.0,8.0,471.0,0.2981,0.3436,0.5358,0.8794,0.2377,2733.2000000000003,12.83192488262911
Christian Yelich,MIL,RF,189.0,689.0,139.0,202.0,36.0,4.0,56.0,119.0,126.0,194.0,34.0,5.0,414.0,0.2932,0.4025,0.6009,1.0034,0.3077,2712.3,14.350793650793651
Freddie Freeman,ATL,1B,219.0,811.0,164.0,249.0,57.0,3.0,51.0,174.0,132.0,164.0,8.0,3.0,465.0,0.307,0.404,0.5734,0.9774,0.2664,2999.8,13.69771689497717
Peter Alonso,NYM,1B,161.0,597.0,103.0,155.0,30.0,2.0,53.0,120.0,72.0,183.0,1.0,0.0,348.0,0.2596,0.3393,0.5829,0.9222,0.3233,2078.6,12.91055900621118
Marcus Semien,OAK,SS,215.0,867.0,151.0,234.0,52.0,8.0,40.0,115.0,112.0,152.0,14.0,8.0,422.0,0.2699,0.3534,0.4867,0.8401,0.2168,2577.7,11.989302325581395
Mike Trout,LAA,CF,189.0,669.0,151.0,193.0,36.0,4.0,62.0,150.0,145.0,176.0,12.0,3.0,423.0,0.2885,0.4152,0.6323,1.0475,0.3438,2841.2,15.032804232804232
Mookie Betts,BOS,RF,206.0,816.0,182.0,240.0,49.0,6.0,45.0,119.0,121.0,139.0,26.0,5.0,436.0,0.2941,0.3853,0.5343,0.9196,0.2402,2840.9,13.790776699029127
Xander Bogaerts,BOS,SS,211.0,817.0,146.0,251.0,60.0,0.0,44.0,145.0,97.0,163.0,12.0,2.0,443.0,0.3072,0.3807,0.5422,0.9229,0.235,2672.7,12.666824644549763
Juan Soto,WSH,LF,199.0,696.0,149.0,207.0,46.0,5.0,47.0,147.0,149.0,160.0,18.0,3.0,404.0,0.2974,0.4213,0.5805,1.0018,0.2831,2770.3,13.921105527638192
Bryce Harper,PHI,RF,215.0,763.0,139.0,200.0,45.0,3.0,48.0,147.0,148.0,221.0,23.0,5.0,395.0,0.2621,0.382,0.5177,0.8997,0.2556,2750.3,12.792093023255815
Jorge Soler,KC,RF,205.0,738.0,112.0,190.0,41.0,1.0,56.0,141.0,92.0,238.0,3.0,1.0,401.0,0.2575,0.3398,0.5434,0.8832,0.2859,2387.9,11.64829268292683
Nolan Arenado,COL,3B,203.0,770.0,125.0,231.0,40.0,2.0,49.0,144.0,77.0,113.0,3.0,1.0,422.0,0.3,0.3636,0.5481,0.9117,0.2481,2431.0,11.975369458128078
Trevor Story,COL,SS,204.0,823.0,152.0,241.0,51.0,9.0,46.0,113.0,82.0,237.0,38.0,11.0,448.0,0.2928,0.3569,0.5443,0.9012,0.2515,2720.9,13.337745098039216
Carlos Santana,CLE,1B,219.0,779.0,144.0,202.0,37.0,1.0,42.0,123.0,155.0,151.0,4.0,0.0,367.0,0.2593,0.3822,0.4711,0.8533,0.2118,2493.3,11.384931506849316
Jonathan Villar,BAL,2B,214.0,827.0,124.0,219.0,37.0,5.0,26.0,88.0,80.0,230.0,56.0,15.0,344.0,0.2648,0.3297,0.416,0.7457,0.1512,2324.8,10.86355140186916
Eugenio Suarez,CIN,3B,159.0,575.0,87.0,156.0,22.0,2.0,49.0,103.0,70.0,189.0,3.0,2.0,329.0,0.2713,0.3504,0.5722,0.9226,0.3009,1886.9,11.867295597484278
J.D. Martinez,BOS,LF,202.0,786.0,120.0,220.0,49.0,2.0,43.0,132.0,94.0,197.0,3.0,0.0,402.0,0.2799,0.3568,0.5115,0.8683,0.2316,2370.0,11.732673267326733
Eduardo Escobar,ARI,3B,212.0,839.0,116.0,214.0,36.0,13.0,39.0,138.0,65.0,171.0,6.0,1.0,393.0,0.2551,0.3086,0.4684,0.777,0.2133,2279.2,10.750943396226415
Ketel Marte,ARI,2B,190.0,750.0,116.0,239.0,50.0,10.0,34.0,109.0,60.0,107.0,11.0,2.0,411.0,0.3187,0.3691,0.548,0.9171,0.2293,2255.7000000000003,11.872105263157897
Trey Mancini,BAL,RF,154.0,602.0,106.0,175.0,38.0,2.0,35.0,97.0,63.0,143.0,1.0,0.0,322.0,0.2907,0.3579,0.5349,0.8928,0.2442,1866.7,12.121428571428572
Ozzie Albies,ATL,2B,189.0,758.0,123.0,221.0,48.0,8.0,30.0,105.0,59.0,142.0,18.0,5.0,375.0,0.2916,0.3427,0.4947,0.8374,0.2031,2186.1,11.566666666666666
Josh Bell,PIT,1B,200.0,722.0,116.0,190.0,40.0,3.0,45.0,138.0,96.0,177.0,0.0,1.0,371.0,0.2632,0.3496,0.5139,0.8635,0.2507,2276.2,11.380999999999998
Josh Donaldson,ATL,3B,185.0,630.0,110.0,160.0,35.0,0.0,43.0,105.0,118.0,179.0,4.0,2.0,324.0,0.254,0.3717,0.5143,0.886,0.2603,2099.5,11.348648648648648
Charlie Blackmon,COL,RF,199.0,801.0,143.0,249.0,54.0,8.0,38.0,128.0,59.0,148.0,4.0,6.0,433.0,0.3109,0.3581,0.5406,0.8987,0.2297,2438.6000000000004,12.25427135678392
Jose Abreu,CHW,1B,159.0,634.0,85.0,180.0,38.0,1.0,33.0,123.0,36.0,152.0,2.0,2.0,319.0,0.2839,0.3224,0.5032,0.8256,0.2193,1818.5,11.437106918238994
DJ LeMahieu,NYY,1B,195.0,797.0,150.0,268.0,43.0,4.0,36.0,129.0,64.0,111.0,8.0,2.0,427.0,0.3363,0.3856,0.5358,0.9214,0.1995,2464.5,12.638461538461538
Whit Merrifield,KC,2B,222.0,929.0,143.0,276.0,53.0,10.0,25.0,104.0,57.0,159.0,32.0,12.0,424.0,0.2971,0.3377,0.4564,0.7941,0.1593,2483.6,11.187387387387387
Francisco Lindor,CLE,SS,203.0,834.0,131.0,231.0,53.0,2.0,40.0,101.0,70.0,139.0,28.0,7.0,408.0,0.277,0.333,0.4892,0.8222,0.2122,2395.7,11.801477832512314
Matt Chapman,OAK,3B,193.0,724.0,123.0,177.0,45.0,5.0,46.0,116.0,81.0,201.0,1.0,1.0,370.0,0.2445,0.3205,0.511,0.8315,0.2665,2194.6,11.37098445595855
Paul Goldschmidt,STL,1B,219.0,788.0,128.0,213.0,38.0,1.0,40.0,118.0,115.0,209.0,4.0,1.0,373.0,0.2703,0.3632,0.4734,0.8366,0.2031,2319.6000000000004,10.59178082191781
Kris Bryant,CHC,3B,182.0,674.0,128.0,180.0,40.0,2.0,35.0,88.0,86.0,185.0,4.0,0.0,329.0,0.2671,0.35,0.4881,0.8381,0.221,2043.6,11.228571428571428
Jorge Polanco,MIN,SS,208.0,840.0,129.0,240.0,48.0,7.0,26.0,98.0,73.0,151.0,8.0,4.0,380.0,0.2857,0.3428,0.4524,0.7952,0.1667,2177.8,10.470192307692308
George Springer,HOU,CF,173.0,668.0,133.0,190.0,26.0,5.0,53.0,128.0,91.0,151.0,7.0,4.0,385.0,0.2844,0.3702,0.5763,0.9465,0.2919,2376.6,13.737572254335259
Michael Conforto,NYM,RF,205.0,751.0,130.0,206.0,41.0,1.0,42.0,123.0,108.0,206.0,10.0,5.0,375.0,0.2743,0.3655,0.4993,0.8648,0.225,2406.5,11.739024390243902
Rhys Hoskins,PHI,1B,201.0,721.0,121.0,166.0,42.0,5.0,39.0,111.0,145.0,216.0,3.0,1.0,335.0,0.2302,0.3591,0.4646,0.8237,0.2344,2281.7,11.351741293532337
Max Muncy,LAD,2B,200.0,690.0,137.0,161.0,26.0,1.0,47.0,125.0,129.0,209.0,5.0,1.0,330.0,0.2333,0.3541,0.4783,0.8324,0.245,2318.9,11.5945
Anthony Rizzo,CHC,1B,204.0,715.0,115.0,195.0,35.0,3.0,38.0,118.0,99.0,124.0,8.0,2.0,350.0,0.2727,0.3612,0.4895,0.8507,0.2168,2287.0,11.21078431372549
Austin Meadows,TB,LF,175.0,662.0,102.0,181.0,37.0,8.0,37.0,102.0,71.0,181.0,14.0,7.0,345.0,0.2734,0.3438,0.5211,0.8649,0.2477,2039.3999999999999,11.653714285714285
Yuli Gurriel,HOU,1B,203.0,775.0,112.0,217.0,52.0,3.0,37.0,126.0,49.0,92.0,5.0,3.0,386.0,0.28,0.3228,0.4981,0.8209,0.2181,2155.4,10.617733990147784
Nelson Cruz,MIN,DH,173.0,639.0,114.0,197.0,32.0,0.0,57.0,141.0,81.0,189.0,0.0,1.0,400.0,0.3083,0.3861,0.626,1.0121,0.3177,2334.3,13.49306358381503
Nicholas Castellanos,CHC,RF,155.0,615.0,100.0,178.0,58.0,3.0,27.0,73.0,41.0,143.0,2.0,2.0,323.0,0.2894,0.3338,0.5252,0.859,0.2358,1694.5,10.932258064516128
Starling Marte,PIT,CF,194.0,767.0,133.0,223.0,45.0,7.0,29.0,109.0,37.0,135.0,35.0,8.0,369.0,0.2907,0.3234,0.4811,0.8045,0.1904,2310.1000000000004,11.907731958762888
Gleyber Torres,NYY,2B,186.0,682.0,113.0,185.0,34.0,0.0,41.0,106.0,70.0,157.0,6.0,2.0,342.0,0.2713,0.3391,0.5015,0.8406,0.2302,2019.6,10.858064516129032
Kyle Schwarber,CHC,LF,214.0,720.0,112.0,168.0,35.0,3.0,49.0,116.0,100.0,222.0,3.0,3.0,356.0,0.2333,0.3268,0.4944,0.8212,0.2611,2174.4,10.160747663551403
Tommy Pham,TB,LF,177.0,676.0,90.0,178.0,35.0,2.0,24.0,80.0,96.0,150.0,31.0,6.0,289.0,0.2633,0.3549,0.4275,0.7824,0.1642,1927.0,10.887005649717514
Shin-Soo Choo,TEX,LF,184.0,673.0,106.0,175.0,34.0,2.0,29.0,76.0,91.0,198.0,21.0,3.0,300.0,0.26,0.3482,0.4458,0.794,0.1858,1964.1999999999998,10.674999999999999
Michael Brantley,HOU,LF,194.0,745.0,112.0,230.0,55.0,2.0,27.0,112.0,68.0,94.0,5.0,2.0,370.0,0.3087,0.3665,0.4966,0.8631,0.1879,2115.4,10.904123711340207
Max Kepler,MIN,CF,184.0,695.0,125.0,171.0,41.0,0.0,45.0,113.0,82.0,135.0,4.0,5.0,347.0,0.246,0.3256,0.4993,0.8249,0.2533,2136.5,11.611413043478262
Paul DeJong,STL,SS,204.0,735.0,114.0,174.0,37.0,1.0,33.0,103.0,79.0,199.0,10.0,5.0,312.0,0.2367,0.3108,0.4245,0.7353,0.1878,2000.3000000000002,9.805392156862746
Trea Turner,WSH,SS,181.0,754.0,142.0,233.0,52.0,9.0,31.0,98.0,65.0,149.0,47.0,9.0,396.0,0.309,0.3639,0.5252,0.8891,0.2162,2477.4,13.687292817679559
Yasmani Grandal,MIL,C,199.0,674.0,106.0,163.0,33.0,2.0,36.0,104.0,139.0,197.0,5.0,1.0,308.0,0.2418,0.3715,0.457,0.8285,0.2152,2092.2,10.513567839195979
Manny Machado,SD,3B,216.0,811.0,125.0,218.0,33.0,3.0,48.0,132.0,91.0,165.0,11.0,7.0,401.0,0.2688,0.3426,0.4945,0.8371,0.2257,2422.0,11.212962962962964
Eddie Rosario,MIN,RF,194.0,772.0,122.0,209.0,35.0,1.0,45.0,151.0,41.0,120.0,6.0,2.0,381.0,0.2707,0.3075,0.4935,0.801,0.2228,2220.9,11.447938144329898
Kole Calhoun,LAA,RF,206.0,742.0,127.0,171.0,38.0,1.0,49.0,114.0,98.0,212.0,5.0,2.0,358.0,0.2305,0.3202,0.4825,0.8027,0.252,2242.4,10.885436893203885
Javier Baez,CHC,SS,200.0,753.0,116.0,194.0,47.0,5.0,37.0,109.0,35.0,231.0,14.0,7.0,362.0,0.2576,0.2906,0.4807,0.7713,0.2231,2039.6999999999998,10.1985
Yoan Moncada,CHW,3B,132.0,511.0,83.0,161.0,34.0,5.0,25.0,79.0,40.0,154.0,10.0,3.0,280.0,0.3151,0.3648,0.5479,0.9127,0.2328,1574.1,11.924999999999999
J.T. Realmuto,PHI,C,192.0,711.0,125.0,194.0,42.0,3.0,36.0,115.0,57.0,171.0,13.0,2.0,350.0,0.2729,0.3268,0.4923,0.8191,0.2194,2134.5,11.1171875
Yasiel Puig,CLE,RF,150.0,555.0,76.0,148.0,30.0,2.0,24.0,84.0,44.0,133.0,19.0,7.0,254.0,0.2667,0.3205,0.4577,0.7782,0.191,1569.2,10.461333333333334
Mike Moustakas,MIL,2B,187.0,662.0,93.0,165.0,39.0,1.0,43.0,114.0,71.0,134.0,4.0,0.0,335.0,0.2492,0.322,0.506,0.828,0.2568,1968.6,10.527272727272727
Christian Walker,ARI,1B,209.0,747.0,121.0,196.0,44.0,2.0,36.0,107.0,86.0,205.0,9.0,2.0,352.0,0.2624,0.3385,0.4712,0.8097,0.2088,2156.7,10.31913875598086
Adam Eaton,WSH,RF,192.0,725.0,125.0,194.0,36.0,8.0,19.0,66.0,77.0,138.0,18.0,3.0,303.0,0.2676,0.3379,0.4179,0.7558,0.1503,1921.0,10.005208333333334
Jeff McNeil,NYM,LF,185.0,693.0,102.0,219.0,52.0,1.0,27.0,98.0,55.0,99.0,5.0,8.0,354.0,0.316,0.3663,0.5108,0.8771,0.1948,1998.3999999999999,10.802162162162162
Hunter Dozier,KC,3B,183.0,681.0,104.0,182.0,33.0,12.0,32.0,96.0,82.0,196.0,6.0,2.0,335.0,0.2673,0.346,0.4919,0.8379,0.2246,1967.8,10.753005464480873
Victor Robles,WSH,CF,208.0,714.0,106.0,176.0,38.0,4.0,20.0,80.0,44.0,193.0,32.0,10.0,282.0,0.2465,0.2902,0.395,0.6852,0.1485,1891.2,9.092307692307692
Jose Altuve,HOU,2B,124.0,500.0,89.0,149.0,27.0,3.0,31.0,74.0,41.0,82.0,6.0,5.0,275.0,0.298,0.3512,0.55,0.9012,0.252,1536.8,12.393548387096773
Kevin Pillar,SF,CF,215.0,819.0,117.0,218.0,49.0,6.0,27.0,114.0,31.0,130.0,19.0,7.0,360.0,0.2662,0.2929,0.4396,0.7325,0.1734,2093.3999999999996,9.73674418604651
Matt Olson,OAK,1B,187.0,692.0,101.0,170.0,30.0,1.0,50.0,133.0,85.0,215.0,1.0,0.0,352.0,0.2457,0.3282,0.5087,0.8369,0.263,2144.7,11.468983957219251
Danny Santana,TEX,2B,145.0,529.0,87.0,142.0,27.0,6.0,29.0,88.0,32.0,175.0,23.0,5.0,268.0,0.2684,0.3102,0.5066,0.8168,0.2382,1642.4,11.326896551724138
Elvis Andrus,TEX,SS,176.0,703.0,92.0,185.0,32.0,4.0,15.0,79.0,42.0,111.0,34.0,10.0,270.0,0.2632,0.3047,0.3841,0.6888,0.1209,1722.9,9.789204545454545
Marcell Ozuna,STL,LF,191.0,713.0,118.0,195.0,37.0,1.0,47.0,145.0,100.0,174.0,12.0,2.0,375.0,0.2735,0.3629,0.5259,0.8888,0.2524,2385.1,12.487434554973822
Jose Ramirez,CLE,3B,129.0,482.0,68.0,123.0,33.0,3.0,23.0,83.0,52.0,74.0,24.0,4.0,231.0,0.2552,0.3277,0.4793,0.807,0.2241,1507.1,11.682945736434108
Amed Rosario,NYM,SS,203.0,759.0,95.0,213.0,33.0,8.0,19.0,87.0,35.0,158.0,19.0,12.0,319.0,0.2806,0.3123,0.4203,0.7326,0.1397,1793.5,8.834975369458128
Brett Gardner,NYY,LF,191.0,621.0,106.0,152.0,31.0,8.0,33.0,89.0,78.0,143.0,13.0,4.0,298.0,0.2448,0.329,0.4799,0.8089,0.2351,1871.7,9.799476439790576
Rougned Odor,TEX,2B,184.0,660.0,92.0,130.0,34.0,1.0,40.0,123.0,59.0,225.0,11.0,10.0,286.0,0.197,0.2629,0.4333,0.6962,0.2363,1843.9,10.021195652173914
Eric Hosmer,SD,1B,200.0,762.0,95.0,205.0,35.0,2.0,31.0,135.0,49.0,191.0,4.0,3.0,337.0,0.269,0.3132,0.4423,0.7555,0.1733,1973.5,9.8675
Nick Ahmed,ARI,SS,216.0,755.0,108.0,194.0,42.0,8.0,24.0,111.0,70.0,159.0,12.0,2.0,324.0,0.257,0.32,0.4291,0.7491,0.1721,2000.1,9.259722222222221
Renato Nunez,BAL,1B,151.0,541.0,72.0,132.0,24.0,0.0,31.0,90.0,44.0,143.0,1.0,1.0,249.0,0.244,0.3009,0.4603,0.7612,0.2163,1460.4,9.671523178807947
Randal Grichuk,TOR,CF,206.0,802.0,113.0,195.0,38.0,5.0,43.0,115.0,48.0,212.0,3.0,3.0,372.0,0.2431,0.2859,0.4638,0.7497,0.2207,2057.1,9.985922330097086
Starlin Castro,MIA,2B,178.0,696.0,77.0,188.0,34.0,5.0,24.0,90.0,31.0,124.0,2.0,2.0,304.0,0.2701,0.3012,0.4368,0.738,0.1667,1587.3999999999999,8.917977528089887
Cesar Hernandez,PHI,2B,161.0,612.0,77.0,171.0,31.0,3.0,14.0,71.0,45.0,100.0,9.0,2.0,250.0,0.2794,0.3288,0.4085,0.7373,0.1291,1451.9,9.018012422360249
Joc Pederson,LAD,RF,192.0,571.0,104.0,135.0,20.0,3.0,43.0,90.0,61.0,145.0,2.0,1.0,290.0,0.2364,0.3101,0.5079,0.818,0.2715,1763.8,9.186458333333333
Justin Turner,LAD,3B,178.0,629.0,106.0,185.0,33.0,1.0,31.0,90.0,69.0,114.0,3.0,0.0,313.0,0.2941,0.3639,0.4976,0.8615,0.2035,1878.2,10.551685393258428
Andrew Benintendi,BOS,LF,152.0,580.0,76.0,148.0,41.0,5.0,13.0,69.0,70.0,157.0,11.0,5.0,238.0,0.2552,0.3354,0.4103,0.7457,0.1551,1498.7,9.859868421052632
Corey Seager,LAD,SS,187.0,701.0,120.0,198.0,56.0,2.0,34.0,128.0,61.0,135.0,2.0,0.0,360.0,0.2825,0.3399,0.5136,0.8535,0.2311,2122.0,11.3475935828877
Edwin Encarnacion,NYY,DH,111.0,418.0,81.0,102.0,18.0,0.0,34.0,86.0,58.0,103.0,0.0,1.0,222.0,0.244,0.3361,0.5311,0.8672,0.2871,1421.2,12.803603603603603
Bryan Reynolds,PIT,LF,190.0,676.0,107.0,189.0,43.0,6.0,23.0,87.0,67.0,178.0,4.0,3.0,313.0,0.2796,0.3445,0.463,0.8075,0.1834,1831.8999999999999,9.641578947368421
Alex Gordon,KC,LF,200.0,719.0,92.0,182.0,35.0,1.0,17.0,87.0,69.0,137.0,5.0,4.0,270.0,0.2531,0.3185,0.3755,0.694,0.1224,1711.9,8.5595
Franmil Reyes,CLE,RF,210.0,705.0,96.0,181.0,29.0,0.0,46.0,115.0,71.0,225.0,0.0,0.0,348.0,0.2567,0.3247,0.4936,0.8183,0.2369,1969.6999999999998,9.379523809523809
Jason Heyward,CHC,RF,198.0,660.0,98.0,168.0,26.0,6.0,27.0,84.0,98.0,147.0,10.0,3.0,287.0,0.2545,0.3509,0.4348,0.7857,0.1803,1843.6,9.31111111111111
Daniel Vogelbach,SEA,1B,183.0,577.0,89.0,120.0,20.0,0.0,36.0,92.0,112.0,182.0,0.0,1.0,248.0,0.208,0.3367,0.4298,0.7665,0.2218,1695.8,9.266666666666666
Ryan Braun,MIL,LF,183.0,588.0,84.0,161.0,38.0,3.0,30.0,101.0,41.0,132.0,12.0,1.0,295.0,0.2738,0.3211,0.5017,0.8228,0.2279,1732.3,9.466120218579235
Mark Canha,OAK,CF,185.0,600.0,112.0,159.0,28.0,5.0,31.0,92.0,104.0,160.0,7.0,1.0,290.0,0.265,0.3736,0.4833,0.8569,0.2183,1988.4,10.74810810810811
Tim Anderson,CHW,SS,175.0,706.0,126.0,234.0,43.0,1.0,28.0,77.0,25.0,159.0,22.0,7.0,363.0,0.3314,0.3543,0.5142,0.8685,0.1828,1983.7,11.335428571428572
Ryan McMahon,COL,2B,193.0,652.0,93.0,157.0,28.0,2.0,33.0,109.0,74.0,226.0,5.0,2.0,288.0,0.2408,0.3182,0.4417,0.7599,0.2009,1804.1,9.347668393782383
Jean Segura,PHI,SS,200.0,768.0,107.0,212.0,42.0,6.0,19.0,85.0,53.0,118.0,12.0,5.0,323.0,0.276,0.3228,0.4206,0.7434,0.1446,1866.9,9.3345
Brandon Belt,SF,1B,208.0,675.0,101.0,169.0,45.0,4.0,26.0,87.0,113.0,163.0,4.0,4.0,300.0,0.2504,0.3579,0.4444,0.8023,0.194,1899.7,9.133173076923077
Ramon Laureano,OAK,RF,123.0,434.0,79.0,125.0,29.0,0.0,24.0,67.0,27.0,123.0,13.0,1.0,226.0,0.288,0.3297,0.5207,0.8504,0.2327,1357.3,11.034959349593496
Miguel Sano,MIN,3B,105.0,380.0,76.0,94.0,19.0,2.0,34.0,79.0,55.0,159.0,0.0,1.0,219.0,0.2474,0.3425,0.5763,0.9188,0.3289,1350.7,12.863809523809524
Dexter Fowler,STL,CF,181.0,577.0,83.0,137.0,26.0,1.0,23.0,82.0,84.0,170.0,9.0,6.0,234.0,0.2374,0.3343,0.4055,0.7398,0.1681,1587.6,8.771270718232044
David Fletcher,LAA,3B,203.0,803.0,114.0,239.0,43.0,4.0,9.0,67.0,75.0,89.0,10.0,4.0,317.0,0.2976,0.3576,0.3948,0.7524,0.0972,1835.3,9.04088669950739
Joey Votto,CIN,1B,199.0,711.0,111.0,179.0,40.0,1.0,26.0,69.0,113.0,166.0,5.0,0.0,299.0,0.2518,0.3544,0.4205,0.7749,0.1687,1874.6999999999998,9.420603015075375
Asdrubal Cabrera,WSH,2B,132.0,447.0,69.0,116.0,25.0,1.0,18.0,91.0,57.0,103.0,4.0,1.0,197.0,0.2595,0.3433,0.4407,0.784,0.1812,1334.3,10.108333333333333
Kolten Wong,STL,2B,201.0,659.0,87.0,184.0,29.0,6.0,12.0,75.0,67.0,113.0,29.0,7.0,261.0,0.2792,0.3457,0.3961,0.7418,0.1169,1749.9,8.705970149253732
Eloy Jimenez,CHW,LF,123.0,468.0,69.0,125.0,18.0,2.0,31.0,79.0,30.0,134.0,0.0,0.0,240.0,0.2671,0.3112,0.5128,0.824,0.2457,1319.3,10.726016260162602
Dansby Swanson,ATL,SS,188.0,720.0,126.0,186.0,41.0,3.0,27.0,100.0,73.0,195.0,15.0,4.0,314.0,0.2583,0.3266,0.4361,0.7627,0.1778,2031.2,10.804255319148936
Jackie Bradley Jr.,BOS,CF,203.0,685.0,101.0,165.0,39.0,3.0,28.0,84.0,79.0,203.0,13.0,8.0,294.0,0.2409,0.3194,0.4292,0.7486,0.1883,1856.1999999999998,9.143842364532018
Lorenzo Cain,MIL,CF,153.0,580.0,79.0,152.0,31.0,0.0,11.0,50.0,53.0,108.0,18.0,8.0,216.0,0.2621,0.3239,0.3724,0.6963,0.1103,1360.8,8.894117647058824
Freddy Galvis,CIN,SS,195.0,698.0,85.0,176.0,33.0,1.0,30.0,86.0,41.0,175.0,5.0,3.0,301.0,0.2521,0.2936,0.4312,0.7248,0.1791,1647.0,8.446153846153846
Avisail Garcia,TB,RF,126.0,489.0,61.0,138.0,25.0,2.0,20.0,72.0,31.0,125.0,10.0,4.0,227.0,0.2822,0.325,0.4642,0.7892,0.182,1302.2,10.334920634920636
Mallex Smith,SEA,CF,148.0,555.0,72.0,122.0,21.0,9.0,6.0,40.0,44.0,154.0,48.0,11.0,179.0,0.2198,0.2771,0.3225,0.5996,0.1027,1360.4,9.191891891891892
Adam Frazier,PIT,2B,211.0,763.0,102.0,202.0,40.0,7.0,17.0,73.0,57.0,110.0,6.0,8.0,307.0,0.2647,0.3159,0.4024,0.7183,0.1377,1745.9,8.27440758293839
Giovanny Urshela,NYY,3B,132.0,442.0,73.0,139.0,34.0,0.0,21.0,74.0,25.0,87.0,1.0,1.0,236.0,0.3145,0.3512,0.5339,0.8851,0.2194,1299.6,9.845454545454544
Albert Pujols,LAA,1B,170.0,643.0,70.0,154.0,30.0,0.0,29.0,118.0,52.0,93.0,3.0,0.0,271.0,0.2395,0.2964,0.4215,0.7179,0.182,1636.0,9.623529411764705
Luke Voit,NYY,1B,174.0,642.0,113.0,172.0,26.0,1.0,43.0,114.0,88.0,196.0,0.0,0.0,329.0,0.2679,0.3562,0.5125,0.8687,0.2446,2047.6000000000001,11.767816091954023
Kevin Newman,PIT,SS,174.0,649.0,73.0,187.0,25.0,6.0,13.0,74.0,40.0,83.0,16.0,10.0,263.0,0.2881,0.3295,0.4052,0.7347,0.1171,1521.6000000000001,8.744827586206897
Christian Vazquez,BOS,C,138.0,482.0,66.0,133.0,26.0,1.0,23.0,72.0,33.0,101.0,4.0,2.0,230.0,0.2759,0.3223,0.4772,0.7995,0.2013,1276.2,9.247826086956522
Aaron Judge,NYY,RF,130.0,479.0,98.0,129.0,21.0,1.0,36.0,77.0,74.0,173.0,3.0,3.0,260.0,0.2693,0.3671,0.5428,0.9099,0.2735,1618.1,12.446923076923076
Leury Garcia,CHW,CF,143.0,577.0,93.0,161.0,27.0,3.0,8.0,40.0,21.0,139.0,15.0,5.0,218.0,0.279,0.3043,0.3778,0.6821,0.0988,1262.6,8.82937062937063
Brian Anderson,MIA,3B,185.0,659.0,84.0,171.0,40.0,2.0,31.0,104.0,66.0,180.0,5.0,2.0,308.0,0.2595,0.3269,0.4674,0.7943,0.2079,1844.8000000000002,9.971891891891893
Scott Kingery,PHI,2B,162.0,571.0,76.0,136.0,39.0,4.0,22.0,61.0,43.0,182.0,15.0,4.0,249.0,0.2382,0.2915,0.4361,0.7276,0.1979,1440.7,8.89320987654321
Hunter Renfroe,SD,RF,184.0,562.0,82.0,114.0,24.0,1.0,41.0,86.0,60.0,191.0,7.0,0.0,263.0,0.2028,0.2797,0.468,0.7477,0.2652,1586.4,8.621739130434783
Willy Adames,TB,SS,207.0,716.0,98.0,183.0,40.0,2.0,28.0,75.0,66.0,227.0,7.0,3.0,311.0,0.2556,0.3184,0.4344,0.7528,0.1788,1758.1,8.493236714975845
Adalberto Mondesi,KC,SS,161.0,634.0,91.0,165.0,31.0,13.0,15.0,84.0,30.0,202.0,67.0,15.0,267.0,0.2603,0.2937,0.4211,0.7148,0.1608,1881.1999999999998,11.68447204968944
Domingo Santana,SEA,LF,146.0,521.0,69.0,125.0,23.0,1.0,23.0,81.0,63.0,189.0,8.0,2.0,219.0,0.2399,0.3219,0.4203,0.7422,0.1804,1407.3,9.639041095890411
Gary Sanchez,NYY,C,106.0,396.0,62.0,92.0,12.0,1.0,34.0,77.0,40.0,125.0,0.0,1.0,208.0,0.2323,0.3028,0.5253,0.8281,0.293,1238.9,11.687735849056605
Yordan Alvarez,HOU,DH,89.0,321.0,60.0,100.0,26.0,0.0,28.0,82.0,52.0,95.0,0.0,0.0,210.0,0.3115,0.4075,0.6542,1.0617,0.3427,1274.0,14.314606741573034
Eric Thames,MIL,1B,190.0,519.0,77.0,123.0,28.0,2.0,28.0,73.0,65.0,182.0,4.0,3.0,239.0,0.237,0.3219,0.4605,0.7824,0.2235,1476.9,7.773157894736842
Jurickson Profar,OAK,2B,195.0,639.0,93.0,150.0,30.0,2.0,27.0,92.0,63.0,103.0,16.0,2.0,265.0,0.2347,0.3034,0.4147,0.7181,0.18,1735.6,8.90051282051282
C.J. Cron,MIN,1B,138.0,500.0,60.0,124.0,27.0,0.0,29.0,86.0,38.0,123.0,0.0,1.0,238.0,0.248,0.3011,0.476,0.7771,0.228,1354.0,9.81159420289855
J.D. Davis,NYM,3B,196.0,600.0,91.0,173.0,31.0,1.0,28.0,76.0,69.0,153.0,3.0,0.0,290.0,0.2883,0.3617,0.4833,0.845,0.195,1682.2,8.582653061224491
Ian Desmond,COL,CF,140.0,443.0,64.0,113.0,31.0,4.0,20.0,65.0,34.0,119.0,3.0,3.0,212.0,0.2551,0.3082,0.4786,0.7868,0.2235,1194.3,8.530714285714286
Evan Longoria,SF,3B,183.0,646.0,85.0,164.0,29.0,3.0,27.0,97.0,54.0,151.0,3.0,3.0,280.0,0.2539,0.3114,0.4334,0.7448,0.1795,1658.5,9.062841530054644
Todd Frazier,NYM,3B,178.0,604.0,79.0,149.0,28.0,3.0,25.0,79.0,51.0,148.0,2.0,3.0,258.0,0.2467,0.3053,0.4272,0.7325,0.1805,1516.3,8.518539325842696
Mitch Garver,MIN,C,116.0,383.0,78.0,97.0,17.0,1.0,33.0,72.0,48.0,124.0,0.0,0.0,215.0,0.2533,0.3364,0.5614,0.8978,0.3081,1308.6,11.28103448275862
Oscar Mercado,CLE,CF,151.0,524.0,76.0,129.0,26.0,3.0,16.0,60.0,33.0,111.0,18.0,5.0,209.0,0.2462,0.2908,0.3989,0.6897,0.1527,1302.2,8.623841059602649
Nomar Mazara,TEX,RF,159.0,565.0,82.0,146.0,33.0,1.0,20.0,81.0,38.0,152.0,4.0,2.0,241.0,0.2584,0.3051,0.4265,0.7316,0.1681,1433.8999999999999,9.01823899371069
Ji-Man Choi,TB,1B,169.0,532.0,70.0,135.0,33.0,2.0,22.0,79.0,84.0,144.0,2.0,3.0,238.0,0.2538,0.3555,0.4474,0.8029,0.1936,1496.5,8.855029585798816
Teoscar Hernandez,TOR,LF,125.0,417.0,58.0,96.0,19.0,2.0,26.0,65.0,45.0,153.0,6.0,2.0,197.0,0.2302,0.3052,0.4724,0.7776,0.2422,1178.1,9.4248
Adam Jones,ARI,RF,137.0,485.0,66.0,126.0,25.0,1.0,16.0,67.0,31.0,101.0,2.0,1.0,201.0,0.2598,0.3043,0.4144,0.7187,0.1546,1177.7,8.596350364963504
Fernando Tatis Jr.,SD,SS,143.0,558.0,111.0,168.0,24.0,8.0,39.0,98.0,57.0,171.0,27.0,11.0,325.0,0.3011,0.3659,0.5824,0.9483,0.2813,2036.2,14.239160839160839
Wil Myers,SD,CF,210.0,633.0,92.0,161.0,36.0,3.0,33.0,93.0,69.0,224.0,18.0,7.0,302.0,0.2543,0.3276,0.4771,0.8047,0.2228,1852.8999999999999,8.823333333333332
Wilson Ramos,NYM,C,187.0,615.0,65.0,170.0,25.0,0.0,19.0,87.0,54.0,100.0,1.0,0.0,252.0,0.2764,0.3348,0.4098,0.7446,0.1334,1454.5,7.778074866310161
Khris Davis,OAK,DH,166.0,565.0,70.0,123.0,16.0,0.0,25.0,83.0,57.0,171.0,0.0,0.0,214.0,0.2177,0.2894,0.3788,0.6682,0.1611,1345.5,8.105421686746988
Vladimir Guerrero Jr.,TOR,3B,184.0,685.0,86.0,184.0,39.0,4.0,24.0,102.0,66.0,129.0,1.0,1.0,303.0,0.2686,0.3329,0.4423,0.7752,0.1737,1757.2,9.55
Daniel Murphy,COL,1B,172.0,561.0,66.0,151.0,38.0,1.0,16.0,94.0,39.0,95.0,1.0,1.0,239.0,0.2692,0.3167,0.426,0.7427,0.1568,1386.2,8.059302325581395
James McCann,CHW,C,150.0,536.0,82.0,148.0,29.0,1.0,25.0,75.0,38.0,167.0,5.0,2.0,254.0,0.2761,0.324,0.4739,0.7979,0.1978,1460.9,9.739333333333335
Justin Smoak,TOR,1B,160.0,533.0,68.0,107.0,23.0,0.0,27.0,76.0,89.0,148.0,0.0,0.0,211.0,0.2008,0.3151,0.3959,0.711,0.1951,1407.6,8.7975
Shohei Ohtani,LAA,DH,152.0,537.0,74.0,139.0,26.0,5.0,25.0,86.0,55.0,160.0,19.0,4.0,250.0,0.2588,0.3277,0.4655,0.7932,0.2067,1572.8000000000002,10.347368421052632
Cavan Biggio,TOR,2B,159.0,574.0,107.0,138.0,33.0,2.0,24.0,76.0,112.0,184.0,20.0,2.0,247.0,0.2404,0.3644,0.4303,0.7947,0.1899,1820.4,11.449056603773586
Omar Narvaez,SEA,C,133.0,428.0,63.0,119.0,12.0,0.0,22.0,55.0,47.0,92.0,0.0,0.0,197.0,0.278,0.3495,0.4603,0.8098,0.1823,1138.1,8.557142857142857
David Dahl,COL,LF,125.0,467.0,76.0,130.0,30.0,7.0,15.0,70.0,32.0,138.0,5.0,4.0,219.0,0.2784,0.3246,0.469,0.7936,0.1906,1286.2,10.2896
Josh Reddick,HOU,RF,198.0,689.0,79.0,184.0,30.0,4.0,18.0,79.0,56.0,108.0,6.0,2.0,276.0,0.2671,0.3221,0.4006,0.7227,0.1335,1561.3000000000002,7.885353535353536
Willson Contreras,CHC,C,162.0,549.0,94.0,144.0,28.0,2.0,31.0,90.0,58.0,159.0,2.0,3.0,269.0,0.2623,0.3328,0.49,0.8228,0.2277,1677.8000000000002,10.356790123456792
Colin Moran,PIT,3B,201.0,644.0,74.0,173.0,40.0,1.0,23.0,103.0,49.0,169.0,0.0,1.0,284.0,0.2686,0.3203,0.441,0.7613,0.1724,1611.3000000000002,8.016417910447762
Jason Kipnis,CLE,2B,165.0,572.0,65.0,139.0,31.0,2.0,20.0,81.0,58.0,129.0,8.0,2.0,234.0,0.243,0.3127,0.4091,0.7218,0.1661,1424.5,8.633333333333333
Jose Iglesias,CIN,SS,146.0,504.0,62.0,145.0,21.0,3.0,11.0,59.0,20.0,70.0,6.0,5.0,205.0,0.2877,0.3149,0.4067,0.7216,0.119,1124.9,7.704794520547946
Hanser Alberto,BAL,2B,194.0,743.0,97.0,222.0,36.0,2.0,15.0,73.0,21.0,80.0,7.0,3.0,307.0,0.2988,0.3181,0.4132,0.7313,0.1144,1612.9,8.313917525773196
Kevin Kiermaier,TB,CF,178.0,585.0,76.0,132.0,24.0,10.0,17.0,77.0,46.0,146.0,27.0,6.0,227.0,0.2256,0.2821,0.388,0.6701,0.1624,1511.7,8.492696629213484
Brian Goodwin,LAA,LF,186.0,557.0,82.0,139.0,38.0,4.0,23.0,69.0,55.0,183.0,12.0,3.0,254.0,0.2496,0.317,0.456,0.773,0.2064,1514.9,8.144623655913978
Jonathan Schoop,MIN,2B,166.0,595.0,87.0,156.0,27.0,3.0,31.0,82.0,28.0,155.0,1.0,1.0,282.0,0.2622,0.2953,0.4739,0.7692,0.2117,1543.4,9.297590361445783
Brandon Crawford,SF,SS,201.0,672.0,84.0,158.0,36.0,2.0,19.0,87.0,68.0,164.0,4.0,4.0,255.0,0.2351,0.3054,0.3795,0.6849,0.1444,1587.3,7.897014925373134
Kyle Seager,SEA,3B,167.0,596.0,90.0,142.0,31.0,1.0,32.0,103.0,76.0,119.0,7.0,2.0,271.0,0.2383,0.3244,0.4547,0.7791,0.2164,1764.5,10.565868263473053
Niko Goodrum,DET,LF,158.0,581.0,76.0,134.0,34.0,6.0,17.0,65.0,64.0,207.0,19.0,5.0,231.0,0.2306,0.307,0.3976,0.7046,0.167,1472.7,9.320886075949367
Brian Dozier,WSH,2B,142.0,431.0,55.0,101.0,20.0,0.0,20.0,50.0,62.0,110.0,3.0,4.0,181.0,0.2343,0.3306,0.42,0.7506,0.1857,1110.0,7.816901408450704
Mike Yastrzemski,SF,RF,161.0,563.0,103.0,158.0,36.0,7.0,31.0,90.0,62.0,162.0,4.0,5.0,301.0,0.2806,0.352,0.5346,0.8866,0.254,1778.6,11.047204968944099
Nick Markakis,ATL,LF,153.0,544.0,76.0,151.0,40.0,2.0,10.0,77.0,57.0,82.0,2.0,1.0,225.0,0.2776,0.3461,0.4136,0.7597,0.136,1379.7,9.01764705882353
Howie Kendrick,WSH,DH,147.0,425.0,72.0,140.0,27.0,1.0,19.0,76.0,34.0,66.0,2.0,1.0,226.0,0.3294,0.3791,0.5318,0.9109,0.2024,1300.4,8.84625850340136
Matt Carpenter,STL,3B,179.0,556.0,81.0,120.0,26.0,2.0,19.0,70.0,86.0,177.0,6.0,1.0,207.0,0.2158,0.3209,0.3723,0.6932,0.1565,1458.1999999999998,8.146368715083797
Miguel Cabrera,DET,1B,194.0,696.0,69.0,190.0,25.0,0.0,22.0,94.0,72.0,159.0,1.0,0.0,281.0,0.273,0.3411,0.4037,0.7448,0.1307,1626.8000000000002,8.385567010309279
Robinson Chirinos,HOU,C,140.0,440.0,61.0,99.0,25.0,1.0,18.0,65.0,57.0,146.0,1.0,1.0,180.0,0.225,0.3139,0.4091,0.723,0.1841,1181.7,8.440714285714286
Orlando Arcia,MIL,SS,211.0,667.0,73.0,155.0,26.0,2.0,20.0,79.0,57.0,141.0,10.0,6.0,245.0,0.2324,0.2928,0.3673,0.6601,0.1349,1482.1,7.024170616113744
Kike Hernandez,LAD,LF,130.0,414.0,57.0,98.0,19.0,1.0,17.0,64.0,36.0,97.0,4.0,0.0,170.0,0.2367,0.2978,0.4106,0.7084,0.1739,1066.4,8.203076923076924
Roberto Perez,CLE,C,120.0,389.0,46.0,93.0,9.0,1.0,24.0,63.0,45.0,127.0,0.0,0.0,176.0,0.2391,0.318,0.4524,0.7704,0.2133,1042.7,8.689166666666667
Miguel Rojas,MIA,SS,172.0,608.0,72.0,175.0,39.0,2.0,9.0,66.0,48.0,80.0,14.0,5.0,245.0,0.2878,0.3399,0.403,0.7429,0.1152,1445.4,8.403488372093024
Eric Sogard,TB,2B,155.0,511.0,69.0,139.0,28.0,2.0,14.0,50.0,49.0,83.0,8.0,0.0,213.0,0.272,0.3357,0.4168,0.7525,0.1448,1238.8,7.992258064516129
Chris Taylor,LAD,LF,180.0,551.0,82.0,146.0,39.0,6.0,20.0,84.0,63.0,170.0,11.0,2.0,257.0,0.265,0.3404,0.4664,0.8068,0.2014,1600.4,8.891111111111112
Keston Hiura,MIL,2B,143.0,531.0,81.0,141.0,27.0,2.0,32.0,81.0,41.0,192.0,12.0,5.0,268.0,0.2655,0.3182,0.5047,0.8229,0.2392,1598.7,11.17972027972028
Manuel Margot,SD,CF,198.0,543.0,78.0,132.0,28.0,3.0,13.0,48.0,51.0,113.0,32.0,9.0,205.0,0.2431,0.3081,0.3775,0.6856,0.1344,1383.6,6.987878787878787
Jarrod Dyson,ARI,CF,162.0,461.0,74.0,103.0,11.0,2.0,7.0,32.0,51.0,97.0,36.0,4.0,139.0,0.2234,0.3008,0.3015,0.6023,0.0781,1140.8,7.041975308641975
Jorge Alfaro,MIA,C,162.0,524.0,56.0,134.0,16.0,1.0,21.0,73.0,26.0,190.0,6.0,5.0,215.0,0.2557,0.2909,0.4103,0.7012,0.1546,1232.7,7.609259259259259
Marwin Gonzalez,MIN,LF,169.0,600.0,67.0,149.0,23.0,0.0,20.0,77.0,48.0,139.0,1.0,0.0,232.0,0.2483,0.304,0.3867,0.6907,0.1384,1356.9,8.028994082840237
David Peralta,ARI,LF,154.0,585.0,67.0,166.0,39.0,4.0,17.0,91.0,48.0,132.0,1.0,1.0,264.0,0.2838,0.3381,0.4513,0.7894,0.1675,1489.9,9.674675324675325
Yolmer Sanchez,CHW,2B,149.0,496.0,59.0,125.0,20.0,4.0,2.0,43.0,44.0,117.0,5.0,3.0,159.0,0.252,0.313,0.3206,0.6336,0.0686,993.3,6.666442953020134
Robbie Grossman,OAK,LF,189.0,586.0,80.0,141.0,34.0,5.0,14.0,61.0,80.0,124.0,17.0,5.0,227.0,0.2406,0.3318,0.3874,0.7192,0.1468,1510.5,7.992063492063492
Nick Senzel,CIN,CF,130.0,445.0,63.0,109.0,26.0,4.0,14.0,50.0,36.0,116.0,16.0,6.0,185.0,0.2449,0.3015,0.4157,0.7172,0.1708,1144.6,8.804615384615383
Raimel Tapia,COL,LF,190.0,610.0,80.0,176.0,31.0,7.0,10.0,61.0,35.0,138.0,17.0,5.0,251.0,0.2885,0.3271,0.4115,0.7386,0.123,1435.5,7.5552631578947365
Hunter Pence,TEX,RF,101.0,338.0,57.0,90.0,17.0,2.0,20.0,65.0,29.0,84.0,6.0,1.0,171.0,0.2663,0.3243,0.5059,0.8302,0.2396,1054.9,10.444554455445546
Travis D'Arnaud,TB,C,147.0,516.0,71.0,141.0,24.0,0.0,25.0,103.0,48.0,135.0,1.0,1.0,240.0,0.2733,0.3351,0.4651,0.8002,0.1918,1469.7,9.99795918367347
Anthony Santander,BAL,RF,131.0,533.0,70.0,139.0,33.0,2.0,31.0,91.0,29.0,111.0,1.0,2.0,269.0,0.2608,0.2989,0.5047,0.8036,0.2439,1454.5,11.103053435114504
Garrett Cooper,MIA,RF,142.0,501.0,72.0,141.0,24.0,1.0,21.0,70.0,44.0,141.0,0.0,0.0,230.0,0.2814,0.3394,0.4591,0.7985,0.1777,1318.4,9.284507042253521
Yadier Molina,STL,C,155.0,564.0,57.0,151.0,26.0,0.0,14.0,73.0,29.0,79.0,6.0,0.0,219.0,0.2677,0.3035,0.3883,0.6918,0.1206,1241.9,8.01225806451613
Tommy Edman,STL,SS,147.0,530.0,88.0,150.0,24.0,8.0,16.0,62.0,32.0,109.0,17.0,5.0,238.0,0.283,0.3238,0.4491,0.7729,0.1661,1446.6,9.84081632653061
Lourdes Gurriel,TOR,LF,85.0,314.0,52.0,87.0,19.0,2.0,20.0,50.0,20.0,86.0,6.0,4.0,170.0,0.2771,0.3204,0.5414,0.8618,0.2643,962.4,11.32235294117647
Joey Gallo,TEX,CF,128.0,434.0,77.0,96.0,23.0,1.0,32.0,75.0,81.0,193.0,6.0,2.0,217.0,0.2212,0.3437,0.5,0.8437,0.2788,1456.9,11.38203125
Rowdy Tellez,TOR,1B,146.0,483.0,69.0,116.0,24.0,0.0,29.0,77.0,40.0,136.0,1.0,2.0,227.0,0.2402,0.2983,0.47,0.7683,0.2298,1321.3,9.049999999999999
Harold Ramirez,MIA,LF,122.0,431.0,56.0,118.0,20.0,3.0,11.0,51.0,19.0,93.0,2.0,2.0,177.0,0.2738,0.3044,0.4107,0.7151,0.1369,972.6999999999999,7.97295081967213
Carlos Correa,HOU,SS,134.0,481.0,64.0,131.0,25.0,1.0,26.0,84.0,51.0,124.0,1.0,0.0,236.0,0.2723,0.3421,0.4906,0.8327,0.2183,1380.8,10.304477611940298
Maikel Franco,PHI,3B,183.0,612.0,71.0,153.0,33.0,0.0,25.0,94.0,52.0,99.0,1.0,0.0,261.0,0.25,0.3087,0.4265,0.7352,0.1765,1501.2,8.203278688524591
Michael Chavis,BOS,1B,137.0,493.0,62.0,119.0,15.0,3.0,23.0,77.0,39.0,177.0,5.0,1.0,209.0,0.2414,0.297,0.4239,0.7209,0.1825,1259.9,9.196350364963504
Brandon Dixon,DET,1B,123.0,404.0,41.0,98.0,21.0,4.0,15.0,54.0,22.0,140.0,5.0,2.0,172.0,0.2426,0.2817,0.4257,0.7074,0.1831,944.2,7.676422764227643
Harrison Bader,STL,CF,179.0,453.0,75.0,95.0,21.0,5.0,16.0,50.0,59.0,157.0,14.0,4.0,174.0,0.2097,0.3008,0.3841,0.6849,0.1744,1243.0,6.944134078212291
Mitch Moreland,BOS,1B,133.0,434.0,70.0,111.0,26.0,1.0,29.0,87.0,49.0,106.0,1.0,0.0,226.0,0.2558,0.3313,0.5207,0.852,0.2649,1365.5,10.266917293233083
Jesse Winker,CIN,LF,167.0,487.0,78.0,129.0,24.0,2.0,28.0,61.0,66.0,106.0,1.0,2.0,241.0,0.2649,0.3526,0.4949,0.8475,0.23,1429.1,8.55748502994012
Carson Kelly,ARI,C,150.0,436.0,57.0,104.0,24.0,0.0,23.0,66.0,54.0,108.0,0.0,0.0,197.0,0.2385,0.3224,0.4518,0.7742,0.2133,1175.4,7.836
Joe Panik,NYM,2B,183.0,558.0,68.0,134.0,27.0,2.0,6.0,46.0,63.0,74.0,4.0,1.0,183.0,0.2401,0.3172,0.328,0.6452,0.0879,1155.6,6.314754098360655
Jay Bruce,PHI,LF,132.0,406.0,54.0,86.0,21.0,2.0,32.0,73.0,26.0,106.0,1.0,0.0,207.0,0.2118,0.2593,0.5099,0.7692,0.2981,1136.3,8.608333333333333
Willie Calhoun,TEX,LF,113.0,409.0,54.0,102.0,16.0,2.0,22.0,61.0,28.0,70.0,0.0,0.0,188.0,0.2494,0.2975,0.4597,0.7572,0.2103,1046.3,9.25929203539823
Dwight Smith,BAL,LF,101.0,357.0,46.0,86.0,16.0,3.0,13.0,53.0,26.0,82.0,5.0,1.0,147.0,0.2409,0.2924,0.4118,0.7042,0.1709,893.7,8.848514851485149
Brandon Lowe,TB,2B,140.0,489.0,78.0,132.0,26.0,4.0,31.0,88.0,50.0,171.0,8.0,0.0,259.0,0.2699,0.3377,0.5297,0.8674,0.2598,1559.6,11.139999999999999
Alex Verdugo,LAD,CF,161.0,544.0,79.0,163.0,38.0,2.0,18.0,59.0,43.0,94.0,8.0,1.0,259.0,0.2996,0.3509,0.4761,0.827,0.1765,1425.3000000000002,8.852795031055901
Delino DeShields,TEX,CF,155.0,464.0,52.0,116.0,18.0,6.0,4.0,39.0,47.0,129.0,27.0,9.0,158.0,0.25,0.319,0.3405,0.6595,0.0905,1088.9,7.025161290322581
Byron Buxton,MIN,CF,127.0,401.0,67.0,104.0,33.0,4.0,23.0,73.0,21.0,104.0,16.0,5.0,214.0,0.2594,0.2962,0.5337,0.8299,0.2743,1279.9,10.077952755905512
Robinson Cano,NYM,2B,107.0,390.0,46.0,100.0,28.0,0.0,13.0,39.0,25.0,69.0,0.0,0.0,167.0,0.2564,0.3012,0.4282,0.7294,0.1718,874.7,8.174766355140187
Jake Bauers,CLE,LF,118.0,372.0,46.0,84.0,16.0,1.0,12.0,43.0,45.0,115.0,3.0,3.0,138.0,0.2258,0.3094,0.371,0.6804,0.1452,873.7,7.404237288135594
A.J. Pollock,LAD,LF,86.0,308.0,49.0,82.0,15.0,1.0,15.0,47.0,23.0,74.0,5.0,1.0,144.0,0.2662,0.3172,0.4675,0.7847,0.2013,873.3,10.154651162790698
Andrelton Simmons,LAA,SS,134.0,516.0,66.0,140.0,26.0,0.0,7.0,50.0,32.0,53.0,12.0,3.0,187.0,0.2713,0.3139,0.3624,0.6763,0.0911,1124.2,8.38955223880597
David Bote,CHC,3B,172.0,428.0,62.0,103.0,20.0,1.0,18.0,70.0,61.0,133.0,7.0,2.0,179.0,0.2407,0.3354,0.4182,0.7536,0.1775,1232.4,7.165116279069768
Yandy Diaz,TB,3B,80.0,307.0,53.0,82.0,20.0,1.0,14.0,38.0,35.0,61.0,2.0,2.0,146.0,0.2671,0.3421,0.4756,0.8177,0.2085,860.6,10.7575
Didi Gregorius,NYY,SS,142.0,539.0,81.0,138.0,24.0,4.0,26.0,101.0,32.0,81.0,5.0,3.0,248.0,0.256,0.2977,0.4601,0.7578,0.2041,1497.6999999999998,10.547183098591548
Stephen Piscotty,OAK,RF,140.0,516.0,63.0,125.0,23.0,1.0,18.0,73.0,38.0,137.0,6.0,0.0,204.0,0.2422,0.2942,0.3953,0.6895,0.1531,1231.1,8.793571428571427
J.P. Crawford,SEA,SS,146.0,549.0,76.0,130.0,28.0,6.0,9.0,70.0,66.0,122.0,11.0,6.0,197.0,0.2368,0.3187,0.3588,0.6775,0.122,1358.2,9.302739726027397
Dee Gordon,SEA,2B,151.0,468.0,48.0,123.0,13.0,6.0,3.0,37.0,23.0,74.0,25.0,7.0,157.0,0.2628,0.2974,0.3355,0.6329,0.0727,982.1,6.5039735099337745
Mike Tauchman,NYY,CF,130.0,355.0,64.0,95.0,24.0,1.0,13.0,61.0,48.0,97.0,12.0,0.0,160.0,0.2676,0.3548,0.4507,0.8055,0.1831,1120.3000000000002,8.617692307692309
Brandon Drury,TOR,3B,142.0,464.0,46.0,98.0,22.0,1.0,15.0,42.0,27.0,122.0,0.0,1.0,167.0,0.2112,0.2546,0.3599,0.6145,0.1487,879.2,6.1915492957746485
Buster Posey,SF,C,114.0,405.0,43.0,104.0,24.0,0.0,7.0,38.0,34.0,71.0,0.0,0.0,149.0,0.2568,0.3144,0.3679,0.6823,0.1111,831.6,7.294736842105263
Jose Martinez,STL,1B,128.0,334.0,45.0,90.0,13.0,2.0,10.0,42.0,35.0,82.0,3.0,0.0,137.0,0.2695,0.3388,0.4102,0.749,0.1407,831.0,6.4921875
Matt Adams,WSH,1B,127.0,359.0,46.0,79.0,16.0,0.0,22.0,65.0,22.0,133.0,0.0,0.0,161.0,0.2201,0.2651,0.4485,0.7136,0.2284,929.6999999999999,7.320472440944881
Kurt Suzuki,WSH,C,118.0,391.0,52.0,104.0,19.0,0.0,19.0,80.0,31.0,55.0,1.0,1.0,180.0,0.266,0.3199,0.4604,0.7803,0.1944,1115.4,9.452542372881357
Luis Arraez,MIN,2B,124.0,438.0,70.0,145.0,29.0,1.0,4.0,41.0,44.0,40.0,2.0,2.0,188.0,0.3311,0.3921,0.4292,0.8213,0.0981,1078.5,8.69758064516129
Melky Cabrera,PIT,RF,133.0,378.0,43.0,106.0,22.0,1.0,7.0,47.0,17.0,41.0,2.0,0.0,151.0,0.2804,0.3114,0.3995,0.7109,0.1191,821.1,6.173684210526316
Rio Ruiz,BAL,3B,181.0,555.0,60.0,127.0,24.0,2.0,21.0,78.0,57.0,134.0,1.0,3.0,218.0,0.2288,0.3007,0.3928,0.6935,0.164,1296.0,7.1602209944751385
Josh Phegley,OAK,C,117.0,330.0,48.0,76.0,18.0,0.0,13.0,64.0,16.0,66.0,0.0,1.0,133.0,0.2303,0.2659,0.403,0.6689,0.1727,845.5999999999999,7.2273504273504265
Corey Dickerson,PHI,LF,130.0,454.0,58.0,129.0,33.0,3.0,19.0,76.0,31.0,91.0,2.0,1.0,225.0,0.2841,0.3299,0.4956,0.8255,0.2115,1231.6,9.473846153846154
Tommy La Stella,LAA,2B,137.0,488.0,80.0,141.0,22.0,2.0,21.0,69.0,47.0,40.0,1.0,1.0,230.0,0.2889,0.3514,0.4713,0.8227,0.1824,1349.5,9.85036496350365
Jesus Aguilar,TB,1B,131.0,314.0,39.0,74.0,12.0,0.0,12.0,50.0,43.0,81.0,0.0,0.0,122.0,0.2357,0.3277,0.3885,0.7162,0.1528,800.8,6.112977099236641
Neil Walker,MIA,1B,133.0,376.0,42.0,97.0,22.0,1.0,8.0,41.0,43.0,90.0,3.0,0.0,145.0,0.258,0.3341,0.3856,0.7197,0.1276,862.9,6.48796992481203
Derek Dietrich,CIN,2B,138.0,312.0,50.0,59.0,9.0,2.0,24.0,51.0,37.0,95.0,2.0,2.0,144.0,0.1891,0.2751,0.4615,0.7366,0.2724,983.5,7.1268115942028984
Christin Stewart,DET,LF,140.0,458.0,38.0,101.0,28.0,1.0,13.0,49.0,39.0,132.0,0.0,1.0,170.0,0.2205,0.2817,0.3712,0.6529,0.1507,947.0999999999999,6.765
Luis Rengifo,LAA,2B,141.0,447.0,56.0,99.0,19.0,3.0,8.0,36.0,54.0,119.0,5.0,5.0,148.0,0.2215,0.3054,0.3311,0.6365,0.1096,956.1999999999999,6.781560283687943
Tim Beckham,SEA,SS,89.0,304.0,39.0,72.0,21.0,1.0,15.0,47.0,21.0,102.0,1.0,2.0,140.0,0.2368,0.2862,0.4605,0.7467,0.2237,787.3,8.846067415730337
Chad Pinder,OAK,2B,149.0,396.0,52.0,94.0,24.0,0.0,14.0,53.0,25.0,101.0,0.0,1.0,160.0,0.2374,0.2827,0.404,0.6867,0.1666,921.9,6.187248322147651
Greg Garcia,SD,2B,169.0,371.0,58.0,89.0,16.0,4.0,4.0,42.0,60.0,101.0,1.0,2.0,125.0,0.2399,0.3457,0.3369,0.6826,0.097,908.5999999999999,5.376331360946745
Pedro Severino,BAL,C,144.0,465.0,54.0,116.0,18.0,1.0,18.0,65.0,45.0,113.0,4.0,1.0,190.0,0.2495,0.3157,0.4086,0.7243,0.1591,1144.3,7.946527777777778
Yan Gomes,WSH,C,128.0,423.0,50.0,101.0,22.0,1.0,16.0,56.0,44.0,106.0,3.0,0.0,173.0,0.2388,0.3105,0.409,0.7195,0.1702,1043.0,8.1484375
Tony Wolters,COL,C,164.0,459.0,52.0,117.0,21.0,2.0,1.0,50.0,42.0,98.0,0.0,1.0,145.0,0.2549,0.3174,0.3159,0.6333,0.061,929.4,5.667073170731707
Cameron Maybin,NYY,LF,115.0,332.0,56.0,91.0,25.0,1.0,12.0,39.0,37.0,97.0,12.0,6.0,154.0,0.2741,0.3469,0.4639,0.8108,0.1898,963.7,8.38
Jordan Luplow,CLE,RF,114.0,303.0,50.0,77.0,20.0,2.0,17.0,46.0,45.0,80.0,3.0,2.0,152.0,0.2541,0.3506,0.5017,0.8523,0.2476,939.0,8.236842105263158
Danny Jansen,TOR,C,150.0,467.0,59.0,94.0,15.0,1.0,19.0,63.0,52.0,110.0,0.0,1.0,168.0,0.2013,0.2813,0.3597,0.641,0.1584,1087.3000000000002,7.248666666666668
Jake Marisnick,HOU,CF,136.0,325.0,50.0,79.0,19.0,3.0,12.0,39.0,18.0,105.0,10.0,3.0,140.0,0.2431,0.2828,0.4308,0.7136,0.1877,848.5,6.238970588235294
Pablo Sandoval,SF,3B,142.0,356.0,47.0,91.0,24.0,0.0,15.0,47.0,26.0,86.0,1.0,0.0,160.0,0.2556,0.3063,0.4494,0.7557,0.1938,884.9,6.23169014084507
Ben Gamel,MIL,RF,174.0,425.0,60.0,104.0,26.0,1.0,10.0,43.0,53.0,143.0,2.0,4.0,162.0,0.2447,0.3285,0.3812,0.7097,0.1365,1008.5,5.795977011494253
Jon Berti,MIA,3B,114.0,376.0,73.0,101.0,19.0,1.0,8.0,38.0,47.0,110.0,26.0,5.0,146.0,0.2686,0.3499,0.3883,0.7382,0.1197,1128.6,9.899999999999999
Austin Riley,ATL,LF,131.0,462.0,65.0,107.0,18.0,2.0,26.0,76.0,32.0,157.0,0.0,2.0,207.0,0.2316,0.2814,0.4481,0.7295,0.2165,1209.0,9.229007633587786
Logan Forsythe,TEX,1B,115.0,351.0,40.0,76.0,18.0,1.0,8.0,41.0,48.0,112.0,2.0,0.0,120.0,0.2165,0.3108,0.3419,0.6527,0.1254,796.5,6.926086956521739
Tucker Barnhart,CIN,C,153.0,414.0,42.0,93.0,17.0,0.0,16.0,53.0,56.0,111.0,1.0,0.0,158.0,0.2246,0.317,0.3816,0.6986,0.157,973.9,6.365359477124183
Jose Peraza,CIN,2B,141.0,376.0,37.0,90.0,18.0,2.0,6.0,33.0,17.0,58.0,7.0,4.0,130.0,0.2394,0.2723,0.3457,0.618,0.1063,740.9,5.254609929078014
JaCoby Jones,DET,LF,119.0,395.0,58.0,96.0,28.0,3.0,16.0,40.0,34.0,128.0,8.0,3.0,178.0,0.243,0.303,0.4506,0.7536,0.2076,1036.6,8.710924369747898
Steve Wilkerson,BAL,CF,119.0,329.0,41.0,74.0,18.0,2.0,10.0,35.0,22.0,108.0,3.0,3.0,126.0,0.2249,0.2735,0.383,0.6565,0.1581,736.7,6.190756302521009
Martin Maldonado,HOU,C,106.0,333.0,46.0,71.0,19.0,0.0,12.0,27.0,32.0,86.0,0.0,0.0,126.0,0.2132,0.2822,0.3784,0.6606,0.1652,733.7,6.9216981132075475
Tom Murphy,SEA,C,76.0,260.0,32.0,71.0,12.0,1.0,18.0,40.0,19.0,87.0,2.0,0.0,139.0,0.2731,0.3226,0.5346,0.8572,0.2615,731.4,9.623684210526315
Curtis Granderson,MIA,LF,138.0,317.0,44.0,58.0,17.0,1.0,12.0,34.0,41.0,98.0,0.0,3.0,113.0,0.183,0.2765,0.3565,0.633,0.1735,730.8,5.2956521739130435
Gerardo Parra,WSH,CF,119.0,274.0,38.0,64.0,14.0,1.0,9.0,48.0,19.0,59.0,8.0,3.0,107.0,0.2336,0.2833,0.3905,0.6738,0.1569,730.6,6.139495798319328
Mitch Haniger,SEA,RF,64.0,246.0,46.0,54.0,13.0,1.0,15.0,32.0,30.0,81.0,4.0,0.0,114.0,0.2195,0.3043,0.4634,0.7677,0.2439,730.2,11.409375
Garrett Hampson,COL,2B,158.0,466.0,65.0,113.0,13.0,7.0,13.0,38.0,37.0,148.0,21.0,4.0,179.0,0.2425,0.2982,0.3841,0.6823,0.1416,1115.0,7.056962025316456
Jeimer Candelario,DET,3B,146.0,519.0,63.0,123.0,28.0,5.0,15.0,61.0,63.0,147.0,4.0,2.0,206.0,0.237,0.3196,0.3969,0.7165,0.1599,1270.1,8.69931506849315
Ryan O'Hearn,KC,1B,147.0,441.0,39.0,86.0,19.0,1.0,16.0,56.0,57.0,136.0,0.0,1.0,155.0,0.195,0.2871,0.3515,0.6386,0.1565,959.8,6.5292517006802715
Aristides Aquino,CIN,RF,79.0,252.0,38.0,61.0,9.0,0.0,21.0,55.0,22.0,78.0,8.0,0.0,133.0,0.2421,0.3029,0.5278,0.8307,0.2857,842.1,10.659493670886077
Matt Beaty,LAD,1B,120.0,299.0,44.0,77.0,20.0,1.0,11.0,51.0,19.0,47.0,5.0,0.0,132.0,0.2575,0.3019,0.4415,0.7434,0.184,814.3000000000001,6.785833333333334
Albert Almora Jr.,CHC,CF,158.0,369.0,45.0,85.0,12.0,1.0,12.0,33.0,19.0,71.0,2.0,1.0,135.0,0.2304,0.268,0.3659,0.6339,0.1355,739.5,4.680379746835443
Stephen Vogt,SF,C,125.0,327.0,36.0,79.0,29.0,2.0,11.0,47.0,28.0,84.0,3.0,1.0,145.0,0.2416,0.3014,0.4434,0.7448,0.2018,819.7,6.557600000000001
Brian McCann,ATL,C,85.0,277.0,28.0,69.0,9.0,0.0,12.0,45.0,31.0,53.0,0.0,0.0,114.0,0.2491,0.3247,0.4116,0.7363,0.1625,688.1,8.09529411764706
Harold Castro,DET,2B,119.0,402.0,36.0,120.0,14.0,4.0,5.0,41.0,14.0,96.0,4.0,2.0,157.0,0.2985,0.3221,0.3905,0.7126,0.092,795.7,6.68655462184874
Andrew McCutchen,PHI,CF,116.0,436.0,77.0,111.0,21.0,1.0,20.0,63.0,65.0,103.0,6.0,1.0,194.0,0.2546,0.3513,0.445,0.7963,0.1904,1282.9,11.05948275862069
Tyler Naquin,CLE,RF,131.0,407.0,49.0,108.0,27.0,1.0,14.0,54.0,19.0,106.0,4.0,3.0,179.0,0.2654,0.2981,0.4398,0.7379,0.1744,972.8,7.425954198473282
Tyler Flowers,ATL,C,107.0,340.0,41.0,77.0,17.0,3.0,12.0,39.0,39.0,139.0,0.0,0.0,136.0,0.2265,0.3061,0.4,0.7061,0.1735,819.7,7.660747663551402
Nicky Lopez,KC,2B,159.0,548.0,59.0,125.0,30.0,2.0,3.0,43.0,36.0,92.0,1.0,6.0,168.0,0.2281,0.2757,0.3066,0.5823,0.0785,966.3,6.077358490566038
Billy Hamilton,ATL,CF,150.0,348.0,51.0,73.0,14.0,2.0,1.0,17.0,34.0,94.0,28.0,7.0,94.0,0.2098,0.2801,0.2701,0.5502,0.0603,774.7,5.164666666666667
Wilmer Flores,ARI,2B,144.0,463.0,61.0,137.0,29.0,1.0,21.0,69.0,28.0,67.0,1.0,0.0,231.0,0.2959,0.336,0.4989,0.8349,0.203,1234.7,8.574305555555556
Jose Osuna,PIT,3B,95.0,261.0,41.0,69.0,20.0,0.0,10.0,36.0,18.0,48.0,0.0,0.0,119.0,0.2644,0.3118,0.4559,0.7677,0.1915,671.2,7.065263157894737
Yonder Alonso,COL,1B,121.0,292.0,34.0,58.0,13.0,0.0,10.0,37.0,39.0,70.0,0.0,1.0,101.0,0.1986,0.2931,0.3459,0.639,0.1473,664.3,5.490082644628099
Ronald Guzman,TEX,1B,87.0,256.0,34.0,56.0,20.0,0.0,10.0,36.0,32.0,87.0,1.0,2.0,106.0,0.2188,0.3056,0.4141,0.7197,0.1953,663.8,7.629885057471264
Ronny Rodriguez,DET,3B,85.0,275.0,29.0,61.0,12.0,3.0,14.0,43.0,13.0,82.0,3.0,1.0,121.0,0.2218,0.2569,0.44,0.6969,0.2182,663.3,7.803529411764705
Aledmys Diaz,HOU,2B,69.0,210.0,36.0,57.0,12.0,1.0,9.0,40.0,26.0,28.0,2.0,0.0,98.0,0.2714,0.3517,0.4667,0.8184,0.1953,654.2,9.481159420289856
Dylan Moore,SEA,SS,151.0,384.0,57.0,86.0,23.0,2.0,17.0,45.0,39.0,136.0,23.0,14.0,164.0,0.224,0.2955,0.4271,0.7226,0.2031,1137.9,7.5357615894039744
Aaron Hicks,NYY,CF,113.0,390.0,69.0,90.0,20.0,2.0,18.0,57.0,72.0,110.0,5.0,3.0,168.0,0.2308,0.3506,0.4308,0.7814,0.2,1173.3000000000002,10.383185840707966
Victor Caratini,CHC,C,139.0,360.0,41.0,93.0,18.0,0.0,12.0,50.0,41.0,90.0,1.0,1.0,147.0,0.2583,0.3342,0.4083,0.7425,0.15,897.2,6.454676258992806
Jason Castro,MIN,C,107.0,317.0,47.0,70.0,18.0,0.0,15.0,39.0,45.0,121.0,0.0,0.0,133.0,0.2208,0.3177,0.4196,0.7373,0.1988,829.9,7.75607476635514
Brock Holt,BOS,2B,124.0,354.0,50.0,97.0,20.0,2.0,3.0,36.0,37.0,81.0,2.0,0.0,130.0,0.274,0.3427,0.3672,0.7099,0.0932,814.0,6.564516129032258
Austin Nola,SEA,C,127.0,399.0,61.0,108.0,21.0,2.0,17.0,59.0,41.0,97.0,1.0,0.0,184.0,0.2707,0.3386,0.4612,0.7998,0.1905,1103.7,8.690551181102363
Cheslor Cuthbert,KC,3B,88.0,310.0,24.0,76.0,14.0,0.0,9.0,40.0,19.0,67.0,1.0,0.0,117.0,0.2452,0.2888,0.3774,0.6662,0.1322,636.8,7.236363636363635
Chris Davis,BAL,1B,122.0,359.0,29.0,61.0,12.0,0.0,12.0,37.0,42.0,156.0,0.0,0.0,109.0,0.1699,0.2569,0.3036,0.5605,0.1337,684.3000000000001,5.609016393442624
Victor Reyes,DET,CF,125.0,477.0,59.0,140.0,23.0,7.0,7.0,39.0,23.0,108.0,17.0,5.0,198.0,0.2935,0.326,0.4151,0.7411,0.1216,1096.3,8.7704
Jonathan Lucroy,CHC,C,103.0,293.0,30.0,68.0,10.0,1.0,8.0,36.0,27.0,51.0,0.0,0.0,104.0,0.2321,0.2969,0.3549,0.6518,0.1228,630.0,6.116504854368932
Brandon Nimmo,NYM,CF,125.0,385.0,67.0,96.0,19.0,4.0,16.0,47.0,79.0,114.0,4.0,2.0,171.0,0.2494,0.3772,0.4442,0.8214,0.1948,1185.9,9.487200000000001
Justin Upton,LAA,LF,105.0,366.0,54.0,77.0,13.0,0.0,21.0,62.0,43.0,121.0,1.0,3.0,153.0,0.2104,0.2934,0.418,0.7114,0.2076,1004.8,9.569523809523808
John Hicks,DET,C,96.0,319.0,29.0,67.0,15.0,0.0,13.0,35.0,13.0,109.0,1.0,1.0,121.0,0.21,0.241,0.3793,0.6203,0.1693,623.3,6.492708333333333
Clint Frazier,NYY,LF,108.0,356.0,55.0,95.0,20.0,1.0,20.0,64.0,41.0,114.0,4.0,2.0,177.0,0.2669,0.3426,0.4972,0.8398,0.2303,1093.0,10.12037037037037
Will Smith,LAD,C,91.0,284.0,53.0,76.0,18.0,0.0,23.0,67.0,38.0,74.0,2.0,1.0,163.0,0.2676,0.354,0.5739,0.9279,0.3063,1040.1,11.429670329670328
Josh VanMeter,CIN,LF,122.0,298.0,42.0,63.0,16.0,1.0,10.0,29.0,36.0,80.0,10.0,3.0,111.0,0.2114,0.2964,0.3725,0.6689,0.1611,748.9000000000001,6.138524590163935
Austin Hedges,SD,C,138.0,381.0,35.0,65.0,10.0,0.0,14.0,42.0,33.0,132.0,2.0,1.0,117.0,0.1706,0.2367,0.3071,0.5438,0.1365,742.0,5.3768115942028984
Tim Locastro,ARI,LF,124.0,281.0,53.0,73.0,16.0,3.0,3.0,24.0,22.0,58.0,21.0,0.0,104.0,0.2598,0.3135,0.3701,0.6836,0.1103,835.6,6.738709677419355
Billy McKinney,TOR,RF,86.0,254.0,38.0,56.0,14.0,1.0,12.0,28.0,19.0,73.0,0.0,3.0,108.0,0.2205,0.2747,0.4252,0.6999,0.2047,606.6,7.053488372093024
Phillip Ervin,CIN,RF,131.0,310.0,40.0,75.0,14.0,7.0,7.0,27.0,32.0,85.0,5.0,3.0,124.0,0.2419,0.3129,0.4,0.7129,0.1581,735.5,5.614503816793893
Josh Naylor,SD,LF,134.0,350.0,42.0,87.0,18.0,1.0,9.0,38.0,30.0,76.0,2.0,1.0,134.0,0.2486,0.3079,0.3829,0.6908,0.1343,774.4,5.7791044776119405
Tony Kemp,CHC,2B,159.0,338.0,46.0,75.0,14.0,4.0,8.0,33.0,38.0,61.0,7.0,5.0,121.0,0.2219,0.3005,0.358,0.6585,0.1361,808.7,5.086163522012579
Bo Bichette,TOR,SS,76.0,319.0,50.0,98.0,27.0,1.0,16.0,44.0,19.0,77.0,8.0,5.0,175.0,0.3072,0.3462,0.5486,0.8948,0.2414,947.0,12.460526315789474
David Freese,LAD,1B,80.0,162.0,35.0,51.0,13.0,0.0,11.0,29.0,23.0,44.0,0.0,0.0,97.0,0.3148,0.4,0.5988,0.9988,0.284,576.5,7.20625
Matt Joyce,ATL,RF,175.0,327.0,48.0,91.0,14.0,0.0,9.0,37.0,58.0,86.0,1.0,0.0,132.0,0.2783,0.387,0.4037,0.7907,0.1254,859.0999999999999,4.909142857142856
Richie Martin,BAL,SS,120.0,283.0,29.0,59.0,8.0,3.0,6.0,23.0,14.0,83.0,10.0,1.0,91.0,0.2085,0.2458,0.3216,0.5674,0.1131,566.3,4.719166666666666
Juan Lagares,NYM,CF,135.0,258.0,38.0,55.0,12.0,1.0,5.0,27.0,22.0,75.0,4.0,2.0,84.0,0.2132,0.275,0.3256,0.6006,0.1124,564.1,4.178518518518518
Adeiny Hechavarria,ATL,2B,111.0,262.0,41.0,64.0,15.0,1.0,9.0,35.0,18.0,60.0,3.0,1.0,108.0,0.2443,0.2929,0.4122,0.7051,0.1679,658.6999999999999,5.934234234234234
Austin Romine,NYY,C,110.0,358.0,41.0,95.0,17.0,0.0,10.0,52.0,14.0,97.0,1.0,1.0,142.0,0.2654,0.293,0.3966,0.6896,0.1312,787.1999999999999,7.156363636363635
Elias Diaz,PIT,C,102.0,303.0,31.0,73.0,14.0,0.0,2.0,28.0,23.0,56.0,0.0,0.0,93.0,0.2409,0.2945,0.3069,0.6014,0.066,551.2,5.403921568627451
Welington Castillo,CHW,C,74.0,230.0,19.0,48.0,12.0,0.0,12.0,41.0,16.0,74.0,0.0,0.0,96.0,0.2087,0.2602,0.4174,0.6776,0.2087,549.3,7.422972972972972
Ender Inciarte,ATL,CF,111.0,315.0,47.0,71.0,13.0,3.0,6.0,34.0,38.0,66.0,11.0,2.0,108.0,0.2254,0.3088,0.3429,0.6517,0.1175,785.4,7.075675675675676
Dominic Smith,NYM,1B,140.0,354.0,62.0,106.0,31.0,1.0,21.0,67.0,33.0,89.0,1.0,1.0,202.0,0.2994,0.3592,0.5706,0.9298,0.2712,1161.9,8.299285714285714
Greg Allen,CLE,LF,105.0,257.0,34.0,57.0,10.0,3.0,5.0,31.0,14.0,63.0,10.0,2.0,88.0,0.2218,0.262,0.3424,0.6044,0.1206,616.3,5.869523809523809
Jordy Mercer,DET,SS,83.0,275.0,26.0,73.0,16.0,0.0,9.0,22.0,15.0,58.0,0.0,0.0,116.0,0.2655,0.3034,0.4218,0.7252,0.1563,559.1999999999999,6.737349397590361
Jake Cave,MIN,RF,114.0,311.0,45.0,76.0,14.0,4.0,12.0,40.0,26.0,115.0,0.0,2.0,134.0,0.2444,0.3027,0.4309,0.7336,0.1865,803.0,7.043859649122807
Adam Haseley,PHI,CF,108.0,301.0,37.0,81.0,19.0,0.0,5.0,39.0,21.0,77.0,4.0,0.0,115.0,0.2691,0.3168,0.3821,0.6989,0.113,707.9,6.55462962962963
Ian Kinsler,SD,2B,87.0,258.0,28.0,56.0,12.0,0.0,9.0,22.0,19.0,54.0,2.0,3.0,95.0,0.2171,0.2708,0.3682,0.639,0.1511,529.6,6.0873563218390805
Johan Camargo,ATL,3B,133.0,352.0,47.0,78.0,20.0,1.0,11.0,41.0,21.0,78.0,1.0,0.0,133.0,0.2216,0.2654,0.3778,0.6432,0.1562,764.9000000000001,5.751127819548873
Mike Zunino,TB,C,118.0,341.0,38.0,55.0,14.0,1.0,13.0,42.0,26.0,135.0,0.0,0.0,110.0,0.1613,0.2207,0.3226,0.5433,0.1613,694.6,5.886440677966102
Joey Wendle,TB,3B,125.0,406.0,56.0,103.0,22.0,4.0,7.0,36.0,24.0,82.0,16.0,5.0,154.0,0.2537,0.2953,0.3793,0.6746,0.1256,974.2,7.7936000000000005
Curt Casali,CIN,C,115.0,283.0,34.0,69.0,12.0,0.0,14.0,40.0,39.0,88.0,2.0,0.0,123.0,0.2438,0.3354,0.4346,0.77,0.1908,758.8,6.598260869565217
Dawel Lugo,DET,2B,86.0,282.0,31.0,68.0,10.0,4.0,6.0,27.0,9.0,60.0,0.0,0.0,104.0,0.2411,0.2646,0.3688,0.6334,0.1277,541.7,6.298837209302326
Francisco Mejia,SD,C,79.0,226.0,27.0,60.0,11.0,2.0,8.0,22.0,13.0,56.0,1.0,1.0,99.0,0.2655,0.3054,0.4381,0.7435,0.1726,517.4,6.549367088607594
Ehire Adrianza,MIN,SS,128.0,291.0,44.0,72.0,15.0,3.0,5.0,25.0,31.0,63.0,1.0,2.0,108.0,0.2474,0.3199,0.3711,0.691,0.1237,672.3,5.25234375
Adam Engel,CHW,CF,125.0,315.0,37.0,81.0,15.0,3.0,9.0,38.0,17.0,97.0,4.0,3.0,129.0,0.2571,0.2952,0.4095,0.7047,0.1524,737.4000000000001,5.8992
Leonys Martin,CLE,CF,65.0,236.0,32.0,47.0,7.0,0.0,9.0,19.0,21.0,78.0,4.0,4.0,81.0,0.1992,0.2646,0.3432,0.6078,0.144,510.9,7.859999999999999
Steven Duggar,SF,CF,95.0,295.0,29.0,67.0,14.0,2.0,4.0,31.0,17.0,89.0,2.0,4.0,97.0,0.2271,0.2692,0.3288,0.598,0.1017,561.3,5.908421052631579
Jake Lamb,ARI,3B,109.0,275.0,33.0,53.0,13.0,2.0,9.0,40.0,40.0,80.0,1.0,1.0,97.0,0.1927,0.2952,0.3527,0.6479,0.16,686.6,6.299082568807339
Alex Dickerson,SF,LF,122.0,325.0,57.0,93.0,23.0,4.0,16.0,55.0,29.0,72.0,1.0,1.0,172.0,0.2862,0.3446,0.5292,0.8738,0.243,995.9000000000001,8.16311475409836
Austin Barnes,LAD,C,104.0,298.0,42.0,64.0,15.0,1.0,6.0,34.0,36.0,80.0,6.0,2.0,99.0,0.2148,0.2994,0.3322,0.6316,0.1174,715.4000000000001,6.878846153846155
Donovan Solano,SF,SS,135.0,405.0,49.0,133.0,28.0,2.0,7.0,52.0,20.0,88.0,0.0,0.0,186.0,0.3284,0.36,0.4593,0.8193,0.1309,965.8,7.154074074074074
Addison Russell,CHC,2B,82.0,215.0,25.0,51.0,4.0,1.0,9.0,23.0,20.0,58.0,2.0,0.0,84.0,0.2372,0.3021,0.3907,0.6928,0.1535,493.5,6.0182926829268295
Brad Miller,PHI,3B,127.0,296.0,47.0,73.0,14.0,2.0,20.0,50.0,40.0,91.0,3.0,0.0,151.0,0.2466,0.3363,0.5101,0.8464,0.2635,928.4,7.310236220472441
Russell Martin,LAD,C,83.0,209.0,29.0,46.0,5.0,0.0,6.0,20.0,30.0,60.0,1.0,0.0,69.0,0.2201,0.318,0.3301,0.6481,0.11,489.8,5.901204819277108
Mike Ford,NYY,1B,79.0,217.0,35.0,47.0,11.0,0.0,14.0,36.0,24.0,44.0,0.0,0.0,100.0,0.2166,0.2946,0.4608,0.7554,0.2442,625.0,7.9113924050632916
Hernan Perez,MIL,3B,91.0,232.0,29.0,53.0,11.0,0.0,8.0,18.0,11.0,66.0,5.0,1.0,88.0,0.2284,0.2634,0.3793,0.6427,0.1509,482.8,5.305494505494505
Luis Urias,SD,2B,71.0,215.0,27.0,48.0,8.0,1.0,4.0,24.0,25.0,56.0,0.0,1.0,70.0,0.2233,0.3042,0.3256,0.6298,0.1023,482.4,6.794366197183098
Ian Happ,CHC,CF,115.0,338.0,52.0,88.0,18.0,2.0,23.0,58.0,45.0,102.0,3.0,3.0,179.0,0.2604,0.3473,0.5296,0.8769,0.2692,1065.4,9.264347826086958
Alex Avila,ARI,C,86.0,213.0,28.0,43.0,10.0,0.0,10.0,26.0,47.0,90.0,1.0,0.0,83.0,0.2019,0.3462,0.3897,0.7359,0.1878,585.6,6.809302325581395
Guillermo Heredia,TB,CF,104.0,237.0,37.0,53.0,13.0,0.0,7.0,25.0,21.0,69.0,3.0,2.0,87.0,0.2236,0.2868,0.3671,0.6539,0.1435,565.9,5.441346153846154
Ryan Cordell,CHW,RF,102.0,225.0,22.0,49.0,8.0,0.0,7.0,24.0,19.0,72.0,4.0,1.0,78.0,0.2178,0.2787,0.3467,0.6254,0.1289,478.4,4.690196078431373
Tyler White,LAD,1B,83.0,240.0,18.0,50.0,14.0,0.0,3.0,23.0,36.0,78.0,0.0,0.0,73.0,0.2083,0.3116,0.3042,0.6158,0.0959,465.1,5.603614457831325
Gordon Beckham,DET,SS,83.0,223.0,29.0,48.0,13.0,2.0,6.0,15.0,13.0,68.0,3.0,1.0,83.0,0.2152,0.2585,0.3722,0.6307,0.157,463.3,5.581927710843374
Mike Freeman,CLE,2B,99.0,215.0,32.0,58.0,11.0,0.0,4.0,27.0,25.0,72.0,1.0,2.0,81.0,0.2698,0.3458,0.3767,0.7225,0.1069,535.9,5.413131313131313
Chance Sisco,BAL,C,95.0,265.0,40.0,56.0,11.0,0.0,12.0,30.0,39.0,102.0,0.0,1.0,103.0,0.2113,0.3125,0.3887,0.7012,0.1774,704.0,7.410526315789474
Tyler Austin,MIL,1B,89.0,154.0,30.0,29.0,5.0,1.0,9.0,24.0,24.0,67.0,2.0,0.0,63.0,0.1883,0.2978,0.4091,0.7069,0.2208,453.0,5.089887640449438
Kyle Farmer,CIN,2B,130.0,247.0,26.0,59.0,9.0,0.0,9.0,31.0,15.0,72.0,5.0,1.0,95.0,0.2389,0.2824,0.3846,0.667,0.1457,563.6999999999999,4.336153846153846
Ildemaro Vargas,ARI,2B,117.0,252.0,31.0,64.0,10.0,2.0,7.0,27.0,11.0,34.0,1.0,0.0,99.0,0.254,0.2852,0.3929,0.6781,0.1389,529.7,4.527350427350428
Ryon Healy,SEA,3B,51.0,176.0,24.0,41.0,16.0,0.0,7.0,26.0,13.0,42.0,0.0,0.0,78.0,0.233,0.2857,0.4432,0.7289,0.2102,443.8,8.701960784313727
Travis Shaw,MIL,2B,136.0,393.0,39.0,75.0,15.0,0.0,13.0,33.0,52.0,139.0,0.0,0.0,129.0,0.1908,0.2854,0.3282,0.6136,0.1374,795.3,5.847794117647059
Kevan Smith,LAA,C,85.0,222.0,24.0,56.0,15.0,0.0,6.0,28.0,21.0,48.0,2.0,0.0,89.0,0.2523,0.3169,0.4009,0.7178,0.1486,528.8,6.221176470588235
Trent Grisham,MIL,RF,110.0,371.0,66.0,90.0,14.0,5.0,16.0,50.0,51.0,112.0,11.0,2.0,162.0,0.2426,0.3341,0.4367,0.7708,0.1941,1112.2,10.110909090909091
Austin Slater,SF,RF,99.0,253.0,38.0,64.0,11.0,4.0,10.0,28.0,38.0,81.0,9.0,1.0,113.0,0.253,0.3505,0.4466,0.7971,0.1936,738.6,7.460606060606061
Daniel Robertson,TB,2B,87.0,228.0,27.0,51.0,9.0,1.0,2.0,21.0,27.0,65.0,2.0,2.0,68.0,0.2237,0.3059,0.2982,0.6041,0.0745,474.90000000000003,5.458620689655173
Keon Broxton,SEA,CF,100.0,204.0,24.0,34.0,4.0,0.0,6.0,16.0,20.0,104.0,10.0,6.0,56.0,0.1667,0.2411,0.2745,0.5156,0.1078,423.8,4.238
Ryan Zimmerman,WSH,1B,52.0,171.0,20.0,44.0,9.0,0.0,6.0,27.0,17.0,39.0,0.0,0.0,71.0,0.2573,0.3245,0.4152,0.7397,0.1579,422.5,8.125
Ty France,SD,3B,112.0,325.0,39.0,86.0,17.0,2.0,11.0,47.0,20.0,86.0,0.0,2.0,140.0,0.2646,0.3072,0.4308,0.738,0.1662,799.3,7.136607142857143
Isiah Kiner-Falefa,TEX,3B,124.0,413.0,51.0,107.0,16.0,4.0,4.0,31.0,28.0,81.0,11.0,5.0,143.0,0.2591,0.3061,0.3462,0.6523,0.0871,868.7,7.005645161290323
Willians Astudillo,MIN,C,66.0,206.0,32.0,55.0,10.0,0.0,5.0,24.0,5.0,10.0,0.0,0.0,80.0,0.267,0.2844,0.3883,0.6727,0.1213,456.40000000000003,6.915151515151516
Matt Wieters,STL,C,86.0,203.0,18.0,43.0,5.0,0.0,11.0,31.0,15.0,57.0,1.0,1.0,81.0,0.2118,0.2661,0.399,0.6651,0.1872,469.1,5.4546511627906975
Jacob Stallings,PIT,C,115.0,316.0,39.0,81.0,12.0,0.0,9.0,31.0,31.0,80.0,0.0,0.0,120.0,0.2563,0.3228,0.3797,0.7025,0.1234,692.3,6.02
Nathaniel Lowe,TB,1B,50.0,152.0,24.0,40.0,8.0,0.0,7.0,19.0,13.0,50.0,0.0,0.0,69.0,0.2632,0.3212,0.4539,0.7751,0.1907,395.3,7.906000000000001
Shed Long,SEA,2B,42.0,152.0,21.0,40.0,12.0,1.0,5.0,15.0,16.0,40.0,3.0,4.0,69.0,0.2632,0.3333,0.4539,0.7872,0.1907,392.7,9.35
Derek Fisher,TOR,CF,74.0,177.0,28.0,34.0,6.0,2.0,8.0,24.0,28.0,68.0,5.0,2.0,68.0,0.1921,0.3024,0.3842,0.6866,0.1921,491.6,6.643243243243243
Martin Prado,MIA,1B,104.0,245.0,26.0,57.0,9.0,0.0,2.0,15.0,12.0,41.0,0.0,0.0,72.0,0.2327,0.2685,0.2939,0.5624,0.0612,387.7,3.7278846153846152
Gregory Polanco,PIT,RF,93.0,310.0,35.0,61.0,14.0,1.0,13.0,39.0,25.0,114.0,6.0,3.0,116.0,0.1968,0.2567,0.3742,0.6309,0.1774,710.5,7.639784946236559
Chris Iannetta,COL,C,52.0,144.0,20.0,32.0,10.0,0.0,6.0,21.0,18.0,54.0,0.0,0.0,60.0,0.2222,0.3086,0.4167,0.7253,0.1945,374.5,7.201923076923077
Manny Pina,MIL,C,76.0,158.0,10.0,36.0,8.0,0.0,7.0,25.0,16.0,50.0,0.0,0.0,65.0,0.2278,0.2989,0.4114,0.7103,0.1836,374.5,4.927631578947368
Jung Ho Kang,PIT,SS,65.0,172.0,15.0,29.0,7.0,1.0,10.0,24.0,11.0,60.0,0.0,0.0,68.0,0.1686,0.2186,0.3953,0.6139,0.2267,372.0,5.723076923076923
Matt Thaiss,LAA,3B,61.0,168.0,20.0,34.0,7.0,0.0,9.0,24.0,21.0,60.0,0.0,0.0,68.0,0.2024,0.291,0.4048,0.6958,0.2024,415.0,6.80327868852459
Austin Dean,MIA,LF,67.0,182.0,18.0,41.0,15.0,0.0,6.0,21.0,12.0,49.0,0.0,2.0,74.0,0.2253,0.2732,0.4066,0.6798,0.1813,389.09999999999997,5.807462686567163
Justin Bour,LAA,1B,52.0,151.0,18.0,26.0,5.0,0.0,8.0,26.0,17.0,52.0,0.0,0.0,55.0,0.1722,0.256,0.3642,0.6202,0.192,367.6,7.06923076923077
Yairo Munoz,STL,3B,88.0,172.0,20.0,46.0,7.0,1.0,2.0,13.0,7.0,37.0,8.0,3.0,61.0,0.2674,0.2961,0.3547,0.6508,0.0873,364.5,4.142045454545454
Isan Diaz,MIA,2B,49.0,179.0,17.0,31.0,5.0,2.0,5.0,23.0,19.0,59.0,0.0,3.0,55.0,0.1732,0.2525,0.3073,0.5598,0.1341,362.9,7.406122448979591
Nick Solak,TEX,2B,91.0,325.0,46.0,90.0,16.0,1.0,7.0,40.0,33.0,71.0,9.0,1.0,129.0,0.2769,0.3436,0.3969,0.7405,0.12,845.2,9.287912087912089
Grayson Greiner,DET,C,76.0,258.0,26.0,48.0,7.0,1.0,8.0,27.0,16.0,90.0,0.0,0.0,81.0,0.186,0.2336,0.314,0.5476,0.128,474.70000000000005,6.246052631578948
Adam Duvall,ATL,LF,98.0,310.0,51.0,77.0,12.0,1.0,26.0,52.0,22.0,93.0,0.0,0.0,169.0,0.2484,0.2982,0.5452,0.8434,0.2968,933.1999999999999,9.522448979591836
Ben Zobrist,CHC,RF,48.0,150.0,24.0,39.0,5.0,0.0,1.0,17.0,23.0,24.0,0.0,0.0,47.0,0.26,0.3584,0.3133,0.6717,0.0533,349.3,7.277083333333334
Travis Demeritte,DET,2B,66.0,198.0,29.0,43.0,8.0,2.0,3.0,14.0,17.0,77.0,3.0,0.0,64.0,0.2172,0.2791,0.3232,0.6023,0.106,408.8,6.193939393939394
Joey Rickard,SF,RF,72.0,173.0,15.0,38.0,9.0,2.0,3.0,10.0,19.0,51.0,4.0,2.0,60.0,0.2197,0.2969,0.3468,0.6437,0.1271,353.0,4.902777777777778
Bubba Starling,KC,CF,91.0,245.0,31.0,50.0,8.0,0.0,5.0,17.0,13.0,83.0,2.0,0.0,73.0,0.2041,0.2442,0.298,0.5422,0.0939,431.7,4.743956043956044
Myles Straw,HOU,CF,89.0,190.0,35.0,46.0,8.0,2.0,0.0,15.0,23.0,46.0,14.0,3.0,58.0,0.2421,0.3239,0.3053,0.6292,0.0632,491.5,5.522471910112359
Michael Brosseau,TB,2B,52.0,132.0,17.0,36.0,7.0,0.0,6.0,16.0,7.0,39.0,1.0,0.0,61.0,0.2727,0.3094,0.4621,0.7715,0.1894,326.4,6.276923076923077
Tyler O'Neill,STL,LF,111.0,280.0,38.0,61.0,11.0,0.0,12.0,35.0,25.0,96.0,4.0,1.0,108.0,0.2179,0.282,0.3857,0.6677,0.1678,673.1,6.063963963963964
Daniel Descalso,CHC,2B,82.0,168.0,20.0,29.0,5.0,1.0,2.0,15.0,23.0,57.0,2.0,1.0,42.0,0.1726,0.2723,0.25,0.5223,0.0774,323.5,3.9451219512195124
Sam Travis,BOS,1B,59.0,144.0,17.0,31.0,4.0,1.0,6.0,16.0,11.0,36.0,2.0,0.0,55.0,0.2153,0.271,0.3819,0.6529,0.1666,323.4,5.48135593220339
Mark Reynolds,COL,1B,78.0,135.0,13.0,23.0,7.0,0.0,4.0,20.0,22.0,57.0,2.0,0.0,42.0,0.1704,0.2866,0.3111,0.5977,0.1407,321.6,4.1230769230769235
Josh Rojas,ARI,3B,58.0,199.0,26.0,41.0,7.0,0.0,2.0,18.0,25.0,57.0,5.0,4.0,54.0,0.206,0.2946,0.2714,0.566,0.0654,416.2,7.175862068965517
Sean Rodriguez,PHI,3B,76.0,112.0,24.0,25.0,5.0,0.0,4.0,12.0,19.0,41.0,1.0,1.0,42.0,0.2232,0.3359,0.375,0.7109,0.1518,316.8,4.1684210526315795
Cesar Puello,MIA,RF,45.0,125.0,14.0,31.0,5.0,0.0,4.0,18.0,10.0,38.0,0.0,0.0,48.0,0.248,0.3037,0.384,0.6877,0.136,314.8,6.995555555555556
Lewis Brinson,MIA,CF,122.0,332.0,29.0,63.0,15.0,1.0,3.0,27.0,19.0,104.0,5.0,1.0,89.0,0.1898,0.2336,0.2681,0.5017,0.0783,559.3,4.584426229508196
Charlie Culberson,ATL,LF,118.0,142.0,16.0,36.0,6.0,2.0,5.0,21.0,6.0,48.0,0.0,1.0,61.0,0.2535,0.2838,0.4296,0.7134,0.1761,328.7,2.785593220338983
Kendrys Morales,NYY,DH,53.0,170.0,16.0,33.0,2.0,1.0,2.0,12.0,26.0,26.0,0.0,0.0,43.0,0.1941,0.301,0.2529,0.5539,0.0588,312.2,5.890566037735849
Pablo Reyes,PIT,LF,72.0,143.0,18.0,29.0,7.0,2.0,2.0,19.0,13.0,36.0,1.0,1.0,46.0,0.2028,0.2692,0.3217,0.5909,0.1189,310.1,4.3069444444444445
Kevin Plawecki,CLE,C,84.0,240.0,21.0,63.0,15.0,1.0,4.0,34.0,17.0,45.0,1.0,1.0,92.0,0.2625,0.3113,0.3833,0.6946,0.1208,534.2,6.35952380952381
Eduardo Nunez,BOS,3B,60.0,167.0,13.0,38.0,7.0,0.0,2.0,20.0,4.0,27.0,5.0,1.0,51.0,0.2275,0.2456,0.3054,0.551,0.0779,306.6,5.11
Sandy Leon,BOS,C,65.0,172.0,14.0,33.0,3.0,0.0,5.0,19.0,13.0,47.0,0.0,0.0,51.0,0.1919,0.2486,0.2965,0.5451,0.1046,306.3,4.712307692307692
Roman Quinn,PHI,CF,85.0,216.0,32.0,46.0,6.0,2.0,6.0,18.0,17.0,73.0,20.0,0.0,74.0,0.213,0.2704,0.3426,0.613,0.1296,567.4000000000001,6.67529411764706
Jeff Mathis,TEX,C,112.0,290.0,23.0,46.0,10.0,1.0,5.0,21.0,20.0,111.0,2.0,0.0,73.0,0.1586,0.2129,0.2517,0.4646,0.0931,438.09999999999997,3.9116071428571426
Francisco Cervelli,ATL,C,64.0,194.0,25.0,43.0,10.0,1.0,6.0,19.0,21.0,55.0,2.0,0.0,73.0,0.2216,0.2977,0.3763,0.674,0.1547,458.5,7.1640625
D.J. Stewart,BAL,RF,44.0,126.0,15.0,30.0,6.0,0.0,4.0,15.0,14.0,26.0,1.0,2.0,48.0,0.2381,0.3143,0.381,0.6953,0.1429,295.5,6.715909090909091
Chris Owings,BOS,2B,84.0,221.0,22.0,36.0,7.0,1.0,5.0,19.0,17.0,89.0,6.0,2.0,60.0,0.1629,0.2227,0.2715,0.4942,0.1086,409.90000000000003,4.879761904761905
Cole Tucker,PIT,SS,94.0,256.0,33.0,55.0,13.0,3.0,3.0,21.0,15.0,71.0,1.0,0.0,83.0,0.2148,0.2583,0.3242,0.5825,0.1094,482.1,5.12872340425532
Matt Duffy,TB,3B,46.0,147.0,12.0,37.0,8.0,0.0,1.0,12.0,19.0,29.0,0.0,1.0,48.0,0.2517,0.3373,0.3265,0.6638,0.0748,287.4,6.247826086956521
Carlos Gonzalez,CHC,RF,45.0,145.0,21.0,29.0,3.0,0.0,3.0,10.0,18.0,52.0,0.0,3.0,41.0,0.2,0.2883,0.2828,0.5711,0.0828,282.2,6.271111111111111
Tim Lopes,SEA,2B,88.0,254.0,27.0,64.0,19.0,0.0,3.0,27.0,21.0,63.0,11.0,3.0,92.0,0.252,0.3091,0.3622,0.6713,0.1102,594.9,6.760227272727272
Ryan Goins,CHW,2B,66.0,153.0,17.0,36.0,6.0,1.0,2.0,10.0,18.0,45.0,0.0,1.0,50.0,0.2353,0.3158,0.3268,0.6426,0.0915,296.40000000000003,4.490909090909091
Charlie Tilson,CHW,CF,54.0,144.0,16.0,33.0,5.0,0.0,1.0,12.0,10.0,38.0,4.0,0.0,41.0,0.2292,0.2792,0.2847,0.5639,0.0555,279.2,5.17037037037037
Sam Hilliard,COL,RF,63.0,182.0,26.0,43.0,6.0,4.0,13.0,23.0,18.0,65.0,5.0,0.0,96.0,0.2363,0.305,0.5275,0.8325,0.2912,538.7,8.550793650793652
Odubel Herrera,PHI,CF,39.0,126.0,12.0,28.0,10.0,1.0,1.0,16.0,11.0,33.0,2.0,3.0,43.0,0.2222,0.2847,0.3413,0.626,0.1191,271.4,6.958974358974358
Marco Hernandez,BOS,3B,63.0,148.0,18.0,37.0,7.0,0.0,2.0,11.0,3.0,42.0,1.0,2.0,50.0,0.25,0.2649,0.3378,0.6027,0.0878,270.1,4.287301587301588
Cameron Gallagher,KC,C,46.0,126.0,14.0,31.0,7.0,0.0,3.0,12.0,11.0,28.0,0.0,1.0,47.0,0.246,0.3066,0.373,0.6796,0.127,269.8,5.865217391304348
Tyler Wade,NYY,SS,95.0,182.0,35.0,38.0,6.0,1.0,5.0,21.0,23.0,50.0,11.0,1.0,61.0,0.2088,0.2976,0.3352,0.6328,0.1264,515.5,5.426315789473684
Bryan Holaday,MIA,C,66.0,147.0,17.0,37.0,7.0,0.0,4.0,16.0,13.0,30.0,0.0,1.0,56.0,0.2517,0.3125,0.381,0.6935,0.1293,320.4,4.8545454545454545
Andrew Knapp,PHI,C,107.0,208.0,21.0,49.0,13.0,1.0,4.0,23.0,33.0,70.0,0.0,0.0,76.0,0.2356,0.3402,0.3654,0.7056,0.1298,486.7,4.548598130841121
Mac Williamson,SEA,LF,40.0,128.0,13.0,20.0,1.0,0.0,4.0,17.0,14.0,44.0,2.0,1.0,33.0,0.1562,0.2394,0.2578,0.4972,0.1016,260.1,6.5025
Jon Jay,CHW,CF,65.0,215.0,17.0,52.0,9.0,0.0,1.0,13.0,11.0,42.0,0.0,0.0,64.0,0.2419,0.2788,0.2977,0.5765,0.0558,336.9,5.183076923076923
Erik Gonzalez,PIT,2B,53.0,142.0,15.0,36.0,4.0,1.0,1.0,6.0,9.0,37.0,4.0,1.0,45.0,0.2535,0.298,0.3169,0.6149,0.0634,258.0,4.867924528301887
J.T. Riddle,MIA,SS,51.0,132.0,15.0,25.0,6.0,0.0,6.0,12.0,5.0,42.0,0.0,0.0,49.0,0.1894,0.219,0.3712,0.5902,0.1818,258.0,5.0588235294117645
Reese McGuire,TOR,C,49.0,138.0,16.0,32.0,7.0,0.0,6.0,12.0,7.0,29.0,0.0,0.0,57.0,0.2319,0.269,0.413,0.682,0.1811,285.2,5.820408163265306
Jose Trevino,TEX,C,64.0,196.0,28.0,50.0,17.0,0.0,4.0,22.0,6.0,42.0,0.0,0.0,79.0,0.2551,0.2772,0.4031,0.6803,0.148,424.6,6.634375
Mauricio Dubon,SF,SS,30.0,106.0,12.0,29.0,5.0,0.0,4.0,9.0,5.0,20.0,3.0,1.0,46.0,0.2736,0.3063,0.434,0.7403,0.1604,240.9,8.03
Dustin Garneau,OAK,C,52.0,124.0,18.0,27.0,5.0,1.0,4.0,18.0,16.0,37.0,0.0,0.0,46.0,0.2177,0.3071,0.371,0.6781,0.1533,318.6,6.126923076923077
Kyle Tucker,HOU,RF,80.0,276.0,48.0,74.0,18.0,6.0,13.0,53.0,22.0,66.0,13.0,1.0,143.0,0.2681,0.3221,0.5181,0.8402,0.25,915.1,11.43875
Wilmer Difo,WSH,SS,55.0,145.0,16.0,34.0,2.0,0.0,2.0,9.0,15.0,33.0,0.0,1.0,42.0,0.2345,0.3062,0.2897,0.5959,0.0552,253.7,4.612727272727272
Austin Hays,BAL,RF,54.0,190.0,32.0,55.0,8.0,0.0,8.0,22.0,15.0,38.0,4.0,3.0,87.0,0.2895,0.3415,0.4579,0.7994,0.1684,515.4,9.544444444444444
Rosell Herrera,MIA,SS,63.0,105.0,10.0,21.0,6.0,0.0,2.0,11.0,11.0,27.0,4.0,1.0,33.0,0.2,0.2759,0.3143,0.5902,0.1143,232.5,3.6904761904761907
Tomas Nido,NYM,C,50.0,136.0,9.0,26.0,5.0,0.0,4.0,14.0,7.0,37.0,0.0,0.0,43.0,0.1912,0.2308,0.3162,0.547,0.125,227.8,4.556
Scooter Gennett,SF,2B,43.0,133.0,15.0,30.0,7.0,0.0,2.0,11.0,2.0,41.0,0.0,0.0,43.0,0.2256,0.237,0.3233,0.5603,0.0977,227.5,5.290697674418604
Jace Peterson,BAL,2B,55.0,145.0,20.0,31.0,4.0,1.0,4.0,16.0,21.0,44.0,5.0,1.0,49.0,0.2138,0.3133,0.3379,0.6512,0.1241,363.0,6.6
Kevin Cron,ARI,1B,47.0,88.0,12.0,15.0,4.0,0.0,6.0,16.0,5.0,35.0,0.0,1.0,37.0,0.1705,0.2151,0.4205,0.6356,0.25,232.4,4.94468085106383
Jose Rondon,BAL,SS,56.0,143.0,10.0,28.0,3.0,0.0,3.0,9.0,11.0,38.0,0.0,0.0,40.0,0.1958,0.2532,0.2797,0.5329,0.0839,222.5,3.9732142857142856
Meibrys Viloria,KC,C,57.0,154.0,8.0,32.0,8.0,0.0,1.0,15.0,12.0,53.0,0.0,1.0,43.0,0.2078,0.2651,0.2792,0.5443,0.0714,246.1,4.317543859649123
Josh Harrison,DET,2B,71.0,215.0,21.0,46.0,9.0,1.0,4.0,22.0,12.0,38.0,5.0,4.0,69.0,0.214,0.2555,0.3209,0.5764,0.1069,435.2,6.129577464788732
Lucas Duda,KC,1B,39.0,105.0,7.0,18.0,4.0,0.0,4.0,15.0,11.0,32.0,0.0,0.0,34.0,0.1714,0.25,0.3238,0.5738,0.1524,212.9,5.458974358974359
Seth Brown,OAK,LF,33.0,80.0,11.0,22.0,8.0,2.0,0.0,13.0,7.0,25.0,1.0,0.0,34.0,0.275,0.3333,0.425,0.7583,0.15,212.7,6.445454545454545
Kyle Lewis,SEA,RF,76.0,277.0,47.0,73.0,8.0,0.0,17.0,41.0,37.0,100.0,5.0,0.0,132.0,0.2635,0.3503,0.4765,0.8268,0.213,830.9,10.932894736842105
Nico Hoerner,CHC,SS,68.0,186.0,32.0,46.0,5.0,1.0,3.0,30.0,15.0,35.0,3.0,2.0,62.0,0.2473,0.3035,0.3333,0.6368,0.086,465.4,6.844117647058823
Zack Collins,CHW,C,36.0,102.0,11.0,17.0,4.0,1.0,3.0,12.0,16.0,44.0,0.0,0.0,32.0,0.1667,0.2797,0.3137,0.5934,0.147,224.2,6.227777777777778
Cory Spangenberg,MIL,3B,32.0,95.0,11.0,22.0,2.0,2.0,2.0,10.0,6.0,36.0,3.0,0.0,34.0,0.2316,0.2772,0.3579,0.6351,0.1263,208.2,6.50625
Carlos Gomez,NYM,RF,34.0,86.0,10.0,17.0,3.0,0.0,3.0,10.0,7.0,30.0,4.0,1.0,29.0,0.1977,0.2581,0.3372,0.5953,0.1395,208.0,6.117647058823529
Thairo Estrada,NYY,SS,61.0,112.0,20.0,24.0,3.0,0.0,4.0,15.0,4.0,34.0,5.0,0.0,39.0,0.2143,0.2414,0.3482,0.5896,0.1339,284.5,4.663934426229508
Abraham Toro-Hernandez,HOU,3B,25.0,78.0,13.0,17.0,3.0,2.0,2.0,9.0,9.0,19.0,1.0,1.0,30.0,0.2179,0.2989,0.3846,0.6835,0.1667,199.1,7.9639999999999995
Terrance Gore,KC,CF,39.0,51.0,13.0,14.0,2.0,1.0,0.0,1.0,6.0,18.0,13.0,5.0,18.0,0.2745,0.3509,0.3529,0.7038,0.0784,198.1,5.079487179487179
Michael A. Taylor,WSH,CF,91.0,180.0,21.0,40.0,13.0,0.0,6.0,19.0,13.0,61.0,6.0,0.0,71.0,0.2222,0.2746,0.3944,0.669,0.1722,424.7,4.667032967032967
Giancarlo Stanton,NYY,DH,41.0,135.0,20.0,36.0,10.0,0.0,7.0,24.0,27.0,51.0,1.0,1.0,67.0,0.2667,0.3889,0.4963,0.8852,0.2296,442.0,10.78048780487805
Robel Garcia,CHC,2B,31.0,72.0,8.0,15.0,2.0,2.0,5.0,11.0,7.0,35.0,0.0,0.0,36.0,0.2083,0.2785,0.5,0.7785,0.2917,193.1,6.229032258064516
Gavin Lux,LAD,2B,42.0,138.0,20.0,29.0,6.0,1.0,5.0,17.0,13.0,43.0,3.0,0.0,52.0,0.2101,0.2781,0.3768,0.6549,0.1667,336.5,8.011904761904763
Jake Rogers,DET,C,35.0,112.0,11.0,14.0,3.0,0.0,4.0,8.0,13.0,51.0,0.0,0.0,29.0,0.125,0.216,0.2589,0.4749,0.1339,192.2,5.491428571428571
Blake Swihart,ARI,C,43.0,92.0,13.0,15.0,1.0,0.0,4.0,13.0,6.0,36.0,0.0,0.0,28.0,0.163,0.2143,0.3043,0.5186,0.1413,192.1,4.467441860465116
Willi Castro,DET,SS,66.0,229.0,31.0,68.0,10.0,3.0,7.0,32.0,13.0,72.0,0.0,2.0,105.0,0.2969,0.3347,0.4585,0.7932,0.1616,574.2,8.700000000000001
Nick Martini,SD,RF,32.0,93.0,8.0,21.0,4.0,1.0,1.0,7.0,14.0,26.0,0.0,0.0,30.0,0.2258,0.3271,0.3226,0.6497,0.0968,185.1,5.784375
Sean Murphy,OAK,C,62.0,168.0,35.0,40.0,10.0,0.0,11.0,22.0,30.0,52.0,0.0,0.0,83.0,0.2381,0.3535,0.494,0.8475,0.2559,531.0,8.564516129032258
Rafael Ortega,ATL,LF,34.0,88.0,7.0,18.0,3.0,0.0,2.0,10.0,8.0,22.0,3.0,0.0,27.0,0.2045,0.2708,0.3068,0.5776,0.1023,180.4,5.305882352941176
Luke Maile,TOR,C,46.0,119.0,9.0,18.0,2.0,1.0,2.0,9.0,8.0,33.0,1.0,0.0,28.0,0.1513,0.2047,0.2353,0.44,0.084,174.3,3.789130434782609
Edwin Rios,LAD,3B,28.0,47.0,10.0,13.0,2.0,1.0,4.0,8.0,9.0,21.0,0.0,0.0,29.0,0.2766,0.3929,0.617,1.0099,0.3404,174.0,6.214285714285714
Scott Heineman,TEX,1B,50.0,127.0,14.0,24.0,9.0,0.0,3.0,14.0,11.0,31.0,4.0,2.0,42.0,0.189,0.2536,0.3307,0.5843,0.1417,279.8,5.596
Humberto Arteaga,KC,SS,41.0,122.0,11.0,24.0,4.0,0.0,0.0,4.0,8.0,28.0,1.0,1.0,28.0,0.1967,0.2462,0.2295,0.4757,0.0328,169.2,4.126829268292683
Kris Negron,LAD,3B,40.0,77.0,12.0,19.0,1.0,0.0,2.0,8.0,5.0,26.0,1.0,1.0,26.0,0.2468,0.2927,0.3377,0.6304,0.0909,165.4,4.135
Lane Thomas,STL,LF,52.0,74.0,11.0,16.0,2.0,1.0,5.0,14.0,8.0,21.0,1.0,1.0,35.0,0.2162,0.2927,0.473,0.7657,0.2568,225.2,4.3307692307692305
Jonathan Davis,TOR,CF,50.0,110.0,12.0,22.0,3.0,0.0,3.0,12.0,8.0,35.0,4.0,1.0,34.0,0.2,0.2542,0.3091,0.5633,0.1091,251.39999999999998,5.028
Jedd Gyorko,LAD,3B,105.0,209.0,25.0,45.0,4.0,0.0,11.0,26.0,24.0,62.0,2.0,0.0,82.0,0.2153,0.2961,0.3923,0.6884,0.177,504.0,4.8
Scott Schebler,CIN,RF,31.0,82.0,11.0,10.0,2.0,0.0,2.0,7.0,14.0,27.0,0.0,1.0,18.0,0.122,0.25,0.2195,0.4695,0.0975,155.7,5.02258064516129
Steve Pearce,BOS,1B,29.0,89.0,9.0,16.0,4.0,0.0,1.0,9.0,7.0,31.0,0.0,0.0,23.0,0.1798,0.2396,0.2584,0.498,0.0786,153.3,5.286206896551724
Chris Herrmann,OAK,C,30.0,84.0,9.0,17.0,3.0,0.0,1.0,8.0,9.0,29.0,0.0,0.0,23.0,0.2024,0.2796,0.2738,0.5534,0.0714,152.8,5.093333333333334
Ryan McBroom,KC,1B,59.0,156.0,16.0,42.0,8.0,0.0,6.0,16.0,11.0,55.0,0.0,0.0,68.0,0.2692,0.3174,0.4359,0.7533,0.1667,347.2,5.884745762711864
LaMonte Wade,MIN,CF,26.0,56.0,10.0,11.0,2.0,1.0,2.0,5.0,11.0,9.0,0.0,0.0,21.0,0.1964,0.3284,0.375,0.7034,0.1786,151.5,5.826923076923077
Kelvin Gutierrez,KC,3B,24.0,82.0,4.0,20.0,2.0,1.0,1.0,11.0,8.0,30.0,1.0,0.0,27.0,0.2439,0.3111,0.3293,0.6404,0.0854,162.3,6.7625
John Ryan Murphy,ATL,C,51.0,121.0,15.0,21.0,5.0,0.0,4.0,9.0,10.0,56.0,0.0,0.0,38.0,0.1736,0.2366,0.314,0.5506,0.1404,223.5,4.382352941176471
Pat Valaika,COL,3B,92.0,220.0,35.0,54.0,9.0,1.0,9.0,20.0,15.0,68.0,0.0,2.0,92.0,0.2455,0.2936,0.4182,0.7118,0.1727,503.0,5.467391304347826
Max Stassi,LAA,C,84.0,222.0,19.0,43.0,3.0,0.0,8.0,25.0,23.0,70.0,0.0,0.0,70.0,0.1937,0.2694,0.3153,0.5847,0.1216,433.29999999999995,5.158333333333333
Tim Federowicz,TEX,C,29.0,75.0,6.0,12.0,2.0,0.0,4.0,7.0,5.0,31.0,1.0,0.0,26.0,0.16,0.2125,0.3467,0.5592,0.1867,142.7,4.9206896551724135
Brett Phillips,KC,RF,65.0,116.0,17.0,19.0,2.0,2.0,4.0,11.0,18.0,38.0,9.0,1.0,37.0,0.1638,0.2761,0.319,0.5951,0.1552,311.9,4.798461538461538
Nick Williams,PHI,RF,67.0,106.0,9.0,16.0,4.0,0.0,2.0,5.0,4.0,43.0,0.0,0.0,26.0,0.1509,0.1818,0.2453,0.4271,0.0944,142.3,2.1238805970149257
Kyle Higashioka,NYY,C,34.0,104.0,15.0,24.0,6.0,0.0,7.0,21.0,0.0,37.0,0.0,0.0,51.0,0.2308,0.2308,0.4904,0.7212,0.2596,274.5,8.073529411764707
Yu-Cheng Chang,CLE,SS,28.0,73.0,8.0,13.0,2.0,1.0,1.0,6.0,11.0,22.0,0.0,0.0,20.0,0.1781,0.2857,0.274,0.5597,0.0959,139.6,4.985714285714286
Jared Walsh,LAA,1B,67.0,178.0,25.0,45.0,9.0,3.0,10.0,31.0,11.0,50.0,0.0,0.0,90.0,0.2528,0.2963,0.5056,0.8019,0.2528,500.5,7.470149253731344
Kyle Garlick,LAD,LF,42.0,70.0,8.0,15.0,5.0,0.0,3.0,9.0,5.0,26.0,0.0,0.0,29.0,0.2143,0.2667,0.4143,0.681,0.2,162.1,3.8595238095238096
Yangervis Solarte,SF,2B,28.0,73.0,9.0,15.0,5.0,0.0,1.0,7.0,4.0,16.0,0.0,0.0,23.0,0.2055,0.2468,0.3151,0.5619,0.1096,134.3,4.796428571428572
Nick Dini,KC,C,20.0,56.0,11.0,11.0,3.0,0.0,2.0,6.0,4.0,18.0,0.0,0.0,20.0,0.1964,0.25,0.3571,0.6071,0.1607,134.2,6.709999999999999
Andrew Knizner,STL,C,26.0,69.0,8.0,16.0,3.0,0.0,2.0,11.0,4.0,19.0,2.0,0.0,25.0,0.2319,0.274,0.3623,0.6363,0.1304,166.10000000000002,6.38846153846154
Yonathan Daza,COL,CF,44.0,97.0,7.0,20.0,1.0,1.0,0.0,3.0,7.0,21.0,1.0,0.0,23.0,0.2062,0.2596,0.2371,0.4967,0.0309,128.9,2.9295454545454547
Christian Arroyo,TB,3B,31.0,100.0,15.0,23.0,3.0,0.0,5.0,15.0,9.0,29.0,0.0,0.0,41.0,0.23,0.2936,0.41,0.7036,0.18,253.5,8.17741935483871
Josh Fuentes,COL,3B,54.0,153.0,22.0,42.0,8.0,0.0,5.0,24.0,3.0,49.0,2.0,0.0,65.0,0.2745,0.2885,0.4248,0.7133,0.1503,373.4,6.9148148148148145
Luis Guillorme,NYM,SS,75.0,118.0,14.0,34.0,10.0,0.0,1.0,12.0,17.0,31.0,2.0,0.0,47.0,0.2881,0.3778,0.3983,0.7761,0.1102,290.79999999999995,3.8773333333333326
Tyler Saladino,MIL,SS,28.0,65.0,7.0,8.0,0.0,0.0,2.0,8.0,5.0,26.0,2.0,0.0,14.0,0.1231,0.1857,0.2154,0.4011,0.0923,122.4,4.371428571428572
Brendan Rodgers,COL,SS,32.0,97.0,9.0,19.0,3.0,0.0,0.0,9.0,4.0,33.0,0.0,0.0,22.0,0.1959,0.2277,0.2268,0.4545,0.0309,141.29999999999998,4.4156249999999995
Abraham Almonte,ARI,CF,24.0,42.0,11.0,10.0,3.0,1.0,1.0,4.0,9.0,12.0,1.0,1.0,18.0,0.2381,0.3725,0.4286,0.8011,0.1905,136.2,5.675
Nick Hundley,OAK,C,31.0,70.0,5.0,14.0,3.0,1.0,2.0,5.0,2.0,18.0,0.0,1.0,25.0,0.2,0.2222,0.3571,0.5793,0.1571,117.5,3.7903225806451615
Matt Skole,CHW,3B,27.0,72.0,7.0,15.0,2.0,0.0,0.0,6.0,7.0,31.0,0.0,0.0,17.0,0.2083,0.2785,0.2361,0.5146,0.0278,115.4,4.274074074074075
Hanley Ramirez,CLE,DH,16.0,49.0,4.0,9.0,1.0,0.0,2.0,8.0,8.0,17.0,0.0,0.0,16.0,0.1837,0.2982,0.3265,0.6247,0.1428,112.8,7.05
Breyvic Valera,TOR,2B,17.0,47.0,7.0,11.0,2.0,1.0,1.0,6.0,4.0,7.0,0.0,0.0,18.0,0.234,0.2941,0.383,0.6771,0.149,112.4,6.611764705882353
Wilfredo Tovar,LAA,SS,31.0,83.0,5.0,16.0,5.0,0.0,0.0,5.0,5.0,15.0,0.0,0.0,21.0,0.1928,0.2386,0.253,0.4916,0.0602,111.5,3.596774193548387
Phil Gosselin,PHI,2B,83.0,157.0,19.0,40.0,8.0,0.0,3.0,19.0,13.0,43.0,0.0,0.0,57.0,0.2548,0.3118,0.3631,0.6749,0.1083,337.3,4.063855421686747
Nick Delmonico,CHW,LF,22.0,63.0,6.0,13.0,2.0,0.0,1.0,6.0,4.0,25.0,0.0,1.0,18.0,0.2063,0.2537,0.2857,0.5394,0.0794,109.2,4.963636363636364
Jack Mayfield,HOU,2B,47.0,106.0,13.0,18.0,6.0,0.0,2.0,8.0,3.0,30.0,0.0,0.0,30.0,0.1698,0.1927,0.283,0.4757,0.1132,171.6,3.6510638297872338
Austin Wynns,BAL,C,28.0,70.0,8.0,15.0,1.0,0.0,1.0,5.0,3.0,14.0,0.0,0.0,19.0,0.2143,0.2466,0.2714,0.518,0.0571,109.1,3.8964285714285714
Richard Urena,TOR,SS,30.0,74.0,4.0,18.0,6.0,0.0,0.0,4.0,2.0,23.0,0.0,0.0,24.0,0.2432,0.2632,0.3243,0.5875,0.0811,107.8,3.5933333333333333
Yadiel Rivera,MIA,SS,38.0,65.0,8.0,11.0,2.0,0.0,0.0,3.0,6.0,21.0,3.0,0.0,13.0,0.1692,0.2394,0.2,0.4394,0.0308,111.1,2.9236842105263157
Alex Blandino,CIN,SS,23.0,36.0,6.0,9.0,1.0,0.0,1.0,3.0,10.0,14.0,0.0,0.0,13.0,0.25,0.413,0.3611,0.7741,0.1111,104.7,4.552173913043478
Zack Cozart,LAA,3B,39.0,97.0,4.0,12.0,2.0,0.0,0.0,7.0,5.0,16.0,0.0,0.0,14.0,0.1237,0.1667,0.1443,0.311,0.0206,100.3,2.5717948717948715
Daniel Palka,CHW,RF,30.0,84.0,4.0,9.0,0.0,0.0,2.0,4.0,8.0,35.0,0.0,1.0,15.0,0.1071,0.1848,0.1786,0.3634,0.0715,98.8,3.2933333333333334
Michael Perez,TB,C,61.0,130.0,13.0,24.0,8.0,0.0,1.0,15.0,15.0,46.0,0.0,0.0,35.0,0.1846,0.269,0.2692,0.5382,0.0846,250.10000000000002,4.1000000000000005
Corban Joseph,PIT,2B,28.0,64.0,5.0,10.0,3.0,0.0,1.0,7.0,3.0,12.0,0.0,0.0,16.0,0.1562,0.194,0.25,0.444,0.0938,97.5,3.482142857142857
Sheldon Neuse,OAK,3B,25.0,55.0,3.0,14.0,3.0,0.0,0.0,7.0,4.0,18.0,0.0,0.0,17.0,0.2545,0.3051,0.3091,0.6142,0.0546,97.1,3.884
Michael Hermosillo,LAA,CF,25.0,44.0,7.0,7.0,1.0,1.0,0.0,5.0,6.0,20.0,3.0,0.0,10.0,0.1591,0.26,0.2273,0.4873,0.0682,117.9,4.716
Brian O'Grady,CIN,LF,30.0,47.0,6.0,10.0,3.0,1.0,2.0,3.0,4.0,18.0,1.0,0.0,21.0,0.2128,0.2745,0.4468,0.7213,0.234,116.69999999999999,3.8899999999999997
Austin Allen,SD,C,48.0,96.0,5.0,20.0,5.0,0.0,1.0,6.0,7.0,35.0,0.0,0.0,28.0,0.2083,0.2621,0.2917,0.5538,0.0834,142.0,2.9583333333333335
Chad Wallach,MIA,C,34.0,92.0,8.0,22.0,6.0,0.0,2.0,9.0,9.0,24.0,0.0,0.0,34.0,0.2391,0.3069,0.3696,0.6765,0.1305,186.1,5.473529411764706
Magneuris Sierra,MIA,CF,34.0,84.0,13.0,25.0,4.0,2.0,0.0,8.0,7.0,16.0,7.0,4.0,33.0,0.2976,0.3516,0.3929,0.7445,0.0953,234.6,6.8999999999999995
Rangel Ravelo,STL,1B,42.0,74.0,9.0,14.0,3.0,0.0,3.0,13.0,7.0,18.0,0.0,0.0,26.0,0.1892,0.2593,0.3514,0.6107,0.1622,173.3,4.126190476190477
Cedric Mullins,BAL,CF,70.0,204.0,23.0,44.0,4.0,5.0,3.0,16.0,12.0,51.0,8.0,2.0,67.0,0.2157,0.2593,0.3284,0.5877,0.1127,426.6,6.094285714285714
Franklin Barreto,OAK,2B,44.0,84.0,11.0,9.0,2.0,0.0,2.0,7.0,1.0,38.0,2.0,0.0,17.0,0.1071,0.1176,0.2024,0.32,0.0953,128.7,2.925
Danny Mendick,CHW,SS,49.0,146.0,17.0,38.0,4.0,1.0,5.0,10.0,7.0,36.0,0.0,1.0,59.0,0.2603,0.2941,0.4041,0.6982,0.1438,287.4,5.865306122448979
J.B. Shuck,PIT,LF,27.0,47.0,4.0,10.0,0.0,1.0,0.0,2.0,8.0,10.0,1.0,1.0,12.0,0.2128,0.3273,0.2553,0.5826,0.0425,88.8,3.2888888888888888
Dustin Peterson,DET,RF,17.0,44.0,3.0,10.0,4.0,0.0,0.0,6.0,2.0,14.0,1.0,0.0,14.0,0.2273,0.2609,0.3182,0.5791,0.0909,87.6,5.152941176470588
Bobby Bradley,CLE,1B,15.0,45.0,4.0,8.0,5.0,0.0,1.0,4.0,4.0,20.0,0.0,0.0,16.0,0.1778,0.2449,0.3556,0.6005,0.1778,86.8,5.786666666666666
Aramis Garcia,SF,C,18.0,42.0,5.0,6.0,1.0,0.0,2.0,5.0,4.0,21.0,0.0,0.0,13.0,0.1429,0.2174,0.3095,0.5269,0.1666,84.5,4.694444444444445
Matt Kemp,CIN,DH,63.0,177.0,22.0,40.0,5.0,0.0,7.0,26.0,16.0,60.0,1.0,0.0,66.0,0.226,0.2902,0.3729,0.6631,0.1469,413.40000000000003,6.561904761904763
Dom Nunez,COL,C,16.0,39.0,4.0,7.0,3.0,0.0,2.0,4.0,3.0,17.0,0.0,0.0,16.0,0.1795,0.2381,0.4103,0.6484,0.2308,83.8,5.2375
Domingo Leyba,ARI,2B,21.0,25.0,6.0,7.0,2.0,1.0,0.0,5.0,4.0,9.0,0.0,0.0,11.0,0.28,0.3793,0.44,0.8193,0.16,81.7,3.8904761904761904
Seth Mejias-Brean,SD,3B,14.0,30.0,3.0,7.0,2.0,0.0,2.0,5.0,3.0,9.0,0.0,0.0,15.0,0.2333,0.303,0.5,0.803,0.2667,81.1,5.792857142857143
Garrett Stubbs,HOU,C,33.0,43.0,9.0,8.0,3.0,0.0,0.0,3.0,4.0,7.0,1.0,1.0,11.0,0.186,0.2553,0.2558,0.5111,0.0698,90.3,2.7363636363636363
Jesus Sucre,BAL,C,21.0,62.0,3.0,13.0,2.0,0.0,0.0,3.0,4.0,13.0,0.0,0.0,15.0,0.2097,0.2576,0.2419,0.4995,0.0322,80.1,3.814285714285714
Gorkys Hernandez,BOS,LF,21.0,49.0,5.0,7.0,1.0,2.0,0.0,2.0,5.0,14.0,1.0,0.0,12.0,0.1429,0.2222,0.2449,0.4671,0.102,80.0,3.8095238095238093
Jason Martin,PIT,CF,27.0,45.0,7.0,9.0,2.0,0.0,0.0,2.0,6.0,14.0,2.0,0.0,11.0,0.2,0.2941,0.2444,0.5385,0.0444,92.4,3.4222222222222225
Taylor Ward,LAA,3B,54.0,136.0,20.0,34.0,9.0,2.0,1.0,7.0,14.0,51.0,2.0,0.0,50.0,0.25,0.32,0.3676,0.6876,0.1176,292.5,5.416666666666667
Ryan Lavarnway,CIN,C,11.0,29.0,4.0,9.0,2.0,0.0,2.0,7.0,1.0,7.0,0.0,0.0,17.0,0.3103,0.3333,0.5862,0.9195,0.2759,91.3,8.299999999999999
Aaron Altherr,NYM,RF,49.0,61.0,8.0,5.0,2.0,0.0,1.0,3.0,3.0,25.0,0.0,0.0,10.0,0.082,0.125,0.1639,0.2889,0.0819,78.1,1.593877551020408
Logan Morrison,PHI,1B,38.0,60.0,8.0,10.0,2.0,0.0,3.0,5.0,6.0,18.0,0.0,0.0,21.0,0.1667,0.2424,0.35,0.5924,0.1833,124.1,3.2657894736842104
Andrew Stevenson,WSH,CF,45.0,71.0,15.0,26.0,8.0,2.0,2.0,12.0,11.0,22.0,2.0,1.0,44.0,0.3662,0.4512,0.6197,1.0709,0.2535,273.0,6.066666666666666
Kevin Kramer,PIT,SS,22.0,42.0,5.0,7.0,1.0,0.0,0.0,5.0,6.0,17.0,0.0,1.0,8.0,0.1667,0.2708,0.1905,0.4613,0.0238,75.5,3.4318181818181817
Peter O'Brien,MIA,1B,15.0,42.0,2.0,7.0,1.0,0.0,1.0,4.0,4.0,19.0,1.0,0.0,11.0,0.1667,0.2391,0.2619,0.501,0.0952,74.4,4.96
Rajai Davis,NYM,CF,30.0,25.0,4.0,5.0,2.0,0.0,1.0,8.0,1.0,5.0,0.0,1.0,10.0,0.2,0.2308,0.4,0.6308,0.2,73.8,2.46
Mark Zagunis,CHC,RF,31.0,36.0,2.0,9.0,3.0,0.0,0.0,5.0,4.0,16.0,0.0,0.0,12.0,0.25,0.325,0.3333,0.6583,0.0833,71.9,2.3193548387096774
Drew Butera,COL,C,45.0,82.0,10.0,13.0,5.0,0.0,0.0,7.0,6.0,25.0,0.0,0.0,18.0,0.1585,0.2159,0.2195,0.4354,0.061,128.5,2.8555555555555556
Randy Arozarena,STL,LF,42.0,84.0,19.0,24.0,3.0,0.0,8.0,13.0,8.0,26.0,6.0,1.0,51.0,0.2857,0.3478,0.6071,0.9549,0.3214,337.3,8.030952380952382
Alen Hanson,TOR,2B,18.0,43.0,5.0,7.0,0.0,0.0,0.0,4.0,3.0,17.0,1.0,0.0,7.0,0.1628,0.2174,0.1628,0.3802,0.0,69.0,3.8333333333333335
Ryan LaMarre,MIN,CF,14.0,23.0,3.0,5.0,0.0,0.0,2.0,3.0,3.0,5.0,1.0,1.0,11.0,0.2174,0.3077,0.4783,0.786,0.2609,68.1,4.864285714285714
Jaylin Davis,SF,RF,21.0,54.0,4.0,9.0,0.0,0.0,2.0,4.0,3.0,17.0,1.0,2.0,15.0,0.1667,0.2105,0.2778,0.4883,0.1111,92.80000000000001,4.419047619047619
Greg Bird,NYY,1B,10.0,35.0,6.0,6.0,0.0,0.0,1.0,1.0,6.0,16.0,0.0,0.0,9.0,0.1714,0.2927,0.2571,0.5498,0.0857,67.7,6.7700000000000005
Carter Kieboom,WSH,SS,44.0,138.0,19.0,25.0,1.0,0.0,2.0,11.0,21.0,49.0,0.0,1.0,32.0,0.1812,0.2893,0.2319,0.5212,0.0507,273.3,6.211363636363637
Isaac Galloway,MIA,RF,19.0,54.0,6.0,9.0,1.0,0.0,0.0,1.0,0.0,17.0,2.0,0.0,10.0,0.1667,0.1667,0.1852,0.3519,0.0185,64.7,3.405263157894737
Jake Elmore,PIT,SS,20.0,47.0,3.0,10.0,1.0,0.0,0.0,4.0,2.0,8.0,0.0,1.0,11.0,0.2128,0.2449,0.234,0.4789,0.0212,62.6,3.13
Caleb Joseph,ARI,C,23.0,46.0,7.0,9.0,2.0,0.0,1.0,5.0,2.0,11.0,0.0,0.0,14.0,0.1957,0.2292,0.3043,0.5335,0.1086,90.9,3.9521739130434783
Mason Williams,BAL,CF,21.0,48.0,4.0,10.0,1.0,1.0,0.0,2.0,3.0,15.0,1.0,1.0,13.0,0.2083,0.2549,0.2708,0.5257,0.0625,73.8,3.5142857142857142
Beau Taylor,OAK,C,18.0,46.0,4.0,5.0,0.0,0.0,2.0,4.0,6.0,16.0,0.0,0.0,11.0,0.1087,0.2115,0.2391,0.4506,0.1304,80.8,4.488888888888889
Max Moroff,CLE,2B,20.0,32.0,3.0,4.0,1.0,0.0,1.0,4.0,2.0,16.0,1.0,0.0,8.0,0.125,0.1765,0.25,0.4265,0.125,59.6,2.98
Anthony Bemboom,LAA,C,46.0,102.0,11.0,17.0,2.0,0.0,4.0,9.0,8.0,34.0,0.0,1.0,31.0,0.1667,0.2273,0.3039,0.5312,0.1372,189.70000000000002,4.123913043478261
A.J. Reed,CHW,1B,15.0,44.0,1.0,6.0,0.0,0.0,1.0,4.0,4.0,21.0,0.0,0.0,9.0,0.1364,0.2083,0.2045,0.4128,0.0681,56.2,3.746666666666667
Erik Kratz,TB,C,39.0,77.0,3.0,14.0,4.0,0.0,1.0,7.0,4.0,20.0,0.0,1.0,21.0,0.1818,0.2222,0.2727,0.4949,0.0909,115.1,2.951282051282051
Anthony Alford,TOR,CF,34.0,56.0,8.0,11.0,0.0,1.0,3.0,8.0,2.0,19.0,5.0,0.0,22.0,0.1964,0.2241,0.3929,0.617,0.1965,158.6,4.664705882352941
Erick Mejia,KC,SS,17.0,36.0,4.0,6.0,2.0,0.0,0.0,4.0,4.0,14.0,1.0,0.0,8.0,0.1667,0.25,0.2222,0.4722,0.0555,68.8,4.047058823529412
Jorge Bonifacio,KC,RF,35.0,106.0,11.0,26.0,6.0,0.0,2.0,20.0,6.0,33.0,0.0,0.0,38.0,0.2453,0.2857,0.3585,0.6442,0.1132,243.2,6.948571428571428
Ryan Court,SEA,SS,13.0,24.0,1.0,5.0,1.0,0.0,1.0,5.0,1.0,11.0,0.0,0.0,9.0,0.2083,0.24,0.375,0.615,0.1667,50.7,3.9000000000000004
Braden Bishop,SEA,CF,39.0,86.0,5.0,11.0,2.0,0.0,0.0,8.0,5.0,31.0,1.0,0.0,13.0,0.1279,0.1758,0.1512,0.327,0.0233,107.0,2.7435897435897436
Socrates Brito,TOR,CF,17.0,39.0,5.0,3.0,0.0,1.0,0.0,2.0,4.0,17.0,0.0,0.0,5.0,0.0769,0.1628,0.1282,0.291,0.0513,50.0,2.9411764705882355
Peter Bourjos,LAA,CF,27.0,44.0,4.0,4.0,1.0,0.0,0.0,2.0,1.0,15.0,2.0,0.0,5.0,0.0909,0.1111,0.1136,0.2247,0.0227,49.8,1.8444444444444443
Rene Rivera,NYM,C,9.0,17.0,2.0,4.0,0.0,0.0,1.0,3.0,3.0,4.0,0.0,0.0,7.0,0.2353,0.35,0.4118,0.7618,0.1765,46.9,5.211111111111111
Franchy Cordero,SD,CF,25.0,53.0,9.0,13.0,4.0,0.0,2.0,8.0,8.0,11.0,2.0,0.0,23.0,0.2453,0.3443,0.434,0.7783,0.1887,161.8,6.472
Taylor Davis,CHC,C,7.0,18.0,2.0,3.0,0.0,0.0,1.0,4.0,2.0,4.0,0.0,0.0,6.0,0.1667,0.25,0.3333,0.5833,0.1666,44.4,6.3428571428571425
Eric Stamets,CLE,SS,15.0,41.0,4.0,2.0,1.0,0.0,0.0,2.0,5.0,24.0,0.0,0.0,3.0,0.0488,0.1522,0.0732,0.2254,0.0244,43.8,2.92
Mark Trumbo,BAL,DH,13.0,29.0,1.0,5.0,3.0,0.0,0.0,3.0,2.0,5.0,0.0,0.0,8.0,0.1724,0.2258,0.2759,0.5017,0.1035,43.7,3.3615384615384616
Tzu-Wei Lin,BOS,SS,39.0,72.0,5.0,12.0,3.0,0.0,0.0,4.0,4.0,23.0,1.0,1.0,15.0,0.1667,0.2105,0.2083,0.4188,0.0416,93.0,2.3846153846153846
Travis Jankowski,SD,CF,41.0,37.0,7.0,5.0,0.0,0.0,0.0,0.0,4.0,11.0,4.0,3.0,5.0,0.1351,0.2195,0.1351,0.3546,0.0,73.4,1.7902439024390244
Cristhian Adames,SF,SS,10.0,22.0,1.0,7.0,1.0,0.0,0.0,2.0,2.0,8.0,0.0,0.0,8.0,0.3182,0.375,0.3636,0.7386,0.0454,40.2,4.0200000000000005
Jose Pirela,PHI,LF,14.0,22.0,1.0,4.0,1.0,0.0,1.0,2.0,2.0,7.0,0.0,0.0,8.0,0.1818,0.25,0.3636,0.6136,0.1818,40.2,2.8714285714285714
Jake Fraley,SEA,CF,20.0,66.0,6.0,10.0,3.0,1.0,0.0,1.0,2.0,25.0,2.0,1.0,15.0,0.1515,0.1765,0.2273,0.4038,0.0758,91.7,4.585
Adrian Sanchez,WSH,SS,29.0,31.0,3.0,7.0,0.0,0.0,0.0,1.0,1.0,10.0,0.0,0.0,7.0,0.2258,0.25,0.2258,0.4758,0.0,37.1,1.2793103448275862
Kaleb Cowart,LAA,3B,9.0,25.0,1.0,4.0,3.0,0.0,0.0,1.0,1.0,7.0,1.0,0.0,7.0,0.16,0.1923,0.28,0.4723,0.12,36.7,4.077777777777778
Jacob Nottingham,MIL,C,29.0,54.0,9.0,11.0,1.0,0.0,5.0,17.0,5.0,22.0,0.0,0.0,27.0,0.2037,0.2712,0.5,0.7712,0.2963,190.3,6.562068965517242
Bobby Wilson,DET,C,15.0,44.0,2.0,4.0,1.0,0.0,0.0,2.0,2.0,11.0,0.0,0.0,5.0,0.0909,0.1304,0.1136,0.244,0.0227,34.4,2.2933333333333334
Donnie Walton,SEA,3B,7.0,16.0,2.0,3.0,0.0,0.0,0.0,2.0,3.0,5.0,0.0,1.0,3.0,0.1875,0.3158,0.1875,0.5033,0.0,31.4,4.485714285714286
Ryan Flaherty,CLE,2B,14.0,21.0,4.0,3.0,2.0,0.0,0.0,1.0,0.0,7.0,0.0,0.0,5.0,0.1429,0.1429,0.2381,0.381,0.0952,31.3,2.2357142857142858
Tyler Heineman,MIA,C,20.0,53.0,4.0,11.0,2.0,0.0,1.0,3.0,4.0,10.0,1.0,0.0,16.0,0.2075,0.2632,0.3019,0.5651,0.0944,95.3,4.765
Ronald Torreyes,MIN,2B,11.0,23.0,4.0,4.0,1.0,0.0,0.0,1.0,0.0,3.0,1.0,0.0,5.0,0.1739,0.1739,0.2174,0.3913,0.0435,40.3,3.6636363636363636
Troy Tulowitzki,NYY,SS,5.0,11.0,1.0,2.0,1.0,0.0,1.0,1.0,2.0,4.0,0.0,0.0,6.0,0.1818,0.3077,0.5455,0.8532,0.3637,30.7,6.14
Tyrone Taylor,MIL,RF,37.0,48.0,7.0,13.0,6.0,0.0,2.0,7.0,3.0,9.0,0.0,0.0,25.0,0.2708,0.3137,0.5208,0.8345,0.25,136.9,3.7
Andrew Velazquez,CLE,SS,55.0,86.0,14.0,12.0,3.0,1.0,0.0,3.0,11.0,36.0,5.0,2.0,17.0,0.1395,0.2371,0.1977,0.4348,0.0582,169.29999999999998,3.0781818181818177
Eric Haase,CLE,C,17.0,33.0,2.0,4.0,0.0,0.0,1.0,5.0,2.0,14.0,0.0,0.0,7.0,0.1212,0.1714,0.2121,0.3835,0.0909,50.9,2.9941176470588236
Juan Centeno,BOS,C,7.0,15.0,0.0,2.0,0.0,0.0,0.0,2.0,2.0,2.0,1.0,0.0,2.0,0.1333,0.2353,0.1333,0.3686,0.0,28.0,4.0
Miguel Andujar,NYY,3B,12.0,47.0,1.0,6.0,0.0,0.0,0.0,1.0,1.0,11.0,0.0,0.0,6.0,0.1277,0.1458,0.1277,0.2735,0.0,27.7,2.308333333333333
Johnny Davis,TB,RF,8.0,4.0,5.0,1.0,0.0,1.0,0.0,0.0,0.0,2.0,0.0,0.0,3.0,0.25,0.25,0.75,1.0,0.5,25.0,3.125
David Freitas,MIL,C,17.0,15.0,2.0,1.0,0.0,0.0,0.0,1.0,4.0,5.0,0.0,0.0,1.0,0.0667,0.2632,0.0667,0.3299,0.0,24.9,1.464705882352941
Patrick Wisdom,TEX,3B,11.0,28.0,1.0,4.0,1.0,0.0,0.0,1.0,1.0,15.0,0.0,0.0,5.0,0.1429,0.1724,0.1786,0.351,0.0357,24.7,2.2454545454545456
Edmundo Sosa,STL,SS,8.0,8.0,2.0,2.0,0.0,0.0,0.0,0.0,1.0,2.0,1.0,0.0,2.0,0.25,0.3333,0.25,0.5833,0.0,24.4,3.05
Luis Torrens,SD,C,32.0,84.0,7.0,21.0,6.0,0.0,1.0,6.0,9.0,21.0,0.0,0.0,30.0,0.25,0.3226,0.3571,0.6797,0.1071,160.4,5.0125
Jake Noll,WSH,2B,15.0,29.0,3.0,8.0,2.0,0.0,0.0,2.0,1.0,8.0,0.0,0.0,10.0,0.2759,0.3,0.3448,0.6448,0.0689,49.599999999999994,3.306666666666666
Ian Miller,MIN,CF,13.0,17.0,2.0,3.0,1.0,0.0,0.0,1.0,0.0,3.0,0.0,0.0,4.0,0.1765,0.1765,0.2353,0.4118,0.0588,21.9,1.6846153846153844
Christian Colon,CIN,2B,8.0,6.0,1.0,3.0,0.0,0.0,0.0,1.0,0.0,0.0,0.0,0.0,3.0,0.5,0.5,0.5,1.0,0.0,21.7,2.7125
Zach Green,SF,1B,8.0,14.0,1.0,2.0,1.0,0.0,0.0,1.0,2.0,6.0,0.0,0.0,3.0,0.1429,0.25,0.2143,0.4643,0.0714,21.7,2.7125
Juan Graterol,CIN,C,6.0,18.0,1.0,4.0,0.0,0.0,0.0,1.0,0.0,4.0,0.0,0.0,4.0,0.2222,0.2222,0.2222,0.4444,0.0,18.7,3.1166666666666667
Dustin Pedroia,BOS,2B,6.0,20.0,1.0,2.0,0.0,0.0,0.0,1.0,1.0,2.0,0.0,0.0,2.0,0.1,0.1429,0.1,0.2429,0.0,15.7,2.6166666666666667
Kean Wong,LAA,2B,7.0,18.0,2.0,3.0,0.0,0.0,0.0,0.0,0.0,6.0,0.0,1.0,3.0,0.1667,0.1667,0.1667,0.3334,0.0,15.4,2.2
Wilkin Castillo,MIA,LF,2.0,7.0,0.0,1.0,1.0,0.0,0.0,2.0,0.0,3.0,0.0,0.0,2.0,0.1429,0.1429,0.2857,0.4286,0.1428,13.0,6.5
Steven Baron,PIT,C,7.0,10.0,0.0,2.0,1.0,0.0,0.0,1.0,0.0,6.0,0.0,0.0,3.0,0.2,0.2,0.3,0.5,0.1,12.5,1.7857142857142858
Abiatal Avelino,SF,2B,4.0,7.0,0.0,2.0,0.0,0.0,0.0,1.0,1.0,3.0,0.0,0.0,2.0,0.2857,0.375,0.2857,0.6607,0.0,12.5,3.125
Jarrett Parker,LAA,LF,5.0,12.0,1.0,0.0,0.0,0.0,0.0,0.0,3.0,8.0,0.0,0.0,0.0,0.0,0.2,0.0,0.2,0.0,12.2,2.44
Skye Bolt,OAK,CF,5.0,10.0,1.0,1.0,1.0,0.0,0.0,0.0,1.0,3.0,0.0,0.0,2.0,0.1,0.1818,0.2,0.3818,0.1,12.2,2.44
Mike Gerber,SF,CF,12.0,24.0,0.0,1.0,1.0,0.0,0.0,0.0,2.0,15.0,0.0,0.0,2.0,0.0417,0.1154,0.0833,0.1987,0.0416,12.0,1.0
Deivi Grullon,PHI,C,4.0,9.0,0.0,1.0,1.0,0.0,0.0,1.0,0.0,2.0,0.0,0.0,2.0,0.1111,0.1111,0.2222,0.3333,0.1111,9.5,2.375
Rocky Gale,LAD,C,5.0,15.0,1.0,2.0,0.0,0.0,0.0,0.0,0.0,7.0,0.0,0.0,2.0,0.1333,0.1333,0.1333,0.2666,0.0,9.2,1.8399999999999999
Connor Joe,SF,2B,8.0,15.0,1.0,1.0,0.0,0.0,0.0,0.0,1.0,5.0,0.0,0.0,1.0,0.0667,0.125,0.0667,0.1917,0.0,9.2,1.15
Chris Shaw,SF,LF,16.0,18.0,0.0,1.0,0.0,0.0,0.0,0.0,2.0,8.0,0.0,0.0,1.0,0.0556,0.15,0.0556,0.2056,0.0,9.0,0.5625
Sam Haggerty,NYM,2B,24.0,54.0,9.0,13.0,4.0,0.0,1.0,6.0,4.0,19.0,4.0,0.0,20.0,0.2407,0.2931,0.3704,0.6635,0.1297,145.8,6.075
Bradley Zimmer,CLE,CF,29.0,50.0,4.0,6.0,0.0,0.0,1.0,3.0,8.0,21.0,2.0,1.0,9.0,0.12,0.2414,0.18,0.4214,0.06,101.3,3.493103448275862
Drew Robinson,STL,LF,5.0,7.0,1.0,1.0,0.0,0.0,0.0,0.0,0.0,3.0,0.0,0.0,1.0,0.1429,0.1429,0.1429,0.2858,0.0,6.2,1.24
Seby Zavala,CHW,C,5.0,12.0,1.0,1.0,0.0,0.0,0.0,0.0,0.0,9.0,0.0,0.0,1.0,0.0833,0.0833,0.0833,0.1666,0.0,6.2,1.24
Mikie Mahtook,DET,LF,9.0,23.0,0.0,0.0,0.0,0.0,0.0,0.0,2.0,11.0,0.0,0.0,0.0,0.0,0.08,0.0,0.08,0.0,6.0,0.6666666666666666
Alex Jackson,ATL,C,9.0,20.0,0.0,2.0,1.0,0.0,0.0,0.0,1.0,9.0,0.0,0.0,3.0,0.1,0.1429,0.15,0.2929,0.05,15.0,1.6666666666666667
Ruben Tejada,NYM,3B,6.0,9.0,1.0,0.0,0.0,0.0,0.0,0.0,0.0,3.0,0.0,0.0,0.0,0.0,0.0,0.0,0.0,0.0,3.2,0.5333333333333333
Jed Lowrie,NYM,2B,9.0,7.0,0.0,0.0,0.0,0.0,0.0,0.0,1.0,4.0,0.0,0.0,0.0,0.0,0.125,0.0,0.125,0.0,3.0,0.3333333333333333
Ichiro Suzuki,SEA,RF,2.0,5.0,0.0,0.0,0.0,0.0,0.0,0.0,1.0,1.0,0.0,0.0,0.0,0.0,0.1667,0.0,0.1667,0.0,3.0,1.5
Nick Ciuffo,TB,C,3.0,6.0,0.0,1.0,0.0,0.0,0.0,0.0,0.0,3.0,0.0,0.0,1.0,0.1667,0.1667,0.1667,0.3334,0.0,3.0,1.0
Drew Jackson,BAL,SS,3.0,3.0,0.0,0.0,0.0,0.0,0.0,0.0,1.0,1.0,0.0,0.0,0.0,0.0,0.25,0.0,0.25,0.0,3.0,1.0
Raudy Read,WSH,C,6.0,11.0,0.0,1.0,0.0,0.0,0.0,0.0,0.0,5.0,0.0,0.0,1.0,0.0909,0.0909,0.0909,0.1818,0.0,3.0,0.5
Frank Schwindel,KC,1B,6.0,15.0,0.0,1.0,0.0,0.0,0.0,0.0,0.0,2.0,0.0,0.0,1.0,0.0667,0.0667,0.0667,0.1334,0.0,3.0,0.5
Yasmany Tomas,ARI,LF,4.0,6.0,0.0,0.0,0.0,0.0,0.0,0.0,0.0,3.0,0.0,0.0,0.0,0.0,0.0,0.0,0.0,0.0,0.0,0.0
Rob Brantly,PHI,C,2.0,4.0,0.0,0.0,0.0,0.0,0.0,0.0,0.0,1.0,0.0,0.0,0.0,0.0,0.0,0.0,0.0,0.0,0.0,0.0
Jim Adduci,CHC,RF,2.0,5.0,0.0,0.0,0.0,0.0,0.0,0.0,0.0,3.0,0.0,0.0,0.0,0.0,0.0,0.0,0.0,0.0,0.0,0.0
Deven Marrero,MIA,SS,5.0,5.0,0.0,0.0,0.0,0.0,0.0,0.0,0.0,3.0,0.0,0.0,0.0,0.0,0.0,0.0,0.0,0.0,0.0,0.0
Michael Reed,SF,CF,4.0,8.0,0.0,0.0,0.0,0.0,0.0,0.0,0.0,6.0,0.0,0.0,0.0,0.0,0.0,0.0,0.0,0.0,0.0,0.0
Dylan Cozens,PHI,RF,1.0,1.0,0.0,0.0,0.0,0.0,0.0,0.0,0.0,0.0,0.0,0.0,0.0,0.0,0.0,0.0,0.0,0.0,0.0,0.0
Mitch Walding,PHI,3B,2.0,2.0,0.0,0.0,0.0,0.0,0.0,0.0,0.0,2.0,0.0,0.0,0.0,0.0,0.0,0.0,0.0,0.0,0.0,0.0
Noel Cuevas,COL,RF,1.0,2.0,0.0,0.0,0.0,0.0,0.0,0.0,0.0,0.0,0.0,0.0,0.0,0.0,0.0,0.0,0.0,0.0,0.0,0.0
Joe Hudson,STL,C,10.0,18.0,0.0,3.0,0.0,0.0,0.0,0.0,2.0,6.0,0.0,0.0,3.0,0.1667,0.25,0.1667,0.4167,0.0,15.0,1.5
Tres Barrera,WSH,C,2.0,2.0,0.0,0.0,0.0,0.0,0.0,0.0,0.0,0.0,0.0,0.0,0.0,0.0,0.0,0.0,0.0,0.0,0.0,0.0
