Name,Team,POS,W,L,GMS,GS,SV,IP,H,R,ER,HR,BB,SO,PTS,AVG,ERA,WHIP,FPPG
Gerrit Cole,HOU,SP,27.0,8.0,45.0,44.0,0.0,285.1,195.0,93.0,82.0,43.0,65.0,420.0,2164.0,0.1915,2.5886,65.684,48.08888888888889
Justin Verlander,HOU,SP,22.0,6.0,35.0,35.0,0.0,229.0,140.0,68.0,66.0,38.0,43.0,307.0,1650.0,0.1845,2.5939,43.6114,47.142857142857146
Shane Bieber,CLE,SP,23.0,9.0,46.0,45.0,0.0,291.2,232.0,101.0,92.0,38.0,61.0,381.0,2016.0,0.2135,2.8434,61.7967,43.82608695652174
Jacob deGrom,NYM,SP,15.0,10.0,46.0,44.0,0.0,272.0,201.0,80.0,73.0,26.0,62.0,359.0,1888.0,0.202,2.4154,62.739,41.04347826086956
Stephen Strasburg,WSH,SP,18.0,7.0,36.0,35.0,0.0,214.0,169.0,85.0,83.0,25.0,57.0,253.0,1348.0,0.2035,3.4907,57.7897,37.44444444444444
Lance Lynn,TEX,SP,22.0,14.0,46.0,46.0,0.0,292.1,259.0,123.0,116.0,34.0,84.0,335.0,1786.0,0.22,3.5741,84.8867,38.82608695652174
Patrick Corbin,WSH,SP,16.0,14.0,44.0,44.0,0.0,267.2,254.0,116.0,107.0,34.0,88.0,298.0,1592.0,0.212,3.604,88.9506,36.18181818181818
Charlie Morton,TB,SP,18.0,8.0,42.0,42.0,0.0,232.2,197.0,92.0,86.0,19.0,67.0,282.0,1470.0,0.206,3.3333,67.8484,35.0
Jack Flaherty,STL,SP,15.0,11.0,47.0,42.0,0.0,236.2,168.0,84.0,82.0,31.0,71.0,280.0,1482.0,0.1945,3.1245,71.7113,31.53191489361702
Trevor Bauer,CIN,SP,16.0,17.0,45.0,45.0,0.0,286.0,225.0,135.0,120.0,43.0,99.0,353.0,1765.0,0.2135,3.7762,99.7867,39.22222222222222
Max Scherzer,WSH,SP,16.0,11.0,41.0,39.0,0.0,239.2,214.0,89.0,84.0,28.0,56.0,335.0,1660.0,0.2095,3.1605,56.8946,40.48780487804878
Luis Castillo,CIN,SP,19.0,14.0,44.0,44.0,0.0,260.2,201.0,107.0,97.0,27.0,103.0,315.0,1658.0,0.1995,3.3551,103.7725,37.68181818181818
Zack Greinke,HOU,SP,21.0,8.0,48.0,45.0,0.0,275.2,242.0,103.0,98.0,27.0,39.0,254.0,1537.0,0.2125,3.2049,39.8794,32.020833333333336
Aaron Nola,PHI,SP,17.0,12.0,46.0,45.0,0.0,273.2,230.0,122.0,113.0,36.0,103.0,325.0,1655.0,0.215,3.7225,103.8419,35.97826086956522
Eduardo Rodriguez,BOS,SP,19.0,6.0,34.0,34.0,0.0,203.1,195.0,88.0,86.0,24.0,75.0,213.0,1169.0,0.225,3.8109,75.9601,34.38235294117647
Lucas Giolito,CHW,SP,18.0,12.0,41.0,41.0,0.0,248.29999999999998,178.0,100.0,95.0,32.0,85.0,325.0,1645.0,0.201,3.4434,85.7169,40.1219512195122
Walker Buehler,LAD,SP,15.0,4.0,38.0,38.0,0.0,218.3,177.0,95.0,80.0,27.0,48.0,257.0,1350.0,0.21,3.2982,48.8108,35.526315789473685
Mike Minor,TEX,SP,15.0,16.0,45.0,43.0,0.0,264.3,240.0,122.0,118.0,41.0,88.0,262.0,1389.0,0.2205,4.0182,88.9081,30.866666666666667
Jose Berrios,MIN,SP,14.0,8.0,32.0,32.0,0.0,200.1,194.0,94.0,82.0,26.0,51.0,195.0,1108.0,0.224,3.6882,51.9695,34.625
Sonny Gray,CIN,SP,16.0,11.0,45.0,42.0,0.0,231.1,164.0,85.0,79.0,21.0,94.0,277.0,1472.0,0.1965,3.0766,94.7096,32.71111111111111
Clayton Kershaw,LAD,SP,22.0,7.0,39.0,38.0,0.0,236.2,186.0,81.0,74.0,36.0,49.0,251.0,1485.0,0.2095,2.8196,49.7875,38.07692307692308
Matthew Boyd,DET,SP,12.0,19.0,45.0,44.0,0.0,245.2,245.0,147.0,139.0,54.0,72.0,298.0,1354.0,0.222,5.102,72.9992,30.08888888888889
Madison Bumgarner,SF,SP,10.0,13.0,46.0,43.0,0.0,248.39999999999998,238.0,130.0,120.0,43.0,56.0,233.0,1227.0,0.221,4.3478,56.9581,26.67391304347826
Robbie Ray,ARI,SP,14.0,13.0,46.0,44.0,0.0,225.3,203.0,131.0,122.0,43.0,129.0,303.0,1349.0,0.215,4.8735,129.901,29.32608695652174
Hyun-Jin Ryu,LAD,SP,19.0,7.0,42.0,41.0,0.0,249.2,220.0,75.0,67.0,23.0,41.0,235.0,1483.0,0.215,2.4197,41.8828,35.30952380952381
Yu Darvish,CHC,SP,14.0,11.0,43.0,43.0,0.0,254.2,199.0,100.0,96.0,38.0,70.0,322.0,1610.0,0.205,3.3989,70.7828,37.44186046511628
Zack Wheeler,NYM,SP,15.0,10.0,42.0,42.0,0.0,266.1,263.0,119.0,109.0,25.0,66.0,248.0,1406.0,0.227,3.6866,66.9884,33.476190476190474
Noah Syndergaard,NYM,SP,10.0,8.0,32.0,32.0,0.0,197.2,194.0,101.0,94.0,24.0,50.0,202.0,1045.0,0.2265,4.2901,50.9838,32.65625
Chris Sale,BOS,SP,6.0,11.0,25.0,25.0,0.0,147.1,123.0,80.0,72.0,24.0,37.0,218.0,968.0,0.209,4.4052,37.8362,38.72
Marcus Stroman,NYM,SP,10.0,13.0,32.0,32.0,0.0,184.1,183.0,77.0,66.0,18.0,58.0,159.0,964.0,0.227,3.2265,58.994,30.125
James Paxton,NYY,SP,16.0,7.0,34.0,34.0,0.0,170.29999999999998,161.0,88.0,79.0,27.0,62.0,212.0,1064.0,0.2195,4.175,62.9454,31.294117647058822
Marco Gonzales,SEA,SP,23.0,15.0,46.0,46.0,0.0,272.2,269.0,133.0,114.0,31.0,63.0,211.0,1347.0,0.2305,3.7693,63.9882,29.282608695652176
Max Fried,ATL,SP,24.0,6.0,51.0,41.0,0.0,221.2,216.0,94.0,88.0,23.0,66.0,223.0,1286.0,0.2335,3.5805,66.9765,25.215686274509803
Jake Odorizzi,MIN,SP,15.0,8.0,34.0,34.0,0.0,172.2,155.0,75.0,72.0,20.0,56.0,190.0,998.0,0.2155,3.7631,56.9001,29.352941176470587
Mike Soroka,ATL,SP,13.0,5.0,32.0,32.0,0.0,187.39999999999998,164.0,63.0,58.0,14.0,48.0,150.0,995.0,0.2165,2.7855,48.8751,31.09375
Julio Teheran,ATL,SP,10.0,15.0,45.0,42.0,0.0,205.29999999999998,187.0,116.0,109.0,34.0,99.0,182.0,957.0,0.213,4.7784,99.9109,21.266666666666666
Kyle Hendricks,CHC,SP,17.0,15.0,43.0,42.0,0.0,258.1,241.0,104.0,94.0,29.0,40.0,214.0,1337.0,0.223,3.2778,40.9337,31.093023255813954
Mike Clevinger,CLE,SP,16.0,6.0,29.0,29.0,0.0,167.2,130.0,52.0,52.0,16.0,51.0,209.0,1138.0,0.203,2.799,51.7775,39.241379310344826
Dakota Hudson,STL,SP,19.0,9.0,41.0,40.0,1.0,213.2,184.0,93.0,77.0,27.0,101.0,167.0,1105.0,0.221,3.2505,101.863,26.951219512195124
Merrill Kelly,ARI,SP,16.0,16.0,37.0,37.0,0.0,214.2,210.0,104.0,99.0,34.0,62.0,187.0,1080.0,0.2285,4.1597,62.9804,29.18918918918919
Jon Lester,CHC,SP,16.0,13.0,44.0,43.0,0.0,232.2,269.0,136.0,120.0,37.0,69.0,207.0,1127.0,0.245,4.6512,70.1585,25.613636363636363
German Marquez,COL,SP,12.0,5.0,29.0,28.0,0.0,174.0,174.0,96.0,92.0,29.0,35.0,175.0,887.0,0.228,4.7586,36.0,30.586206896551722
Anthony DeSclafani,CIN,SP,10.0,11.0,40.0,38.0,0.0,199.39999999999998,192.0,104.0,99.0,36.0,65.0,192.0,988.0,0.217,4.4684,65.9629,24.7
Sandy Alcantara,MIA,SP,9.0,16.0,40.0,39.0,0.0,239.1,214.0,116.0,99.0,27.0,96.0,190.0,1125.0,0.219,3.7265,96.895,28.125
Adam Wainwright,STL,SP,19.0,13.0,42.0,42.0,0.0,236.39999999999998,235.0,108.0,103.0,31.0,79.0,207.0,1222.0,0.235,3.9213,79.9941,29.095238095238095
Jeff Samardzija,SF,SP,11.0,14.0,37.0,36.0,0.0,197.29999999999998,173.0,97.0,89.0,35.0,53.0,146.0,883.0,0.211,4.0598,53.8768,23.864864864864863
Joe Musgrove,PIT,SP,12.0,17.0,54.0,39.0,0.0,209.3,201.0,115.0,101.0,26.0,55.0,212.0,1111.0,0.225,4.343,55.9603,20.574074074074073
Kenta Maeda,LAD,SP,16.0,9.0,52.0,37.0,3.0,219.39999999999998,154.0,90.0,89.0,31.0,61.0,249.0,1305.0,0.1995,3.6509,61.7019,25.096153846153847
Miles Mikolas,STL,SP,9.0,14.0,32.0,32.0,0.0,184.0,193.0,90.0,85.0,27.0,32.0,144.0,851.0,0.2345,4.1576,33.0489,26.59375
Masahiro Tanaka,NYY,SP,14.0,12.0,42.0,41.0,0.0,230.0,234.0,120.0,109.0,37.0,48.0,193.0,1094.0,0.229,4.2652,49.0174,26.047619047619047
Reynaldo Lopez,CHW,SP,10.0,15.0,33.0,33.0,0.0,184.0,203.0,119.0,110.0,35.0,65.0,169.0,849.0,0.2375,5.3804,66.1033,25.727272727272727
Mike Fiers,OAK,SP,20.0,7.0,45.0,43.0,0.0,243.2,231.0,113.0,110.0,39.0,69.0,163.0,1098.0,0.22,4.0707,69.9498,24.4
Domingo German,NYY,SP,18.0,4.0,27.0,24.0,0.0,143.0,125.0,69.0,64.0,30.0,39.0,153.0,848.0,0.2125,4.028,39.8741,31.40740740740741
Steven Matz,NYM,SP,11.0,15.0,45.0,36.0,0.0,190.29999999999998,205.0,116.0,108.0,41.0,62.0,189.0,946.0,0.2285,5.1077,63.0772,21.022222222222222
Joey Lucchesi,SD,SP,10.0,11.0,33.0,32.0,0.0,168.39999999999998,157.0,83.0,81.0,23.0,58.0,163.0,858.0,0.215,4.329,58.9323,26.0
Wade Miley,HOU,SP,14.0,9.0,39.0,37.0,0.0,181.2,179.0,93.0,83.0,24.0,70.0,152.0,892.0,0.225,4.1225,70.9879,22.871794871794872
Mike Leake,ARI,SP,12.0,11.0,32.0,32.0,0.0,197.0,227.0,114.0,94.0,41.0,27.0,127.0,838.0,0.2415,4.2944,28.1523,26.1875
Jose Quintana,CHC,SP,13.0,9.0,32.0,31.0,0.0,171.0,191.0,100.0,89.0,20.0,46.0,152.0,836.0,0.2395,4.6842,47.117,26.125
Caleb Smith,MIA,SP,10.0,11.0,35.0,32.0,0.0,167.1,134.0,86.0,81.0,36.0,72.0,183.0,908.0,0.21,4.3627,72.8019,25.942857142857143
Jon Gray,COL,SP,13.0,12.0,35.0,33.0,0.0,189.0,192.0,101.0,93.0,25.0,67.0,172.0,946.0,0.228,4.4286,68.0159,27.02857142857143
Tanner Roark,OAK,SP,12.0,13.0,42.0,42.0,0.0,212.3,240.0,123.0,116.0,42.0,74.0,199.0,992.0,0.236,4.9176,75.1305,23.61904761904762
Chris Paddack,SD,SP,13.0,12.0,38.0,38.0,0.0,199.2,167.0,91.0,83.0,37.0,43.0,211.0,1121.0,0.2005,3.75,43.8384,29.5
Homer Bailey,OAK,SP,14.0,9.0,35.0,33.0,0.0,171.1,168.0,87.0,86.0,22.0,56.0,156.0,860.0,0.2265,4.5237,56.9819,24.571428571428573
Kyle Gibson,MIN,SP,15.0,13.0,46.0,41.0,0.0,227.1,248.0,143.0,126.0,35.0,86.0,218.0,1100.0,0.236,4.9934,87.092,23.91304347826087
Jake Junis,KC,SP,9.0,14.0,31.0,31.0,0.0,175.1,192.0,108.0,102.0,31.0,58.0,164.0,814.0,0.2365,5.2427,59.0965,26.258064516129032
Anibal Sanchez,WSH,SP,11.0,8.0,30.0,30.0,0.0,166.0,153.0,77.0,71.0,22.0,58.0,134.0,805.0,0.2165,3.8494,58.9217,26.833333333333332
Dylan Bundy,BAL,SP,12.0,17.0,41.0,41.0,0.0,226.39999999999998,212.0,122.0,110.0,34.0,75.0,234.0,1190.0,0.2265,4.3728,75.9364,29.024390243902438
Michael Pineda,MIN,SP,13.0,5.0,31.0,31.0,0.0,172.2,166.0,78.0,75.0,23.0,35.0,165.0,926.0,0.225,3.9199,35.964,29.870967741935484
Jordan Lyles,MIL,SP,13.0,14.0,40.0,37.0,0.0,198.2,198.0,121.0,110.0,37.0,78.0,182.0,934.0,0.22,4.995,78.999,23.35
Chris Bassitt,OAK,SP,15.0,7.0,39.0,36.0,0.0,207.0,181.0,84.0,77.0,27.0,64.0,196.0,1128.0,0.213,3.3478,64.8744,28.923076923076923
Zach Eflin,PHI,SP,14.0,15.0,43.0,38.0,0.0,222.1,232.0,116.0,101.0,36.0,63.0,199.0,1113.0,0.2325,4.0928,64.0446,25.88372093023256
Rick Porcello,BOS,SP,15.0,19.0,44.0,44.0,0.0,233.1,272.0,155.0,144.0,36.0,60.0,197.0,1017.0,0.2375,5.5598,61.1669,23.113636363636363
Cole Hamels,CHC,SP,7.0,8.0,28.0,28.0,0.0,144.29999999999998,144.0,67.0,63.0,17.0,57.0,145.0,771.0,0.2285,3.9293,57.9979,27.535714285714285
John Means,BAL,SP,14.0,14.0,41.0,36.0,0.0,198.2,174.0,90.0,84.0,35.0,45.0,163.0,973.0,0.2155,3.8143,45.8779,23.73170731707317
Brandon Woodruff,MIL,SP,14.0,8.0,40.0,35.0,0.0,194.4,164.0,75.0,74.0,21.0,48.0,234.0,1214.0,0.2185,3.4259,48.8436,30.35
J.A. Happ,NYY,SP,14.0,10.0,41.0,37.0,0.0,210.2,197.0,107.0,107.0,42.0,64.0,182.0,985.0,0.2275,4.5814,64.9372,24.024390243902438
Trent Thornton,TOR,SP,6.0,9.0,35.0,32.0,0.0,159.29999999999998,171.0,94.0,90.0,24.0,64.0,155.0,747.0,0.228,5.0847,65.0734,21.34285714285714
Brad Keller,KC,SP,12.0,17.0,37.0,37.0,0.0,219.3,193.0,96.0,92.0,17.0,87.0,157.0,1003.0,0.2215,3.7756,87.8801,27.10810810810811
Eric Lauer,SD,SP,8.0,12.0,34.0,31.0,0.0,160.2,175.0,98.0,90.0,22.0,60.0,150.0,750.0,0.2325,5.0562,61.0924,22.058823529411764
Martin Perez,MIN,SP,10.0,7.0,32.0,29.0,0.0,165.1,184.0,104.0,94.0,23.0,67.0,135.0,723.0,0.238,5.1242,68.1145,22.59375
Ivan Nova,CHW,SP,11.0,12.0,34.0,34.0,0.0,187.0,225.0,107.0,98.0,30.0,47.0,114.0,719.0,0.25,4.7166,48.2032,21.147058823529413
Brett Anderson,OAK,SP,17.0,13.0,42.0,41.0,0.0,223.0,231.0,104.0,98.0,26.0,59.0,122.0,927.0,0.231,3.9552,60.0359,22.071428571428573
Spencer Turnbull,DET,SP,7.0,21.0,41.0,40.0,0.0,204.3,201.0,111.0,101.0,16.0,88.0,197.0,997.0,0.232,4.4493,88.9838,24.317073170731707
Zach Davies,MIL,SP,17.0,11.0,47.0,43.0,0.0,228.29999999999998,210.0,99.0,84.0,29.0,70.0,165.0,1088.0,0.226,3.3114,70.9198,23.148936170212767
Blake Snell,TB,SP,10.0,10.0,34.0,34.0,0.0,157.0,138.0,72.0,69.0,24.0,58.0,210.0,994.0,0.219,3.9554,58.879,29.235294117647058
Ryan Yarbrough,TB,RP,12.0,10.0,39.0,23.0,0.0,196.39999999999998,175.0,91.0,87.0,20.0,32.0,161.0,926.0,0.2125,3.9868,32.891,23.743589743589745
Jason Vargas,PHI,SP,7.0,9.0,30.0,29.0,0.0,149.2,141.0,84.0,75.0,21.0,63.0,124.0,674.0,0.223,4.5241,63.945,22.466666666666665
Trevor Richards,TB,SP,6.0,12.0,40.0,27.0,0.0,167.1,171.0,87.0,82.0,25.0,67.0,154.0,786.0,0.223,4.4165,68.0233,19.65
Yonny Chirinos,TB,RP,9.0,5.0,29.0,21.0,0.0,144.2,126.0,65.0,60.0,25.0,32.0,124.0,720.0,0.211,3.7448,32.8738,24.82758620689655
Chase Anderson,MIL,SP,9.0,6.0,44.0,34.0,0.0,172.2,171.0,96.0,92.0,34.0,60.0,162.0,794.0,0.2185,4.8084,60.993,18.045454545454547
Danny Duffy,KC,SP,11.0,10.0,35.0,34.0,0.0,186.29999999999998,178.0,102.0,94.0,31.0,68.0,172.0,921.0,0.224,4.5411,68.9554,26.314285714285713
Andrew Cashner,BOS,SP,11.0,8.0,42.0,22.0,1.0,150.0,144.0,84.0,78.0,19.0,58.0,108.0,646.0,0.225,4.68,58.96,15.380952380952381
David Price,BOS,SP,7.0,5.0,22.0,22.0,0.0,107.1,109.0,57.0,51.0,15.0,32.0,128.0,631.0,0.2275,4.2857,33.0177,28.681818181818183
Chris Archer,PIT,SP,3.0,9.0,24.0,23.0,0.0,119.2,114.0,73.0,69.0,25.0,55.0,143.0,627.0,0.223,5.2097,55.9564,26.125
Daniel Norris,DET,SP,6.0,14.0,47.0,30.0,0.0,171.29999999999998,179.0,85.0,82.0,27.0,45.0,153.0,781.0,0.236,4.3082,46.045,16.617021276595743
Yusei Kikuchi,SEA,SP,8.0,16.0,41.0,41.0,0.0,208.2,236.0,136.0,125.0,39.0,70.0,163.0,848.0,0.246,5.4035,71.1335,20.682926829268293
Jake Arrieta,PHI,SP,12.0,12.0,33.0,33.0,0.0,179.29999999999998,200.0,101.0,95.0,27.0,67.0,142.0,801.0,0.24,4.7685,68.1154,24.272727272727273
Frankie Montas,OAK,SP,12.0,7.0,27.0,27.0,0.0,149.0,141.0,70.0,61.0,18.0,46.0,163.0,885.0,0.2135,3.6846,46.9463,32.77777777777778
Trevor Williams,PIT,SP,9.0,17.0,37.0,37.0,0.0,200.29999999999998,228.0,135.0,125.0,42.0,65.0,162.0,820.0,0.2405,5.6166,66.1383,22.16216216216216
Vince Velasquez,PHI,SP,8.0,9.0,44.0,30.0,0.0,151.1,156.0,90.0,85.0,31.0,60.0,176.0,787.0,0.229,5.0629,61.0324,17.886363636363637
Tyler Mahle,CIN,SP,5.0,14.0,37.0,34.0,0.0,176.39999999999998,170.0,103.0,93.0,31.0,55.0,189.0,894.0,0.2315,4.7449,55.9637,24.16216216216216
Josh Hader,MIL,RP,4.0,7.0,82.0,0.0,50.0,94.2,49.0,32.0,30.0,18.0,30.0,169.0,725.0,0.176,2.8662,30.5202,8.841463414634147
Liam Hendriks,OAK,RP,7.0,5.0,99.0,1.0,39.0,109.1,75.0,24.0,22.0,6.0,24.0,159.0,781.0,0.2,1.8148,24.6874,7.888888888888889
Adrian Houser,MIL,SP,7.0,13.0,47.0,29.0,0.0,167.1,164.0,90.0,79.0,22.0,58.0,161.0,802.0,0.2205,4.2549,58.9814,17.06382978723404
Matt Strahm,SD,SP,6.0,12.0,67.0,16.0,0.0,134.4,135.0,67.0,66.0,25.0,26.0,133.0,667.0,0.232,4.4196,27.0045,9.955223880597014
Drew Pomeranz,MIL,SP,3.0,10.0,66.0,18.0,6.0,122.2,114.0,61.0,59.0,22.0,54.0,166.0,711.0,0.229,4.3453,54.9329,10.772727272727273
Mike Foltynewicz,ATL,SP,8.0,7.0,22.0,22.0,0.0,120.1,113.0,71.0,65.0,26.0,41.0,108.0,570.0,0.2205,4.8709,41.9409,25.90909090909091
Dallas Keuchel,ATL,SP,14.0,10.0,30.0,30.0,0.0,175.3,167.0,65.0,61.0,18.0,56.0,133.0,896.0,0.231,3.1318,56.9527,29.866666666666667
Michael Wacha,STL,SP,7.0,11.0,37.0,31.0,0.0,160.2,189.0,97.0,92.0,35.0,62.0,141.0,695.0,0.2435,5.1685,63.1798,18.783783783783782
Tyler Beede,SF,SP,5.0,10.0,25.0,22.0,0.0,117.0,127.0,70.0,66.0,22.0,46.0,113.0,546.0,0.234,5.0769,47.0855,21.84
Zach Plesac,CLE,SP,12.0,8.0,29.0,29.0,0.0,170.3,140.0,66.0,63.0,27.0,46.0,145.0,887.0,0.217,3.3294,46.8221,30.586206896551722
Brandon Workman,BOS,RP,11.0,5.0,94.0,0.0,25.0,90.4,60.0,32.0,28.0,5.0,58.0,127.0,637.0,0.16,2.7876,58.6637,6.776595744680851
Aaron Sanchez,HOU,SP,5.0,14.0,30.0,27.0,0.0,131.1,145.0,92.0,86.0,20.0,68.0,115.0,527.0,0.2375,5.9039,69.106,17.566666666666666
Andrew Heaney,LAA,SP,8.0,9.0,30.0,30.0,0.0,161.3,156.0,88.0,85.0,29.0,49.0,188.0,875.0,0.224,4.7427,49.9671,29.166666666666668
Seth Lugo,NYM,RP,10.0,8.0,77.0,5.0,9.0,116.2,96.0,50.0,45.0,16.0,26.0,151.0,732.0,0.1945,3.4854,26.8262,9.506493506493506
CC Sabathia,NYY,SP,5.0,8.0,24.0,22.0,0.0,107.1,112.0,64.0,59.0,27.0,39.0,107.0,520.0,0.231,4.958,40.0458,21.666666666666668
Drew Smyly,PHI,SP,4.0,8.0,32.0,26.0,1.0,140.1,146.0,94.0,89.0,34.0,64.0,162.0,684.0,0.2375,5.7173,65.0421,21.375
Brad Peacock,HOU,SP,7.0,6.0,26.0,15.0,0.0,93.3,81.0,45.0,44.0,15.0,32.0,99.0,513.0,0.212,4.2444,32.8682,19.73076923076923
Freddy Peralta,MIL,RP,10.0,4.0,55.0,9.0,1.0,114.1,109.0,72.0,63.0,17.0,49.0,162.0,708.0,0.227,4.9693,49.9553,12.872727272727273
Luke Jackson,ATL,RP,11.0,2.0,90.0,0.0,18.0,98.30000000000001,115.0,57.0,51.0,12.0,39.0,126.0,588.0,0.231,4.6694,40.1699,6.533333333333333
Kevin Gausman,CIN,SP,6.0,12.0,43.0,27.0,0.0,161.3,163.0,97.0,89.0,23.0,48.0,193.0,874.0,0.2395,4.9659,49.0105,20.325581395348838
Pablo Lopez,MIA,SP,5.0,8.0,22.0,21.0,0.0,111.1,111.0,64.0,63.0,15.0,27.0,95.0,496.0,0.229,5.1035,27.9991,22.545454545454547
Felix Pena,LAA,RP,8.0,3.0,23.0,8.0,0.0,96.1,80.0,56.0,49.0,16.0,34.0,101.0,493.0,0.208,4.589,34.8325,21.434782608695652
Zac Gallen,ARI,SP,6.0,8.0,27.0,27.0,0.0,152.0,117.0,50.0,47.0,17.0,61.0,178.0,941.0,0.2045,2.7829,61.7697,34.851851851851855
Steven Brault,PIT,RP,5.0,9.0,45.0,30.0,0.0,155.3,146.0,86.0,81.0,17.0,75.0,138.0,697.0,0.2315,4.6941,75.9401,15.488888888888889
Adrian Sampson,TEX,SP,6.0,8.0,35.0,15.0,0.0,125.1,156.0,86.0,82.0,29.0,36.0,101.0,485.0,0.2495,5.8993,37.247,13.857142857142858
Nick Anderson,TB,RP,7.0,5.0,87.0,0.0,7.0,81.1,57.0,26.0,25.0,9.0,21.0,136.0,619.0,0.2055,2.7744,21.7028,7.114942528735632
Ross Stripling,LAD,SP,7.0,7.0,44.0,24.0,1.0,139.3,140.0,77.0,67.0,24.0,38.0,133.0,672.0,0.2205,4.3288,39.005,15.272727272727273
Jorge Lopez,KC,RP,4.0,9.0,39.0,18.0,1.0,123.2,140.0,94.0,87.0,27.0,42.0,109.0,477.0,0.2415,6.3555,43.1364,12.23076923076923
Griffin Canning,LAA,SP,7.0,9.0,30.0,28.0,0.0,146.2,134.0,75.0,71.0,22.0,53.0,152.0,761.0,0.216,4.3707,53.9166,25.366666666666667
Matt Barnes,BOS,RP,6.0,7.0,94.0,0.0,13.0,87.1,69.0,42.0,38.0,12.0,52.0,141.0,607.0,0.2035,3.9265,52.7922,6.457446808510638
Dinelson Lamet,SD,SP,6.0,6.0,26.0,26.0,0.0,142.0,101.0,56.0,49.0,17.0,50.0,198.0,949.0,0.2115,3.1056,50.7113,36.5
Emilio Pagan,TB,RP,4.0,2.0,66.0,0.0,20.0,70.0,45.0,19.0,18.0,12.0,13.0,96.0,468.0,0.188,2.3143,13.6429,7.090909090909091
Jalen Beeks,TB,RP,7.0,4.0,46.0,3.0,2.0,123.19999999999999,136.0,65.0,57.0,13.0,44.0,115.0,587.0,0.239,4.164,45.1039,12.76086956521739
Tommy Milone,SEA,SP,5.0,14.0,32.0,16.0,0.0,150.2,157.0,95.0,88.0,33.0,29.0,134.0,628.0,0.219,5.273,30.0453,19.625
Giovanny Gallegos,STL,RP,5.0,4.0,83.0,0.0,5.0,89.0,53.0,25.0,25.0,10.0,20.0,114.0,564.0,0.1835,2.5281,20.5955,6.795180722891566
Kirby Yates,SD,RP,0.0,6.0,66.0,0.0,43.0,64.3,48.0,20.0,14.0,3.0,17.0,109.0,480.0,0.1915,1.9596,17.7465,7.2727272727272725
Will Smith,SF,RP,8.0,2.0,81.0,0.0,34.0,81.1,57.0,28.0,28.0,17.0,25.0,114.0,550.0,0.1965,3.1073,25.7028,6.790123456790123
Adam Plutko,CLE,SP,9.0,7.0,31.0,24.0,1.0,136.29999999999998,145.0,76.0,74.0,27.0,33.0,93.0,558.0,0.232,4.8863,34.0638,18.0
Adam Ottavino,NYY,RP,8.0,8.0,97.0,0.0,2.0,84.19999999999999,67.0,29.0,26.0,7.0,49.0,113.0,563.0,0.1975,2.7791,49.7957,5.804123711340206
Wade LeBlanc,SEA,SP,7.0,7.0,32.0,16.0,0.0,143.2,172.0,100.0,97.0,34.0,39.0,105.0,509.0,0.244,6.0964,40.2011,15.90625
Julio Urias,LAD,RP,4.0,3.0,37.0,8.0,4.0,79.2,59.0,28.0,22.0,7.0,27.0,85.0,456.0,0.199,2.5,27.7449,12.324324324324325
Cal Quantrill,SD,SP,8.0,8.0,41.0,21.0,1.0,135.0,137.0,73.0,67.0,19.0,36.0,120.0,628.0,0.2285,4.4667,37.0148,15.317073170731707
Felipe Vázquez,PIT,RP,5.0,1.0,56.0,0.0,28.0,60.0,43.0,12.0,11.0,5.0,13.0,90.0,447.0,0.197,1.65,13.7167,7.982142857142857
Ariel Jurado,TEX,RP,7.0,11.0,33.0,19.0,0.0,126.1,157.0,99.0,84.0,22.0,36.0,83.0,446.0,0.25,5.9952,37.245,13.515151515151516
Jhoulys Chacin,BOS,SP,3.0,12.0,25.0,24.0,0.0,103.1,115.0,73.0,69.0,25.0,46.0,101.0,440.0,0.2385,6.0233,47.1154,17.6
Junior Guerra,MIL,RP,10.0,7.0,97.0,0.0,3.0,106.4,75.0,45.0,41.0,12.0,51.0,98.0,553.0,0.1955,3.468,51.7049,5.701030927835052
Wilmer Font,TOR,RP,5.0,8.0,69.0,17.0,0.0,100.19999999999999,106.0,61.0,60.0,19.0,38.0,110.0,482.0,0.2195,5.3892,39.0579,6.9855072463768115
Carlos Carrasco,CLE,SP,9.0,11.0,35.0,24.0,1.0,148.0,147.0,70.0,69.0,26.0,43.0,178.0,869.0,0.2425,4.1959,43.9932,24.82857142857143
Tyler Glasnow,TB,SP,11.0,2.0,23.0,23.0,0.0,117.30000000000001,83.0,39.0,38.0,15.0,36.0,167.0,839.0,0.1915,2.9156,36.7076,36.47826086956522
Michael Lorenzen,CIN,RP,4.0,5.0,129.0,8.0,7.0,116.3,98.0,46.0,43.0,12.0,45.0,120.0,606.0,0.209,3.3276,45.8426,4.6976744186046515
Taylor Rogers,MIN,RP,4.0,8.0,81.0,0.0,39.0,89.0,84.0,34.0,29.0,10.0,15.0,114.0,546.0,0.211,2.9326,15.9438,6.7407407407407405
Chad Green,NYY,RP,7.0,7.0,76.0,15.0,3.0,94.2,79.0,48.0,42.0,15.0,27.0,130.0,590.0,0.222,4.0127,27.8386,7.7631578947368425
Sam Gaviglio,TOR,RP,4.0,3.0,56.0,0.0,0.0,98.2,88.0,54.0,52.0,18.0,27.0,89.0,431.0,0.216,4.7658,27.8961,7.696428571428571
Daniel Hudson,WSH,RP,12.0,5.0,90.0,1.0,18.0,93.2,71.0,40.0,34.0,14.0,38.0,99.0,548.0,0.2035,3.2833,38.7618,6.088888888888889
Alex Young,ARI,SP,9.0,9.0,32.0,22.0,0.0,129.2,123.0,70.0,61.0,25.0,41.0,110.0,610.0,0.213,4.2492,41.952,19.0625
Glenn Sparkman,KC,SP,4.0,11.0,35.0,23.0,0.0,141.0,173.0,102.0,94.0,30.0,42.0,83.0,438.0,0.2465,6.0,43.227,12.514285714285714
Antonio Senzatela,COL,SP,16.0,14.0,37.0,37.0,0.0,197.3,232.0,128.0,121.0,28.0,75.0,117.0,738.0,0.255,5.5195,76.1759,19.945945945945947
Craig Stammen,SD,RP,12.0,9.0,100.0,0.0,4.0,106.0,107.0,52.0,45.0,15.0,19.0,93.0,534.0,0.224,3.8208,20.0094,5.34
Hector Neris,PHI,RP,3.0,6.0,68.0,0.0,28.0,67.2,45.0,24.0,22.0,10.0,24.0,89.0,422.0,0.1915,2.9464,24.6696,6.205882352941177
Jose Leclerc,TEX,RP,2.0,4.0,70.0,3.0,14.0,68.2,52.0,34.0,33.0,7.0,39.0,100.0,419.0,0.203,4.3548,39.7625,5.985714285714286
Josh James,HOU,RP,6.0,1.0,62.0,3.0,1.0,78.2,61.0,48.0,46.0,14.0,52.0,121.0,497.0,0.2,5.2941,52.7801,8.016129032258064
Yusmeiro Petit,OAK,RP,7.0,4.0,106.0,0.0,0.0,104.2,76.0,29.0,29.0,14.0,15.0,88.0,533.0,0.1955,2.5048,15.7294,5.028301886792453
Aaron Brooks,BAL,SP,6.0,8.0,29.0,18.0,1.0,110.0,118.0,72.0,69.0,21.0,34.0,82.0,417.0,0.234,5.6455,35.0727,14.379310344827585
Marcus Walden,BOS,RP,9.0,4.0,85.0,0.0,3.0,91.1,84.0,56.0,47.0,11.0,41.0,86.0,445.0,0.2045,4.6432,41.9221,5.235294117647059
Gio Gonzalez,MIL,SP,3.0,2.0,19.0,17.0,0.0,87.1,76.0,36.0,34.0,9.0,37.0,78.0,416.0,0.2155,3.5132,37.8726,21.894736842105264
Archie Bradley,ARI,RP,6.0,5.0,82.0,1.0,24.0,89.30000000000001,84.0,36.0,34.0,6.0,39.0,105.0,519.0,0.2215,3.4267,39.9406,6.329268292682927
Tyler Skaggs,LAA,SP,7.0,7.0,15.0,15.0,0.0,79.2,73.0,41.0,38.0,9.0,28.0,78.0,413.0,0.2195,4.3182,28.9217,27.533333333333335
Hansel Robles,LAA,RP,5.0,3.0,89.0,1.0,24.0,88.4,77.0,40.0,39.0,10.0,26.0,95.0,466.0,0.209,3.9706,26.871,5.235955056179775
Nick Pivetta,PHI,RP,6.0,6.0,35.0,15.0,1.0,108.4,121.0,76.0,68.0,24.0,45.0,106.0,486.0,0.2375,5.6458,46.1162,13.885714285714286
John Brebbia,STL,RP,3.0,4.0,66.0,0.0,0.0,72.2,59.0,31.0,29.0,6.0,27.0,87.0,410.0,0.2065,3.615,27.8172,6.212121212121212
Ty Buttrey,LAA,RP,8.0,10.0,99.0,0.0,7.0,98.19999999999999,97.0,52.0,49.0,12.0,32.0,102.0,503.0,0.222,4.4908,32.9878,5.08080808080808
Scott Barlow,KC,RP,5.0,4.0,93.0,0.0,3.0,100.1,91.0,47.0,47.0,10.0,46.0,131.0,583.0,0.2185,4.2258,46.9091,6.268817204301075
Jordan Yamamoto,MIA,SP,4.0,6.0,20.0,18.0,0.0,89.3,81.0,66.0,62.0,19.0,43.0,95.0,409.0,0.194,6.2486,43.9071,20.45
Aroldis Chapman,NYY,RP,4.0,3.0,73.0,0.0,40.0,68.2,44.0,22.0,18.0,5.0,29.0,107.0,497.0,0.191,2.3754,29.6452,6.808219178082192
Tyler Duffey,MIN,RP,6.0,2.0,80.0,0.0,0.0,81.2,57.0,29.0,21.0,10.0,20.0,113.0,557.0,0.199,2.3276,20.702,6.9625
Diego Castillo,TB,RP,8.0,8.0,88.0,6.0,12.0,89.4,71.0,36.0,30.0,11.0,37.0,104.0,541.0,0.2135,3.0201,37.7942,6.1477272727272725
Brad Hand,CLE,RP,8.0,5.0,83.0,0.0,50.0,79.1,66.0,29.0,26.0,6.0,22.0,113.0,547.0,0.2195,2.9583,22.8344,6.590361445783133
Trevor May,MIN,RP,6.0,3.0,89.0,0.0,4.0,87.19999999999999,63.0,35.0,31.0,13.0,33.0,117.0,557.0,0.1905,3.1995,33.7225,6.258426966292135
Ryne Stanek,MIA,RP,0.0,5.0,74.0,27.0,1.0,87.0,72.0,47.0,42.0,14.0,47.0,100.0,435.0,0.2055,4.3448,47.8276,5.878378378378378
Elieser Hernandez,MIA,SP,4.0,5.0,27.0,21.0,0.0,107.3,97.0,59.0,55.0,25.0,31.0,119.0,552.0,0.2195,4.6132,31.904,20.444444444444443
Raisel Iglesias,CIN,RP,7.0,15.0,90.0,0.0,42.0,90.0,77.0,42.0,38.0,13.0,26.0,120.0,558.0,0.2185,3.8,26.8556,6.2
Asher Wojciechowski,BAL,SP,5.0,11.0,27.0,21.0,0.0,119.1,125.0,75.0,73.0,28.0,43.0,111.0,518.0,0.2225,5.5164,44.0495,19.185185185185187
Rich Hill,LAD,SP,6.0,3.0,21.0,21.0,0.0,96.4,76.0,33.0,29.0,13.0,35.0,103.0,578.0,0.21,2.7075,35.7884,27.523809523809526
Tommy Kahnle,NYY,RP,3.0,2.0,73.0,0.0,0.0,62.1,46.0,27.0,25.0,9.0,21.0,91.0,403.0,0.1985,3.6232,21.7407,5.52054794520548
Tyler Chatwood,CHC,RP,7.0,6.0,46.0,10.0,2.0,94.4,87.0,44.0,43.0,10.0,46.0,99.0,508.0,0.2145,4.0996,46.9216,11.043478260869565
Collin McHugh,HOU,RP,4.0,5.0,35.0,8.0,0.0,74.2,62.0,41.0,39.0,12.0,30.0,82.0,389.0,0.209,4.7305,30.8356,11.114285714285714
Ken Giles,TOR,RP,2.0,3.0,59.0,0.0,24.0,56.2,40.0,15.0,15.0,7.0,21.0,89.0,404.0,0.1925,2.4021,21.7117,6.8474576271186445
Pedro Baez,LAD,RP,7.0,2.0,71.0,0.0,1.0,69.2,43.0,30.0,24.0,6.0,23.0,69.0,386.0,0.1855,3.1214,23.6214,5.436619718309859
Wander Suero,WSH,RP,8.0,9.0,100.0,0.0,1.0,94.3,84.0,46.0,46.0,6.0,36.0,109.0,522.0,0.2195,4.3902,36.8908,5.22
Luke Weaver,ARI,SP,5.0,12.0,25.0,24.0,0.0,116.1,118.0,61.0,59.0,16.0,32.0,124.0,598.0,0.212,4.5736,33.0164,23.92
Nick Ramirez,DET,RP,5.0,4.0,51.0,0.0,0.0,89.4,84.0,52.0,43.0,14.0,39.0,85.0,427.0,0.222,4.3289,39.9396,8.372549019607844
Trevor Cahill,LAA,SP,5.0,11.0,50.0,17.0,0.0,127.1,127.0,81.0,77.0,28.0,53.0,112.0,529.0,0.235,5.4524,53.9992,10.58
Kenley Jansen,LAD,RP,8.0,4.0,89.0,0.0,45.0,87.1,70.0,39.0,35.0,11.0,25.0,113.0,544.0,0.2045,3.6165,25.8037,6.112359550561798
Roberto Osuna,HOU,RP,4.0,3.0,70.0,0.0,39.0,69.1,48.0,21.0,20.0,8.0,12.0,76.0,400.0,0.1935,2.6049,12.6946,5.714285714285714
Carlos Estevez,COL,RP,2.0,2.0,71.0,0.0,0.0,72.0,70.0,34.0,30.0,12.0,23.0,81.0,381.0,0.2235,3.75,23.9722,5.366197183098592
Noe Ramirez,LAA,RP,5.0,4.0,51.0,6.0,0.0,67.2,59.0,30.0,30.0,9.0,20.0,79.0,380.0,0.2145,4.0179,20.878,7.450980392156863
Edwin Diaz,NYM,RP,2.0,7.0,66.0,0.0,26.0,58.0,58.0,36.0,36.0,15.0,22.0,99.0,375.0,0.225,5.5862,23.0,5.681818181818182
Robert Stephenson,CIN,RP,3.0,2.0,67.0,0.0,0.0,74.2,54.0,41.0,38.0,17.0,27.0,94.0,410.0,0.1895,4.6092,27.7278,6.119402985074627
Buck Farmer,DET,RP,7.0,6.0,96.0,1.0,0.0,88.30000000000001,82.0,41.0,37.0,11.0,29.0,87.0,459.0,0.2215,3.7712,29.9287,4.78125
Amir Garrett,CIN,RP,6.0,3.0,90.0,0.0,1.0,74.1,54.0,27.0,25.0,11.0,42.0,104.0,496.0,0.205,3.0364,42.7287,5.511111111111111
Dereck Rodriguez,SF,SP,6.0,11.0,29.0,16.0,0.0,99.0,108.0,74.0,62.0,21.0,36.0,71.0,372.0,0.234,5.6364,37.0909,12.827586206896552
Luis Cessa,NYY,RP,2.0,1.0,59.0,0.0,2.0,102.2,95.0,52.0,45.0,16.0,38.0,92.0,461.0,0.2215,3.9628,38.9295,7.813559322033898
Matt Andriese,ARI,RP,7.0,9.0,70.0,1.0,3.0,102.2,93.0,54.0,53.0,13.0,38.0,112.0,527.0,0.2295,4.6673,38.91,7.5285714285714285
Sean Newcomb,ATL,RP,6.0,5.0,59.0,8.0,1.0,81.3,81.0,45.0,41.0,12.0,35.0,75.0,388.0,0.2165,4.5387,35.9963,6.576271186440678
John Gant,STL,RP,11.0,4.0,81.0,0.0,3.0,81.1,60.0,35.0,31.0,4.0,41.0,78.0,451.0,0.207,3.4402,41.7398,5.567901234567901
Dylan Cease,CHW,SP,9.0,11.0,27.0,27.0,0.0,131.1,128.0,81.0,72.0,27.0,69.0,125.0,639.0,0.234,4.9428,69.9764,23.666666666666668
Mychal Givens,BAL,RP,3.0,7.0,80.0,0.0,12.0,85.1,65.0,45.0,41.0,18.0,36.0,111.0,484.0,0.205,4.3361,36.7638,6.05
Joe Jimenez,DET,RP,4.0,7.0,66.0,0.0,9.0,59.2,56.0,33.0,29.0,13.0,23.0,82.0,362.0,0.22,4.4088,23.9459,5.484848484848484
Will Harris,HOU,RP,4.0,2.0,88.0,0.0,5.0,77.2,63.0,23.0,16.0,9.0,23.0,83.0,458.0,0.1965,1.8653,23.8161,5.204545454545454
Mike Montgomery,KC,RP,3.0,9.0,37.0,14.0,0.0,96.1,119.0,60.0,53.0,19.0,35.0,73.0,379.0,0.256,4.9636,36.2383,10.243243243243244
Shaun Anderson,SF,SP,3.0,5.0,46.0,16.0,2.0,111.1,121.0,67.0,64.0,16.0,50.0,88.0,440.0,0.244,5.1845,51.0891,9.565217391304348
Joakim Soria,OAK,RP,4.0,6.0,93.0,0.0,3.0,91.1,69.0,41.0,40.0,10.0,30.0,103.0,487.0,0.1995,3.9517,30.7574,5.236559139784946
Mark Melancon,ATL,RP,7.0,3.0,90.0,0.0,23.0,89.3,93.0,36.0,34.0,5.0,25.0,82.0,456.0,0.2335,3.4267,26.0414,5.066666666666666
Ian Kennedy,KC,RP,3.0,4.0,78.0,1.0,30.0,77.1,84.0,41.0,38.0,13.0,22.0,88.0,400.0,0.229,4.4358,23.0895,5.128205128205129
Jacob Waguespack,TOR,SP,5.0,5.0,27.0,13.0,0.0,95.2,102.0,63.0,54.0,14.0,38.0,79.0,408.0,0.2235,5.105,39.0714,15.11111111111111
Kyle Freeland,COL,SP,5.0,14.0,35.0,35.0,0.0,174.3,203.0,119.0,112.0,34.0,62.0,125.0,650.0,0.2465,5.7831,63.1647,18.571428571428573
Jesse Chavez,TEX,RP,3.0,5.0,66.0,9.0,1.0,95.0,102.0,61.0,55.0,18.0,29.0,85.0,401.0,0.232,5.2105,30.0737,6.075757575757576
Jordan Zimmermann,DET,SP,1.0,13.0,26.0,25.0,0.0,117.2,156.0,95.0,91.0,19.0,27.0,88.0,370.0,0.254,6.9881,28.3311,14.23076923076923
Taylor Clarke,ARI,SP,8.0,5.0,35.0,20.0,1.0,127.30000000000001,121.0,78.0,71.0,31.0,51.0,108.0,555.0,0.23,5.0196,51.9505,15.857142857142858
Ryan Pressly,HOU,RP,3.0,6.0,78.0,0.0,15.0,75.1,58.0,25.0,22.0,8.0,19.0,101.0,481.0,0.1925,2.6365,19.7723,6.166666666666667
Jose Urena,MIA,SP,4.0,10.0,25.0,13.0,3.0,84.2,99.0,53.0,49.0,13.0,26.0,62.0,349.0,0.245,5.2375,27.1758,13.96
Oliver Drake,TB,RP,5.0,4.0,61.0,0.0,4.0,67.0,43.0,28.0,27.0,11.0,25.0,77.0,381.0,0.189,3.6269,25.6418,6.245901639344262
Francisco Liriano,PIT,RP,5.0,3.0,69.0,0.0,0.0,70.0,60.0,32.0,27.0,8.0,35.0,63.0,348.0,0.214,3.4714,35.8571,5.043478260869565
Derek Holland,CHC,RP,3.0,8.0,65.0,13.0,0.0,124.3,124.0,94.0,88.0,32.0,60.0,127.0,514.0,0.2275,6.3717,60.9976,7.907692307692308
Gabriel Ynoa,BAL,SP,1.0,10.0,36.0,13.0,0.0,110.2,126.0,77.0,69.0,29.0,26.0,67.0,344.0,0.2385,5.6352,27.1434,9.555555555555555
Reyes Moronta,SF,RP,3.0,7.0,56.0,0.0,0.0,56.2,41.0,19.0,18.0,4.0,33.0,70.0,344.0,0.197,2.8826,33.7295,6.142857142857143
Jake Diekman,OAK,RP,3.0,7.0,96.0,0.0,0.0,82.1,56.0,36.0,33.0,4.0,51.0,113.0,505.0,0.2055,3.6175,51.6821,5.260416666666667
Michael Feliz,PIT,RP,4.0,4.0,61.0,1.0,0.0,57.300000000000004,48.0,33.0,31.0,12.0,29.0,75.0,330.0,0.2045,4.8691,29.8377,5.409836065573771
Scott Oberg,COL,RP,6.0,1.0,49.0,0.0,5.0,56.0,39.0,18.0,14.0,5.0,23.0,58.0,336.0,0.1965,2.25,23.6964,6.857142857142857
Aaron Bummer,CHW,RP,1.0,0.0,67.0,0.0,1.0,76.3,48.0,18.0,17.0,4.0,29.0,74.0,408.0,0.1905,2.0052,29.6291,6.08955223880597
Sean Doolittle,WSH,RP,6.0,7.0,74.0,0.0,29.0,67.2,72.0,33.0,32.0,14.0,19.0,72.0,359.0,0.2285,4.2857,20.0714,4.851351351351352
Shane Greene,ATL,RP,1.0,3.0,93.0,0.0,23.0,89.4,68.0,31.0,24.0,10.0,26.0,85.0,460.0,0.1985,2.4161,26.7606,4.946236559139785
Zack Godley,TOR,SP,4.0,9.0,41.0,16.0,2.0,120.2,138.0,88.0,87.0,23.0,56.0,98.0,423.0,0.2335,6.5141,57.1481,10.317073170731707
Nick Wittgren,CLE,RP,7.0,1.0,80.0,0.0,4.0,80.4,65.0,31.0,27.0,14.0,21.0,88.0,469.0,0.2075,3.0224,21.8085,5.8625
Cam Bedrosian,LAA,RP,3.0,3.0,70.0,7.0,1.0,75.3,58.0,34.0,26.0,7.0,28.0,75.0,393.0,0.202,3.1076,28.7703,5.614285714285714
Richard Rodriguez,PIT,RP,4.0,5.0,72.0,0.0,1.0,65.1,65.0,30.0,27.0,14.0,23.0,63.0,328.0,0.2245,3.7327,23.9985,4.555555555555555
Miguel Castro,BAL,RP,3.0,5.0,91.0,0.0,4.0,97.3,91.0,54.0,49.0,14.0,54.0,109.0,492.0,0.2145,4.5324,54.9353,5.406593406593407
Steve Cishek,CHC,RP,4.0,6.0,92.0,0.0,7.0,84.0,69.0,34.0,33.0,11.0,38.0,78.0,411.0,0.2035,3.5357,38.8214,4.467391304347826
Tyler Clippard,CLE,RP,3.0,1.0,79.0,5.0,0.0,88.0,57.0,29.0,28.0,10.0,19.0,90.0,468.0,0.1865,2.8636,19.6477,5.924050632911392
Chris Devenski,HOU,RP,2.0,4.0,65.0,1.0,0.0,72.2,76.0,45.0,43.0,14.0,24.0,77.0,332.0,0.2265,5.3601,25.0526,5.107692307692307
Andrew Miller,STL,RP,6.0,7.0,89.0,0.0,10.0,67.2,54.0,36.0,31.0,11.0,32.0,86.0,404.0,0.211,4.1518,32.8036,4.53932584269663
Zach Britton,NYY,RP,4.0,3.0,86.0,0.0,11.0,80.1,50.0,19.0,17.0,3.0,39.0,69.0,421.0,0.1895,1.9101,39.6242,4.895348837209302
Jaime Barria,LAA,SP,5.0,10.0,26.0,18.0,0.0,114.30000000000001,119.0,74.0,72.0,27.0,36.0,102.0,469.0,0.2365,5.6693,37.0411,18.03846153846154
Colin Poché,TB,RP,5.0,5.0,51.0,0.0,2.0,51.2,33.0,27.0,27.0,9.0,19.0,72.0,320.0,0.189,4.7461,19.6445,6.2745098039215685
Yimi Garcia,LAD,RP,1.0,4.0,64.0,0.0,0.0,62.1,40.0,28.0,25.0,15.0,14.0,66.0,316.0,0.1875,3.6232,14.6441,4.9375
Tanner Rainey,WSH,RP,3.0,4.0,72.0,0.0,0.0,68.2,40.0,28.0,27.0,10.0,45.0,106.0,461.0,0.192,3.563,45.5865,6.402777777777778
Alex Colome,CHW,RP,4.0,5.0,62.0,0.0,30.0,61.0,42.0,28.0,19.0,7.0,23.0,55.0,315.0,0.1935,2.8033,23.6885,5.080645161290323
Framber Valdez,HOU,SP,9.0,10.0,37.0,18.0,0.0,140.4,137.0,83.0,74.0,14.0,60.0,144.0,724.0,0.232,4.7436,60.9758,19.56756756756757
Sam Dyson,MIN,RP,5.0,1.0,61.0,0.0,2.0,62.1,53.0,26.0,23.0,6.0,13.0,55.0,313.0,0.2135,3.3333,13.8535,5.131147540983607
Jairo Diaz,COL,RP,6.0,4.0,56.0,0.0,5.0,57.2,56.0,34.0,29.0,7.0,19.0,63.0,311.0,0.224,4.5629,19.979,5.553571428571429
Nestor Cortes,NYY,RP,5.0,1.0,38.0,2.0,0.0,73.4,87.0,58.0,55.0,22.0,34.0,77.0,319.0,0.239,6.7439,35.1853,8.394736842105264
Jared Hughes,PHI,RP,6.0,7.0,90.0,0.0,1.0,93.19999999999999,80.0,54.0,44.0,16.0,41.0,75.0,410.0,0.2105,4.2489,41.8584,4.555555555555555
Kyle Ryan,CHC,RP,5.0,2.0,91.0,0.0,1.0,76.2,71.0,35.0,33.0,10.0,35.0,69.0,368.0,0.22,3.8976,35.9318,4.043956043956044
Andrew Chafin,ARI,RP,3.0,4.0,93.0,0.0,1.0,61.400000000000006,63.0,30.0,29.0,8.0,23.0,81.0,361.0,0.227,4.2508,24.0261,3.881720430107527
Matt Magill,SEA,RP,5.0,3.0,61.0,0.0,5.0,60.300000000000004,60.0,38.0,30.0,10.0,26.0,75.0,348.0,0.224,4.4776,26.995,5.704918032786885
Chris Martin,ATL,RP,2.0,4.0,77.0,0.0,5.0,73.2,60.0,26.0,23.0,10.0,8.0,85.0,419.0,0.223,2.8279,8.8197,5.441558441558442
Josh Osich,CHW,RP,5.0,1.0,74.0,1.0,0.0,85.30000000000001,83.0,54.0,48.0,21.0,20.0,85.0,399.0,0.2195,5.0645,20.973,5.391891891891892
Blake Parker,PHI,RP,6.0,3.0,74.0,3.0,10.0,77.1,65.0,39.0,36.0,15.0,31.0,90.0,430.0,0.216,4.2023,31.8431,5.8108108108108105
Josh Tomlin,ATL,RP,4.0,3.0,68.0,6.0,2.0,118.3,122.0,57.0,54.0,20.0,15.0,87.0,484.0,0.232,4.1082,16.0313,7.117647058823529
Sergio Romo,MIN,RP,3.0,3.0,89.0,0.0,25.0,80.1,66.0,36.0,32.0,10.0,24.0,83.0,412.0,0.209,3.5955,24.824,4.629213483146067
Aaron Civale,CLE,SP,7.0,10.0,22.0,21.0,0.0,131.2,126.0,57.0,54.0,15.0,32.0,115.0,668.0,0.2065,3.7043,32.9604,30.363636363636363
Chris Stratton,PIT,RP,3.0,4.0,62.0,5.0,0.0,106.0,119.0,69.0,60.0,16.0,46.0,108.0,480.0,0.2485,5.0943,47.1226,7.741935483870968
Jace Fry,CHW,RP,3.0,5.0,86.0,0.0,0.0,74.2,60.0,42.0,37.0,10.0,55.0,92.0,407.0,0.2075,4.4879,55.8086,4.732558139534884
Nathan Eovaldi,BOS,SP,6.0,3.0,32.0,21.0,0.0,115.30000000000001,123.0,66.0,65.0,24.0,42.0,122.0,579.0,0.2365,5.0737,43.0668,18.09375
Thomas Pannone,TOR,RP,3.0,6.0,37.0,7.0,0.0,73.0,73.0,51.0,50.0,13.0,31.0,69.0,298.0,0.226,6.1644,32.0,8.054054054054054
Luis Perdomo,SD,RP,2.0,4.0,57.0,2.0,0.0,89.1,82.0,46.0,43.0,9.0,28.0,71.0,364.0,0.2245,4.3434,28.9203,6.385964912280702
Matt Albers,MIL,RP,8.0,6.0,67.0,0.0,4.0,59.2,53.0,34.0,34.0,8.0,29.0,57.0,296.0,0.218,5.1689,29.8953,4.417910447761194
Blake Treinen,OAK,RP,9.0,8.0,84.0,0.0,17.0,83.4,81.0,48.0,43.0,10.0,45.0,81.0,421.0,0.227,4.6403,45.9712,5.011904761904762
Trevor Gott,SF,RP,8.0,2.0,65.0,0.0,5.0,63.400000000000006,54.0,39.0,39.0,11.0,25.0,65.0,319.0,0.2065,5.5363,25.8517,4.907692307692308
Joe Biagini,HOU,RP,3.0,2.0,67.0,0.0,1.0,68.3,81.0,45.0,43.0,15.0,30.0,64.0,288.0,0.239,5.6662,31.1859,4.298507462686567
Joe Kelly,LAD,RP,5.0,4.0,67.0,1.0,1.0,61.1,57.0,34.0,28.0,6.0,29.0,71.0,343.0,0.2205,4.1244,29.9329,5.119402985074627
Josh Taylor,BOS,RP,3.0,3.0,60.0,1.0,0.0,54.2,47.0,25.0,24.0,7.0,21.0,69.0,317.0,0.213,3.9852,21.8672,5.283333333333333
Derek Law,TOR,RP,1.0,2.0,58.0,4.0,5.0,60.2,61.0,36.0,33.0,8.0,40.0,67.0,290.0,0.226,4.9336,41.0133,5.0
Dillon Peters,LAA,SP,4.0,4.0,18.0,14.0,0.0,73.2,88.0,54.0,46.0,20.0,26.0,57.0,290.0,0.2435,5.6557,27.2022,16.11111111111111
Yoshihisa Hirano,ARI,RP,5.0,6.0,75.0,0.0,5.0,65.1,69.0,40.0,36.0,9.0,30.0,72.0,334.0,0.223,4.977,31.0599,4.453333333333333
Javy Guerra,WSH,RP,3.0,1.0,65.0,0.0,2.0,82.4,86.0,43.0,42.0,12.0,24.0,70.0,352.0,0.224,4.5874,25.0437,5.415384615384616
Javy Guerra,WSH,RP,4.0,1.0,65.0,0.0,2.0,80.3,92.0,52.0,50.0,11.0,22.0,69.0,324.0,0.224,5.604,23.1457,4.984615384615385
Brett Martin,TEX,SP,3.0,4.0,66.0,2.0,0.0,76.3,80.0,43.0,36.0,9.0,27.0,70.0,351.0,0.238,4.2464,28.0485,5.318181818181818
Chaz Roe,TB,RP,3.0,3.0,81.0,0.0,2.0,60.1,59.0,31.0,26.0,3.0,34.0,74.0,343.0,0.224,3.8935,34.9817,4.234567901234568
Robert Gsellman,NYM,RP,2.0,3.0,58.0,4.0,1.0,77.2,86.0,51.0,48.0,11.0,31.0,69.0,308.0,0.229,5.5959,32.114,5.310344827586207
Jose Alvarez,PHI,RP,3.0,4.0,67.0,1.0,1.0,59.0,66.0,25.0,22.0,8.0,18.0,51.0,282.0,0.2405,3.3559,19.1186,4.208955223880597
Brandon Kintzler,CHC,RP,5.0,6.0,86.0,0.0,13.0,81.1,67.0,25.0,23.0,8.0,24.0,62.0,391.0,0.2085,2.5524,24.8261,4.546511627906977
Joe Ross,WSH,SP,4.0,4.0,28.0,9.0,0.0,64.0,74.0,41.0,39.0,7.0,33.0,57.0,282.0,0.244,5.4844,34.1562,10.071428571428571
Erick Fedde,WSH,RP,5.0,6.0,32.0,20.0,0.0,128.1,128.0,64.0,63.0,21.0,55.0,69.0,457.0,0.2365,4.4262,55.9992,14.28125
Bryan Shaw,COL,RP,4.0,2.0,76.0,1.0,1.0,78.0,82.0,56.0,55.0,13.0,35.0,62.0,279.0,0.224,6.3462,36.0513,3.6710526315789473
Jeurys Familia,NYM,RP,6.0,2.0,91.0,0.0,0.0,86.2,82.0,50.0,49.0,9.0,61.0,86.0,407.0,0.2355,5.116,61.9513,4.472527472527473
Luis Garcia,LAA,RP,2.0,2.0,69.0,2.0,1.0,74.1,68.0,39.0,34.0,14.0,38.0,66.0,331.0,0.227,4.1296,38.9177,4.797101449275362
Jose Suarez,LAA,SP,2.0,8.0,21.0,17.0,0.0,83.1,110.0,77.0,74.0,24.0,38.0,74.0,262.0,0.2505,8.0144,39.3237,12.476190476190476
Trey Wingenter,SD,RP,1.0,3.0,51.0,1.0,1.0,51.0,34.0,32.0,32.0,5.0,28.0,72.0,279.0,0.192,5.6471,28.6667,5.470588235294118
Carlos Martinez,STL,RP,4.0,2.0,48.0,0.0,24.0,48.1,39.0,18.0,17.0,2.0,18.0,53.0,277.0,0.2085,3.1809,18.8108,5.770833333333333
Adam Kolarek,LAD,RP,9.0,3.0,103.0,0.0,2.0,74.0,59.0,24.0,22.0,8.0,20.0,58.0,384.0,0.213,2.6757,20.7973,3.7281553398058254
Brad Brach,NYM,RP,6.0,4.0,73.0,0.0,0.0,66.2,65.0,41.0,41.0,6.0,45.0,74.0,335.0,0.2375,5.574,45.9819,4.589041095890411
Jeff Hoffman,COL,SP,4.0,7.0,34.0,15.0,1.0,91.1,109.0,74.0,73.0,24.0,43.0,88.0,343.0,0.24,7.2119,44.1965,10.088235294117647
Ryan Brasier,BOS,RP,3.0,4.0,87.0,1.0,7.0,80.2,75.0,45.0,41.0,11.0,32.0,91.0,410.0,0.2175,4.601,32.9352,4.712643678160919
Lou Trivino,OAK,RP,4.0,6.0,81.0,0.0,0.0,83.1,77.0,50.0,45.0,10.0,41.0,83.0,388.0,0.2305,4.8736,41.9266,4.790123456790123
Hector Rondon,HOU,RP,3.0,2.0,62.0,1.0,0.0,60.2,56.0,25.0,25.0,10.0,20.0,48.0,269.0,0.2195,3.7375,20.9302,4.338709677419355
David Hess,BAL,RP,1.0,10.0,26.0,14.0,0.0,87.0,104.0,78.0,68.0,29.0,32.0,69.0,278.0,0.242,7.0345,33.1954,10.692307692307692
Ryne Harper,MIN,RP,5.0,2.0,84.0,0.0,1.0,77.3,83.0,46.0,43.0,12.0,19.0,75.0,360.0,0.227,5.0065,20.0737,4.285714285714286
Kyle Crick,PIT,RP,3.0,8.0,59.0,0.0,0.0,54.2,48.0,36.0,28.0,10.0,39.0,68.0,302.0,0.2105,4.6494,39.8856,5.11864406779661
Dario Agrazal,PIT,SP,4.0,5.0,15.0,14.0,0.0,73.1,82.0,43.0,40.0,15.0,18.0,41.0,267.0,0.24,4.9248,19.1218,17.8
Matt Wisler,SEA,RP,3.0,5.0,62.0,12.0,1.0,76.2,71.0,37.0,35.0,12.0,30.0,98.0,437.0,0.2345,4.1339,30.9318,7.048387096774194
Andrew Kittredge,TB,RP,1.0,0.0,45.0,8.0,1.0,57.2,59.0,27.0,25.0,7.0,14.0,61.0,287.0,0.23,3.9336,15.0315,6.377777777777778
Shawn Armstrong,BAL,RP,3.0,2.0,70.0,1.0,5.0,73.0,75.0,44.0,40.0,9.0,32.0,77.0,348.0,0.2395,4.9315,33.0274,4.9714285714285715
Evan Marshall,CHW,RP,6.0,3.0,78.0,0.0,0.0,72.4,59.0,22.0,20.0,6.0,31.0,71.0,409.0,0.2125,2.4862,31.8149,5.243589743589744
Ranger Suarez,PHI,RP,6.0,1.0,37.0,0.0,0.0,48.2,52.0,18.0,17.0,6.0,12.0,42.0,257.0,0.2375,3.1743,13.0788,6.945945945945946
Daniel Poncedeleon,STL,RP,1.0,2.0,13.0,8.0,0.0,48.2,36.0,21.0,20.0,6.0,26.0,52.0,256.0,0.202,3.7344,26.7469,19.692307692307693
Anthony Swarzak,ATL,RP,3.0,4.0,59.0,0.0,4.0,53.1,52.0,30.0,27.0,12.0,27.0,52.0,253.0,0.224,4.5763,27.9793,4.288135593220339
Peter Lambert,COL,SP,3.0,7.0,22.0,19.0,0.0,89.1,119.0,74.0,72.0,18.0,36.0,57.0,253.0,0.259,7.2727,37.3356,11.5
Tyler Webb,STL,RP,3.0,2.0,86.0,0.0,1.0,76.2,50.0,28.0,28.0,9.0,30.0,67.0,365.0,0.1845,3.3071,30.6562,4.244186046511628
Justin Anderson,LAA,RP,3.0,0.0,54.0,0.0,1.0,47.0,42.0,32.0,29.0,6.0,32.0,60.0,252.0,0.2145,5.5532,32.8936,4.666666666666667
Felix Hernandez,SEA,SP,1.0,8.0,15.0,15.0,0.0,71.2,85.0,58.0,51.0,17.0,25.0,57.0,251.0,0.244,6.4466,26.1938,16.733333333333334
Yoan Lopez,ARI,RP,2.0,7.0,70.0,0.0,1.0,60.2,52.0,27.0,23.0,11.0,17.0,42.0,251.0,0.2145,3.4385,17.8638,3.585714285714286
Colten Brewer,BOS,RP,1.0,5.0,69.0,4.0,0.0,79.4,90.0,43.0,41.0,12.0,48.0,77.0,355.0,0.237,4.6474,49.1335,5.144927536231884
Daniel Mengden,OAK,SP,5.0,3.0,17.0,12.0,1.0,71.3,73.0,37.0,37.0,9.0,34.0,52.0,303.0,0.2255,4.6704,35.0238,17.823529411764707
Roenis Elias,WSH,RP,4.0,2.0,48.0,0.0,14.0,50.0,46.0,32.0,22.0,10.0,18.0,47.0,249.0,0.2165,3.96,18.92,5.1875
Ryan Buchter,OAK,RP,3.0,1.0,74.0,0.0,0.0,51.1,47.0,20.0,18.0,10.0,29.0,58.0,292.0,0.224,3.1703,29.9198,3.945945945945946
Jerad Eickhoff,PHI,SP,3.0,4.0,12.0,10.0,1.0,58.1,58.0,37.0,37.0,18.0,18.0,51.0,247.0,0.229,5.7315,18.9983,20.583333333333332
Brendan McKay,TB,SP,2.0,4.0,18.0,12.0,0.0,49.0,53.0,32.0,28.0,8.0,16.0,56.0,247.0,0.2325,5.1429,17.0816,13.722222222222221
Alex Claudio,MIL,RP,2.0,2.0,103.0,0.0,1.0,81.0,75.0,39.0,37.0,10.0,30.0,59.0,321.0,0.2215,4.1111,30.9259,3.116504854368932
Lucas Sims,CIN,SP,5.0,1.0,44.0,4.0,0.0,68.2,44.0,32.0,29.0,11.0,30.0,91.0,422.0,0.199,3.827,30.6452,9.590909090909092
Adam Cimber,CLE,RP,6.0,4.0,82.0,0.0,1.0,67.3,69.0,34.0,33.0,7.0,21.0,46.0,279.0,0.227,4.4131,22.0253,3.402439024390244
Wei-Yin Chen,MIA,RP,0.0,1.0,45.0,0.0,0.0,68.1,87.0,54.0,50.0,15.0,18.0,63.0,244.0,0.254,6.6079,19.2775,5.4222222222222225
Chi Chi Gonzalez,COL,SP,2.0,6.0,14.0,12.0,0.0,63.0,59.0,39.0,37.0,11.0,33.0,46.0,244.0,0.221,5.2857,33.9365,17.428571428571427
Tyler Kinley,MIA,RP,3.0,3.0,76.0,0.0,1.0,72.3,56.0,35.0,34.0,7.0,48.0,72.0,351.0,0.2175,4.2324,48.7746,4.618421052631579
Nick Goody,CLE,RP,3.0,4.0,56.0,1.0,1.0,51.2,44.0,30.0,27.0,10.0,30.0,63.0,281.0,0.199,4.7461,30.8594,5.017857142857143
Jarlin Garcia,MIA,RP,4.0,2.0,53.0,0.0,0.0,50.2,40.0,17.0,17.0,4.0,16.0,39.0,242.0,0.2065,3.0478,16.7968,4.566037735849057
Drew VerHagen,DET,SP,4.0,3.0,22.0,4.0,0.0,58.0,70.0,40.0,38.0,9.0,23.0,51.0,241.0,0.2505,5.8966,24.2069,10.954545454545455
Paul Fry,BAL,RP,3.0,9.0,88.0,0.0,3.0,79.1,76.0,46.0,40.0,10.0,38.0,84.0,388.0,0.222,4.5512,38.9608,4.409090909090909
Tim Mayza,TOR,RP,1.0,3.0,68.0,0.0,0.0,51.1,45.0,29.0,28.0,8.0,27.0,55.0,241.0,0.2125,4.9315,27.8806,3.5441176470588234
Justin Wilson,NYM,RP,6.0,3.0,68.0,0.0,4.0,58.2,51.0,22.0,19.0,5.0,28.0,67.0,356.0,0.2125,2.9381,28.8763,5.235294117647059
Austin Voth,WSH,SP,4.0,6.0,20.0,19.0,0.0,92.4,90.0,52.0,51.0,19.0,31.0,88.0,431.0,0.205,4.9675,31.974,21.55
Cory Gearrin,NYY,RP,1.0,3.0,67.0,1.0,0.0,57.1,55.0,25.0,25.0,5.0,27.0,48.0,247.0,0.229,3.9405,27.9632,3.6865671641791047
Mitch Keller,PIT,SP,2.0,6.0,16.0,16.0,0.0,69.2,81.0,48.0,45.0,10.0,34.0,81.0,337.0,0.2715,5.8526,35.1705,21.0625
Erik Swanson,SEA,SP,1.0,7.0,36.0,8.0,2.0,65.2,67.0,53.0,48.0,20.0,14.0,61.0,250.0,0.2195,6.6258,15.0276,6.944444444444445
Clay Holmes,PIT,RP,1.0,2.0,36.0,0.0,0.0,51.1,47.0,36.0,31.0,5.0,36.0,57.0,238.0,0.2145,5.4599,36.9198,6.611111111111111
Dylan Floro,LAD,RP,8.0,3.0,75.0,0.0,0.0,70.30000000000001,69.0,32.0,29.0,5.0,18.0,61.0,357.0,0.224,3.7127,18.9815,4.76
Caleb Ferguson,LAD,SP,3.0,3.0,67.0,3.0,0.0,62.400000000000006,55.0,33.0,30.0,11.0,30.0,81.0,361.0,0.2155,4.3269,30.8814,5.388059701492537
Brandon Brennan,SEA,RP,3.0,6.0,49.0,0.0,0.0,54.2,41.0,28.0,27.0,8.0,29.0,54.0,263.0,0.199,4.4834,29.7565,5.36734693877551
Kevin McCarthy,KC,RP,4.0,2.0,61.0,0.0,1.0,66.1,78.0,34.0,33.0,5.0,23.0,40.0,244.0,0.241,4.4932,24.18,4.0
Tyler Alexander,DET,SP,3.0,7.0,27.0,10.0,0.0,89.30000000000001,107.0,46.0,45.0,17.0,16.0,81.0,404.0,0.2495,4.5353,17.1982,14.962962962962964
Anthony Bass,SEA,RP,4.0,7.0,71.0,0.0,12.0,73.2,47.0,33.0,29.0,7.0,26.0,64.0,350.0,0.188,3.5656,26.6421,4.929577464788732
Austin Brice,MIA,RP,2.0,0.0,57.0,1.0,0.0,63.400000000000006,54.0,34.0,30.0,10.0,31.0,71.0,328.0,0.2055,4.2587,31.8517,5.754385964912281
Kelvin Herrera,CHW,RP,3.0,3.0,59.0,0.0,1.0,53.2,63.0,40.0,39.0,10.0,24.0,56.0,230.0,0.2425,6.5977,25.1842,3.8983050847457625
Jeremy Jeffress,MIL,RP,7.0,5.0,70.0,0.0,9.0,75.1,64.0,37.0,33.0,6.0,29.0,63.0,358.0,0.233,3.9547,29.8522,5.114285714285714
Austin Adams,SEA,RP,2.0,2.0,33.0,0.0,0.0,36.0,23.0,16.0,16.0,5.0,18.0,60.0,252.0,0.188,4.0,18.6389,7.636363636363637
Oliver Perez,CLE,RP,2.0,4.0,67.0,0.0,1.0,40.2,38.0,20.0,18.0,5.0,12.0,48.0,224.0,0.2195,4.0299,12.9453,3.343283582089552
Robbie Erlin,SD,RP,0.0,1.0,46.0,6.0,0.0,81.3,105.0,60.0,57.0,14.0,22.0,77.0,306.0,0.2545,6.31,23.2915,6.6521739130434785
Shawn Kelley,TEX,RP,5.0,2.0,51.0,0.0,11.0,47.1,55.0,27.0,26.0,12.0,11.0,43.0,223.0,0.244,4.9682,12.1677,4.372549019607843
Casey Sadler,LAD,RP,5.0,2.0,50.0,1.0,1.0,65.2,56.0,27.0,22.0,8.0,25.0,52.0,317.0,0.2165,3.0368,25.8589,6.34
Tony Watson,SF,RP,3.0,2.0,81.0,0.0,2.0,72.0,69.0,34.0,30.0,12.0,15.0,56.0,312.0,0.2305,3.75,15.9583,3.8518518518518516
Adam Conley,MIA,RP,2.0,11.0,60.0,0.0,2.0,60.2,76.0,45.0,44.0,10.0,29.0,53.0,221.0,0.2525,6.5781,30.2625,3.683333333333333
Taylor Cole,LAA,RP,3.0,4.0,38.0,6.0,0.0,51.2,58.0,35.0,34.0,2.0,24.0,50.0,221.0,0.2415,5.9766,25.1328,5.815789473684211
Ross Detwiler,CHW,SP,4.0,6.0,34.0,12.0,0.0,88.4,105.0,62.0,58.0,22.0,32.0,61.0,309.0,0.251,5.905,33.1878,9.088235294117647
Hector Velazquez,BOS,RP,1.0,4.0,34.0,8.0,0.0,56.1,58.0,40.0,34.0,7.0,28.0,49.0,220.0,0.2355,5.4545,29.0339,6.470588235294118
Tony Gonsolin,LAD,SP,6.0,4.0,20.0,14.0,1.0,86.2,58.0,28.0,25.0,6.0,22.0,83.0,486.0,0.1875,2.6102,22.6729,24.3
Corbin Burnes,MIL,RP,5.0,6.0,44.0,13.0,1.0,108.2,107.0,67.0,62.0,19.0,44.0,158.0,660.0,0.2635,5.1571,44.9889,15.0
Devin Smeltzer,MIN,SP,4.0,2.0,19.0,7.0,1.0,65.0,69.0,35.0,33.0,10.0,17.0,53.0,287.0,0.231,4.5692,18.0615,15.105263157894736
Darwinzon Hernandez,BOS,RP,1.0,1.0,36.0,1.0,0.0,38.2,32.0,20.0,17.0,1.0,34.0,70.0,281.0,0.214,4.0052,34.8377,7.805555555555555
Pedro Strop,CHC,RP,2.0,5.0,54.0,0.0,10.0,43.300000000000004,34.0,27.0,24.0,6.0,26.0,52.0,228.0,0.207,4.9885,26.7852,4.222222222222222
Nick Vincent,PHI,RP,2.0,6.0,53.0,1.0,3.0,66.30000000000001,70.0,34.0,33.0,13.0,18.0,64.0,306.0,0.232,4.4796,19.0558,5.773584905660377
Juan Nicasio,PHI,RP,2.0,3.0,49.0,0.0,1.0,48.2,62.0,33.0,31.0,5.0,23.0,46.0,203.0,0.247,5.7884,24.2863,4.142857142857143
Hunter Wood,CLE,RP,1.0,1.0,36.0,2.0,1.0,45.1,46.0,20.0,15.0,7.0,12.0,39.0,214.0,0.2265,2.9933,13.02,5.944444444444445
Jose Urquidy,HOU,SP,3.0,2.0,14.0,12.0,0.0,70.2,60.0,27.0,27.0,10.0,15.0,57.0,348.0,0.219,3.4615,15.8547,24.857142857142858
Heath Hembree,BOS,RP,4.0,0.0,67.0,0.0,2.0,58.2,60.0,39.0,36.0,16.0,26.0,66.0,290.0,0.2105,5.567,27.0309,4.3283582089552235
Carlos Rodon,CHW,SP,3.0,2.0,7.0,7.0,0.0,34.2,33.0,22.0,20.0,4.0,17.0,46.0,212.0,0.218,5.2632,17.9649,30.285714285714285
Alec Mills,CHC,RP,6.0,4.0,21.0,15.0,1.0,98.1,84.0,42.0,42.0,18.0,30.0,88.0,493.0,0.214,3.8532,30.8563,23.476190476190474
Zack Littell,MIN,RP,6.0,0.0,35.0,0.0,0.0,43.1,46.0,19.0,18.0,9.0,12.0,35.0,217.0,0.2235,3.7587,13.0673,6.2
Luke Bard,LAA,RP,3.0,3.0,38.0,3.0,0.0,54.1,48.0,31.0,30.0,10.0,13.0,47.0,232.0,0.2125,4.9908,13.8872,6.105263157894737
Austin Pruitt,TB,RP,3.0,0.0,14.0,2.0,0.0,47.0,47.0,23.0,23.0,7.0,12.0,39.0,207.0,0.2315,4.4043,13.0,14.785714285714286
Touki Toussaint,ATL,RP,4.0,2.0,31.0,6.0,0.0,65.30000000000001,71.0,56.0,50.0,12.0,42.0,75.0,301.0,0.2335,6.8913,43.0873,9.709677419354838
Jonathan Holder,NYY,RP,8.0,2.0,53.0,1.0,0.0,62.3,68.0,45.0,41.0,11.0,22.0,60.0,294.0,0.2265,5.923,23.0915,5.547169811320755
Sean Manaea,OAK,SP,8.0,3.0,16.0,16.0,0.0,83.2,73.0,36.0,31.0,10.0,15.0,75.0,451.0,0.1785,3.3534,15.8774,28.1875
Fernando Rodney,WSH,RP,0.0,5.0,55.0,0.0,2.0,47.2,49.0,31.0,30.0,5.0,28.0,49.0,200.0,0.233,5.7203,29.0381,3.6363636363636362
Tim Hill,KC,RP,5.0,0.0,69.0,0.0,1.0,57.2,48.0,26.0,25.0,7.0,19.0,59.0,305.0,0.207,3.9336,19.8392,4.420289855072464
Brad Wieck,CHC,RP,2.0,2.0,45.0,0.0,0.0,35.2,29.0,25.0,24.0,9.0,14.0,51.0,200.0,0.2055,6.1364,14.8239,4.444444444444445
Justin Shafer,TOR,RP,2.0,1.0,39.0,0.0,1.0,44.400000000000006,49.0,27.0,25.0,8.0,29.0,44.0,205.0,0.231,5.0676,30.1036,5.256410256410256
Gregory Soto,DET,SP,0.0,6.0,61.0,6.0,2.0,80.2,90.0,50.0,48.0,11.0,46.0,74.0,320.0,0.2525,5.3865,47.1222,5.245901639344262
Chad Bettis,COL,SP,1.0,6.0,39.0,3.0,1.0,63.2,78.0,47.0,43.0,10.0,21.0,42.0,194.0,0.249,6.1234,22.2342,4.9743589743589745
Nick Kingham,TOR,SP,4.0,2.0,25.0,4.0,1.0,55.2,78.0,45.0,45.0,11.0,25.0,46.0,194.0,0.269,7.337,26.413,7.76
Jay Jackson,MIL,RP,1.0,0.0,28.0,0.0,0.0,30.1,22.0,15.0,15.0,6.0,18.0,47.0,193.0,0.1995,4.485,18.7309,6.892857142857143
Jeff Brigham,MIA,RP,3.0,1.0,33.0,0.0,1.0,39.1,38.0,21.0,20.0,8.0,14.0,39.0,193.0,0.2225,4.6036,14.9719,5.848484848484849
Kolby Allard,TEX,RP,4.0,8.0,20.0,17.0,0.0,78.30000000000001,83.0,55.0,54.0,7.0,39.0,65.0,306.0,0.239,6.2069,40.06,15.3
Dominic Leone,STL,RP,1.0,0.0,52.0,0.0,1.0,49.400000000000006,53.0,37.0,34.0,12.0,27.0,62.0,241.0,0.2235,6.1943,28.0729,4.634615384615385
Rowan Wick,CHC,RP,2.0,1.0,50.0,0.0,6.0,50.2,40.0,19.0,15.0,1.0,22.0,55.0,284.0,0.19,2.6892,22.7968,5.68
Jacob Webb,ATL,RP,4.0,0.0,44.0,0.0,2.0,42.1,31.0,12.0,5.0,4.0,17.0,38.0,250.0,0.201,1.0689,17.7363,5.681818181818182
Clay Buchholz,TOR,SP,2.0,5.0,12.0,12.0,0.0,59.0,72.0,44.0,43.0,13.0,16.0,39.0,189.0,0.2515,6.5593,17.2203,15.75
Edgar Garcia,PHI,RP,2.0,0.0,37.0,0.0,0.0,39.0,38.0,25.0,25.0,11.0,26.0,45.0,189.0,0.2315,5.7692,26.9744,5.108108108108108
David Hernandez,CIN,RP,2.0,5.0,47.0,0.0,2.0,42.2,53.0,39.0,38.0,7.0,20.0,53.0,185.0,0.2515,8.1043,21.2559,3.9361702127659575
Manny Banuelos,CHW,RP,3.0,4.0,16.0,8.0,0.0,50.2,60.0,39.0,39.0,12.0,33.0,44.0,185.0,0.25,6.992,34.1952,11.5625
Matt Harvey,LAA,SP,3.0,8.0,19.0,16.0,0.0,70.4,90.0,63.0,62.0,19.0,34.0,49.0,205.0,0.236,7.9261,35.2784,10.789473684210526
Jefry Rodriguez,CLE,SP,1.0,5.0,10.0,8.0,0.0,46.2,48.0,26.0,24.0,5.0,21.0,33.0,185.0,0.2335,4.6753,22.039,18.5
David Phelps,CHC,RP,4.0,5.0,63.0,1.0,1.0,54.3,50.0,30.0,28.0,12.0,22.0,67.0,306.0,0.2195,4.6409,22.9208,4.857142857142857
Nick Margevicius,SD,SP,4.0,9.0,27.0,19.0,0.0,98.1,111.0,67.0,64.0,18.0,33.0,78.0,377.0,0.252,5.8716,34.1315,13.962962962962964
T.J. McFarland,ARI,RP,2.0,0.0,74.0,0.0,0.0,76.2,97.0,45.0,40.0,11.0,25.0,44.0,254.0,0.2565,4.7244,26.273,3.4324324324324325
Greg Holland,ARI,RP,4.0,2.0,68.0,0.0,23.0,63.300000000000004,45.0,26.0,24.0,6.0,31.0,72.0,360.0,0.1975,3.4123,31.7109,5.294117647058823
Ryan Helsley,STL,RP,3.0,1.0,36.0,0.0,1.0,48.2,42.0,21.0,19.0,8.0,20.0,42.0,233.0,0.221,3.5477,20.8714,6.472222222222222
Logan Webb,SF,SP,5.0,7.0,22.0,19.0,0.0,93.30000000000001,105.0,63.0,56.0,9.0,38.0,83.0,405.0,0.2375,5.4019,39.1254,18.40909090909091
Keone Kela,PIT,RP,2.0,0.0,35.0,0.0,1.0,31.2,22.0,8.0,8.0,4.0,12.0,36.0,191.0,0.1875,2.3077,12.7051,5.457142857142857
Patrick Sandoval,LAA,SP,1.0,9.0,19.0,15.0,0.0,75.30000000000001,72.0,48.0,45.0,16.0,31.0,75.0,328.0,0.2185,5.3785,31.9562,17.263157894736842
Rafael Montero,TEX,RP,2.0,1.0,39.0,0.0,8.0,46.2,35.0,19.0,16.0,7.0,11.0,53.0,263.0,0.207,3.1169,11.7576,6.743589743589744
Tayron Guerrero,MIA,RP,1.0,2.0,52.0,0.0,0.0,46.0,42.0,34.0,32.0,7.0,36.0,43.0,177.0,0.2215,6.2609,36.913,3.4038461538461537
Jose Quijada,MIA,RP,2.0,3.0,34.0,0.0,1.0,29.2,27.0,20.0,19.0,10.0,26.0,44.0,176.0,0.218,5.8562,26.9247,5.176470588235294
Jose Cisnero,DET,RP,0.0,4.0,35.0,0.0,0.0,35.1,35.0,21.0,17.0,5.0,19.0,40.0,175.0,0.227,4.359,19.9972,5.0
Jameson Taillon,PIT,SP,2.0,3.0,7.0,7.0,0.0,37.1,34.0,24.0,17.0,4.0,8.0,30.0,175.0,0.214,4.124,8.9164,25.0
Jimmy Cordero,CHW,RP,2.0,3.0,61.0,0.0,0.0,63.3,59.0,33.0,30.0,6.0,20.0,53.0,273.0,0.197,4.2654,20.9321,4.475409836065574
Richard Bleier,BAL,RP,4.0,1.0,74.0,1.0,4.0,71.3,79.0,40.0,37.0,6.0,12.0,41.0,252.0,0.246,4.6704,13.108,3.4054054054054053
Matt Shoemaker,TOR,SP,3.0,2.0,11.0,11.0,0.0,56.4,38.0,23.0,20.0,11.0,18.0,50.0,300.0,0.18,3.1915,18.6738,27.272727272727273
Corey Kluber,CLE,SP,2.0,3.0,8.0,8.0,0.0,36.2,44.0,26.0,23.0,4.0,16.0,39.0,178.0,0.246,5.7182,17.2155,22.25
Jerry Blevins,ATL,RP,1.0,0.0,46.0,0.0,1.0,32.1,25.0,15.0,14.0,5.0,16.0,37.0,172.0,0.202,3.9252,16.7788,3.739130434782609
J.B. Wendelken,OAK,RP,4.0,2.0,47.0,0.0,0.0,56.2,38.0,22.0,18.0,4.0,20.0,63.0,329.0,0.19,2.8826,20.6762,7.0
Dustin May,LAD,SP,5.0,4.0,26.0,14.0,0.0,90.2,78.0,35.0,30.0,11.0,21.0,76.0,452.0,0.2235,2.9933,21.8647,17.384615384615383
Jonathan Loaisiga,NYY,SP,5.0,2.0,27.0,6.0,0.0,54.2,52.0,27.0,25.0,9.0,23.0,59.0,296.0,0.23,4.1513,23.9594,10.962962962962964
Jake McGee,COL,RP,3.0,3.0,69.0,0.0,0.0,61.2,61.0,31.0,26.0,13.0,14.0,68.0,329.0,0.2425,3.8235,14.9967,4.768115942028985
Edwin Jackson,DET,SP,3.0,10.0,18.0,13.0,0.0,67.2,105.0,81.0,72.0,23.0,32.0,52.0,165.0,0.274,9.6429,33.5625,9.166666666666666
Jose Alvarado,TB,RP,1.0,6.0,35.0,1.0,7.0,30.0,29.0,18.0,16.0,2.0,27.0,39.0,165.0,0.2255,4.8,27.9667,4.714285714285714
Kyle Barraclough,SF,RP,1.0,2.0,43.0,0.0,0.0,33.2,38.0,24.0,21.0,9.0,21.0,40.0,164.0,0.234,5.6928,22.1446,3.813953488372093
Jon Duplantier,ARI,SP,1.0,1.0,15.0,3.0,1.0,36.2,39.0,18.0,18.0,2.0,18.0,34.0,164.0,0.24,4.4751,19.0773,10.933333333333334
Kevin Ginkel,ARI,RP,3.0,2.0,44.0,0.0,3.0,40.1,36.0,20.0,16.0,5.0,22.0,46.0,229.0,0.1855,3.591,22.8978,5.204545454545454
David Hale,NYY,RP,3.0,0.0,31.0,2.0,3.0,54.2,62.0,20.0,20.0,4.0,11.0,37.0,233.0,0.2305,3.321,12.1439,7.516129032258065
Jordan Hicks,STL,RP,2.0,2.0,29.0,0.0,14.0,28.2,16.0,10.0,10.0,2.0,11.0,31.0,161.0,0.1825,3.1915,11.5674,5.551724137931035
Blaine Hardy,DET,SP,1.0,1.0,39.0,0.0,0.0,44.1,38.0,24.0,22.0,10.0,13.0,29.0,160.0,0.2145,4.4898,13.8617,4.102564102564102
Stefan Crichton,ARI,RP,3.0,2.0,54.0,0.0,5.0,56.1,45.0,19.0,19.0,4.0,17.0,56.0,298.0,0.2005,3.0481,17.8021,5.518518518518518
Mike Morin,PHI,RP,2.0,3.0,55.0,0.0,1.0,54.2,47.0,29.0,26.0,6.0,11.0,28.0,182.0,0.2175,4.3173,11.8672,3.309090909090909
Justus Sheffield,SEA,RP,4.0,4.0,18.0,17.0,0.0,91.1,96.0,45.0,44.0,7.0,38.0,85.0,449.0,0.249,4.3469,39.0538,24.944444444444443
Cole Irvin,PHI,SP,2.0,2.0,19.0,3.0,1.0,44.400000000000006,56.0,35.0,34.0,8.0,14.0,35.0,159.0,0.2375,6.8919,15.2613,8.368421052631579
Luis Avilan,NYM,RP,4.0,0.0,45.0,0.0,0.0,32.0,33.0,18.0,18.0,5.0,14.0,30.0,156.0,0.2315,5.0625,15.0312,3.466666666666667
Ryan Weber,BOS,RP,3.0,7.0,35.0,8.0,0.0,83.2,92.0,48.0,44.0,13.0,22.0,56.0,309.0,0.2405,4.7596,23.1058,8.82857142857143
Jose Ruiz,CHW,RP,1.0,4.0,40.0,0.0,0.0,40.0,56.0,27.0,25.0,6.0,24.0,35.0,156.0,0.266,5.625,25.4,3.9
Adam Morgan,PHI,RP,3.0,4.0,57.0,0.0,0.0,42.2,34.0,22.0,21.0,7.0,16.0,45.0,218.0,0.192,4.4787,16.8057,3.824561403508772
Randy Dobnak,MIN,RP,8.0,5.0,19.0,15.0,1.0,74.30000000000001,77.0,30.0,26.0,4.0,18.0,50.0,353.0,0.221,3.1494,19.0363,18.57894736842105
Tanner Scott,BAL,RP,1.0,1.0,53.0,0.0,1.0,46.3,40.0,22.0,17.0,5.0,29.0,60.0,276.0,0.237,3.3045,29.8639,5.2075471698113205
A.J. Cole,CLE,SP,6.0,1.0,49.0,0.0,2.0,49.1,50.0,25.0,19.0,7.0,17.0,50.0,277.0,0.2435,3.4827,18.0183,5.653061224489796
Dylan Covey,CHW,SP,1.0,8.0,27.0,12.0,0.0,72.2,93.0,65.0,63.0,14.0,30.0,52.0,195.0,0.2515,7.8532,31.2881,7.222222222222222
Hector Santiago,CHW,SP,1.0,1.0,19.0,2.0,0.0,33.2,42.0,26.0,25.0,8.0,22.0,40.0,152.0,0.2485,6.7771,23.2651,8.0
Matt Grace,WSH,RP,1.0,3.0,54.0,1.0,0.0,47.2,66.0,40.0,39.0,12.0,12.0,37.0,143.0,0.2575,7.4364,13.3983,2.6481481481481484
Branden Kline,BAL,RP,1.0,4.0,37.0,0.0,0.0,46.0,46.0,29.0,28.0,9.0,22.0,41.0,183.0,0.236,5.4783,23.0,4.945945945945946
Gerardo Reyes,SD,RP,4.0,0.0,27.0,0.0,0.0,26.0,24.0,22.0,22.0,3.0,11.0,38.0,150.0,0.2185,7.6154,11.9231,5.555555555555555
Victor Alcantara,DET,RP,3.0,2.0,47.0,0.0,0.0,42.2,45.0,25.0,23.0,8.0,15.0,24.0,149.0,0.2365,4.9052,16.0664,3.1702127659574466
Michel Baez,SD,RP,1.0,1.0,27.0,2.0,0.0,33.4,32.0,14.0,14.0,3.0,16.0,35.0,172.0,0.21,3.7725,16.9581,6.37037037037037
Jeffrey Springs,TEX,RP,4.0,3.0,41.0,0.0,0.0,52.2,68.0,41.0,39.0,9.0,30.0,60.0,245.0,0.246,6.7241,31.3027,5.975609756097561
Jake Newberry,KC,RP,2.0,0.0,47.0,0.0,1.0,53.0,49.0,25.0,23.0,10.0,28.0,53.0,261.0,0.2225,3.9057,28.9245,5.553191489361702
Sean Reid-Foley,TOR,SP,3.0,4.0,14.0,6.0,0.0,37.4,36.0,23.0,16.0,5.0,27.0,34.0,187.0,0.2295,3.8503,27.9626,13.357142857142858
Wandy Peralta,SF,RP,2.0,2.0,72.0,0.0,0.0,66.30000000000001,62.0,38.0,35.0,14.0,27.0,57.0,279.0,0.231,4.7511,27.9351,3.875
Seranthony Dominguez,PHI,RP,3.0,0.0,27.0,0.0,0.0,24.2,24.0,13.0,11.0,3.0,12.0,29.0,146.0,0.2235,4.0909,12.9917,5.407407407407407
Matt Bowman,CIN,RP,2.0,0.0,27.0,0.0,0.0,32.0,27.0,15.0,13.0,2.0,13.0,25.0,144.0,0.209,3.6562,13.8438,5.333333333333333
Evan Phillips,BAL,RP,1.0,2.0,39.0,0.0,0.0,42.1,46.0,28.0,28.0,3.0,30.0,60.0,229.0,0.2415,5.9857,31.0926,5.871794871794871
Jeremy Hellickson,WSH,SP,2.0,3.0,9.0,8.0,0.0,39.0,47.0,31.0,27.0,9.0,20.0,30.0,142.0,0.2455,6.2308,21.2051,15.777777777777779
Alex Wood,CIN,SP,1.0,4.0,16.0,9.0,0.0,47.400000000000006,58.0,36.0,32.0,13.0,15.0,45.0,198.0,0.244,6.0759,16.2236,12.375
A.J. Minter,ATL,RP,4.0,5.0,58.0,0.0,5.0,50.3,51.0,26.0,25.0,4.0,32.0,59.0,279.0,0.2475,4.4732,33.0139,4.810344827586207
Chad Sobotka,ATL,RP,0.0,0.0,36.0,0.0,0.0,32.2,34.0,27.0,25.0,6.0,21.0,40.0,143.0,0.2235,6.9876,22.0559,3.9722222222222223
Sam Coonrod,SF,SP,5.0,3.0,51.0,0.0,3.0,41.4,36.0,27.0,27.0,5.0,22.0,35.0,181.0,0.1995,5.8696,22.8696,3.549019607843137
Brian Johnson,BOS,SP,1.0,3.0,22.0,7.0,0.0,40.1,53.0,29.0,27.0,6.0,23.0,31.0,139.0,0.256,6.0599,24.3217,6.318181818181818
Sam Tuivailala,SEA,RP,1.0,0.0,23.0,2.0,0.0,23.0,13.0,6.0,6.0,1.0,11.0,27.0,138.0,0.1795,2.3478,11.5652,6.0
Wade Davis,COL,RP,1.0,7.0,55.0,0.0,17.0,46.300000000000004,60.0,52.0,51.0,10.0,32.0,45.0,129.0,0.244,9.9136,33.2959,2.3454545454545452
Tyler Olson,CLE,RP,1.0,1.0,39.0,0.0,0.0,30.2,34.0,15.0,15.0,3.0,16.0,28.0,137.0,0.239,4.4702,17.1258,3.5128205128205128
Lewis Thorpe,MIN,SP,3.0,3.0,19.0,3.0,0.0,43.3,62.0,31.0,30.0,7.0,20.0,41.0,183.0,0.2665,6.2356,21.4319,9.631578947368421
Daniel Stumpf,DET,RP,1.0,1.0,48.0,0.0,0.0,29.0,35.0,18.0,14.0,5.0,15.0,28.0,135.0,0.2495,4.3448,16.2069,2.8125
Jesus Tinoco,COL,RP,0.0,3.0,30.0,0.0,1.0,44.2,39.0,24.0,20.0,12.0,29.0,34.0,176.0,0.23,4.0724,29.8824,5.866666666666666
Jimmy Yacabonis,BAL,SP,1.0,3.0,31.0,5.0,0.0,43.1,53.0,33.0,32.0,9.0,27.0,34.0,142.0,0.252,6.6821,28.2297,4.580645161290323
Andres Munoz,SD,RP,1.0,1.0,22.0,0.0,1.0,23.0,16.0,10.0,10.0,2.0,11.0,30.0,135.0,0.1925,3.913,11.6957,6.136363636363637
Adam Warren,SD,RP,4.0,1.0,25.0,0.0,0.0,28.2,28.0,18.0,17.0,9.0,12.0,25.0,134.0,0.227,5.4255,12.9929,5.36
Tim Melville,COL,SP,2.0,3.0,7.0,7.0,0.0,33.1,34.0,18.0,18.0,9.0,14.0,24.0,134.0,0.2355,4.8943,15.0272,19.142857142857142
Phil Maton,CLE,RP,3.0,3.0,53.0,0.0,0.0,57.400000000000006,61.0,41.0,36.0,8.0,18.0,65.0,280.0,0.228,5.6446,19.0627,5.283018867924528
Joe Smith,HOU,RP,1.0,0.0,28.0,0.0,0.0,25.0,19.0,6.0,5.0,2.0,5.0,22.0,132.0,0.203,1.8,5.76,4.714285714285714
Connor Sadzeck,SEA,RP,0.0,1.0,20.0,0.0,1.0,23.2,18.0,10.0,7.0,3.0,15.0,27.0,131.0,0.1985,2.7155,15.7759,6.55
Clayton Richard,TOR,SP,1.0,5.0,10.0,10.0,0.0,45.1,53.0,33.0,30.0,9.0,18.0,22.0,130.0,0.2475,5.9867,19.1752,13.0
Juan Minaya,CHW,RP,0.0,0.0,22.0,0.0,0.0,27.2,31.0,13.0,12.0,4.0,12.0,27.0,128.0,0.237,3.9706,13.1397,5.818181818181818
Elvis Luciano,TOR,RP,1.0,0.0,25.0,0.0,0.0,33.2,36.0,20.0,20.0,4.0,24.0,27.0,128.0,0.236,5.4217,25.0843,5.12
Wily Peralta,KC,RP,2.0,4.0,42.0,0.0,2.0,40.1,45.0,28.0,26.0,7.0,19.0,24.0,127.0,0.2455,5.8354,20.1222,3.0238095238095237
Emmanuel Clase,TEX,RP,2.0,3.0,21.0,1.0,1.0,23.1,20.0,8.0,6.0,2.0,6.0,21.0,127.0,0.2135,2.3377,6.8658,6.0476190476190474
Wei-Chung Wang,PIT,RP,3.0,0.0,25.0,0.0,0.0,31.0,27.0,13.0,13.0,4.0,14.0,18.0,126.0,0.218,3.7742,14.871,5.04
Yency Almonte,COL,RP,3.0,1.0,52.0,0.0,1.0,61.2,64.0,35.0,30.0,9.0,20.0,52.0,269.0,0.238,4.4118,21.0458,5.173076923076923
Stephen Tarpley,NYY,RP,3.0,2.0,33.0,1.0,3.0,35.2,45.0,32.0,30.0,8.0,23.0,45.0,170.0,0.2635,7.6705,24.2784,5.151515151515151
Wes Parsons,COL,RP,1.0,2.0,32.0,0.0,0.0,34.2,32.0,24.0,21.0,6.0,29.0,26.0,125.0,0.2305,5.5263,29.9357,3.90625
Robert Dugger,MIA,SP,0.0,5.0,12.0,8.0,0.0,44.3,54.0,42.0,37.0,11.0,20.0,29.0,123.0,0.2255,7.5169,21.219,10.25
Tyson Ross,DET,SP,1.0,5.0,7.0,7.0,0.0,35.1,41.0,28.0,24.0,7.0,18.0,25.0,123.0,0.243,6.1538,19.1681,17.571428571428573
Cody Stashak,MIN,RP,1.0,1.0,29.0,1.0,0.0,40.0,40.0,14.0,14.0,5.0,4.0,42.0,210.0,0.242,3.15,5.0,7.241379310344827
Brent Suter,MIL,RP,6.0,0.0,25.0,4.0,0.0,49.3,40.0,14.0,12.0,5.0,6.0,53.0,309.0,0.1765,2.1907,6.8114,12.36
David McKay,DET,RP,0.0,0.0,26.0,0.0,0.0,24.200000000000003,19.0,17.0,16.0,3.0,18.0,30.0,116.0,0.1995,5.9504,18.7851,4.461538461538462
Josh Smith,BOS,RP,0.0,3.0,18.0,2.0,1.0,31.0,36.0,22.0,20.0,10.0,8.0,29.0,120.0,0.239,5.8065,9.1613,6.666666666666667
Brad Boxberger,KC,RP,2.0,3.0,52.0,0.0,1.0,44.2,42.0,23.0,22.0,6.0,25.0,45.0,215.0,0.22,4.4796,25.9502,4.134615384615385
Jacob Barnes,KC,RP,1.0,7.0,51.0,1.0,0.0,50.2,55.0,43.0,38.0,8.0,26.0,56.0,212.0,0.231,6.8127,27.0956,4.1568627450980395
Jason Adam,TOR,RP,5.0,1.0,36.0,0.0,0.0,34.4,24.0,15.0,12.0,3.0,18.0,39.0,217.0,0.1985,3.1395,18.6977,6.027777777777778
Brian Flynn,KC,RP,2.0,2.0,11.0,1.0,0.0,29.1,38.0,18.0,17.0,2.0,17.0,22.0,115.0,0.265,5.2577,18.3058,10.454545454545455
Adalberto Mejia,LAA,RP,0.0,2.0,35.0,0.0,0.0,31.1,33.0,25.0,23.0,4.0,21.0,30.0,115.0,0.2325,6.6559,22.0611,3.2857142857142856
Zac Rosscup,LAD,RP,2.0,0.0,28.0,0.0,0.0,18.0,22.0,15.0,10.0,2.0,19.0,26.0,114.0,0.245,5.0,20.2222,4.071428571428571
Andrew Suarez,SF,SP,0.0,2.0,21.0,2.0,0.0,32.2,39.0,23.0,21.0,7.0,14.0,25.0,114.0,0.2495,5.8696,15.2112,5.428571428571429
Geoff Hartlieb,PIT,RP,1.0,1.0,50.0,0.0,0.0,57.1,68.0,46.0,44.0,9.0,37.0,57.0,217.0,0.274,6.9352,38.1909,4.34
Dan Winkler,ATL,RP,3.0,1.0,45.0,0.0,0.0,39.3,29.0,21.0,18.0,8.0,22.0,40.0,204.0,0.2095,4.1221,22.7379,4.533333333333333
Buddy Boshers,TOR,RP,0.0,3.0,28.0,1.0,0.0,20.0,20.0,10.0,9.0,3.0,10.0,26.0,111.0,0.225,4.05,11.0,3.9642857142857144
Pete Fairbanks,TB,RP,2.0,3.0,21.0,0.0,2.0,21.0,25.0,20.0,16.0,5.0,10.0,28.0,111.0,0.239,6.8571,11.1905,5.285714285714286
Taylor Guerrieri,TEX,SP,0.0,0.0,20.0,0.0,0.0,26.1,25.0,19.0,17.0,3.0,22.0,27.0,109.0,0.225,5.8621,22.9579,5.45
J.T. Chargois,LAD,RP,1.0,0.0,21.0,0.0,0.0,21.1,21.0,16.0,15.0,4.0,5.0,28.0,109.0,0.235,6.3981,5.9953,5.190476190476191
Cody Allen,LAA,RP,0.0,2.0,25.0,0.0,4.0,23.0,24.0,16.0,16.0,9.0,20.0,29.0,108.0,0.225,6.2609,21.0435,4.32
Craig Kimbrel,CHC,RP,0.0,5.0,41.0,0.0,15.0,35.3,31.0,24.0,24.0,11.0,24.0,58.0,210.0,0.228,6.119,24.8782,5.121951219512195
Tyler Rogers,SF,RP,5.0,3.0,46.0,0.0,3.0,45.2,43.0,19.0,16.0,2.0,9.0,43.0,248.0,0.191,3.1858,9.9513,5.391304347826087
Carson Fulmer,CHW,SP,1.0,2.0,30.0,2.0,0.0,37.2,34.0,27.0,24.0,6.0,25.0,36.0,155.0,0.22,5.8065,25.914,5.166666666666667
D.J. Johnson,COL,RP,0.0,2.0,28.0,0.0,0.0,25.0,23.0,14.0,14.0,1.0,19.0,24.0,105.0,0.222,5.04,19.92,3.75
Zach Duke,CIN,RP,3.0,1.0,30.0,0.0,0.0,23.1,21.0,13.0,13.0,4.0,18.0,18.0,103.0,0.2235,5.0649,18.9091,3.433333333333333
Shelby Miller,TEX,SP,1.0,3.0,19.0,8.0,0.0,44.0,58.0,46.0,42.0,8.0,29.0,30.0,102.0,0.257,8.5909,30.3182,5.368421052631579
Neil Ramirez,TOR,RP,0.0,1.0,22.0,1.0,0.0,25.0,26.0,16.0,15.0,7.0,15.0,24.0,102.0,0.2355,5.4,16.04,4.636363636363637
Thomas Eshelman,BAL,RP,4.0,3.0,22.0,8.0,0.0,70.2,81.0,48.0,41.0,19.0,20.0,38.0,227.0,0.255,5.2564,21.1538,10.318181818181818
Paul Sewald,NYM,RP,1.0,1.0,22.0,0.0,1.0,25.2,30.0,19.0,19.0,4.0,7.0,24.0,98.0,0.22,6.7857,8.1905,4.454545454545454
Mike Wright,SEA,RP,0.0,1.0,19.0,0.0,1.0,29.1,44.0,30.0,26.0,6.0,12.0,30.0,100.0,0.2665,8.0412,13.512,5.2631578947368425
Dan Straily,BAL,SP,2.0,4.0,14.0,8.0,0.0,47.2,73.0,53.0,52.0,22.0,22.0,33.0,98.0,0.273,9.9153,23.5466,7.0
T.J. Zeuch,TOR,SP,2.0,2.0,8.0,4.0,0.0,33.3,31.0,15.0,14.0,3.0,15.0,23.0,141.0,0.2235,3.7838,15.9309,17.625
Logan Allen,CLE,RP,2.0,3.0,12.0,4.0,0.0,37.4,48.0,24.0,23.0,5.0,20.0,24.0,138.0,0.2635,5.5348,21.2834,11.5
Sam Howard,COL,RP,4.0,3.0,42.0,0.0,0.0,40.0,38.0,26.0,23.0,9.0,19.0,50.0,225.0,0.2365,5.175,19.95,5.357142857142857
Jonathan Hernandez,TEX,RP,2.0,1.0,9.0,2.0,0.0,16.2,14.0,10.0,8.0,3.0,13.0,19.0,95.0,0.208,4.4444,13.8642,10.555555555555555
Ryan Burr,CHW,RP,1.0,1.0,16.0,1.0,0.0,19.2,17.0,13.0,10.0,3.0,8.0,20.0,95.0,0.212,4.6875,8.8854,5.9375
Hunter Strickland,WSH,RP,2.0,2.0,32.0,0.0,2.0,27.200000000000003,27.0,19.0,18.0,6.0,9.0,22.0,107.0,0.217,5.9559,9.9926,3.34375
Travis Lakins,BOS,RP,3.0,3.0,38.0,3.0,1.0,48.3,48.0,22.0,18.0,3.0,23.0,43.0,240.0,0.2275,3.354,23.9938,6.315789473684211
Cy Sneed,HOU,RP,0.0,4.0,26.0,0.0,0.0,38.2,48.0,28.0,24.0,8.0,15.0,44.0,176.0,0.248,5.6545,16.2565,6.769230769230769
Yefry Ramirez,PIT,SP,0.0,2.0,14.0,1.0,0.0,24.1,30.0,24.0,20.0,4.0,16.0,27.0,94.0,0.253,7.4689,17.2448,6.714285714285714
Jimmy Nelson,MIL,SP,0.0,2.0,10.0,3.0,0.0,22.0,25.0,18.0,17.0,4.0,17.0,26.0,93.0,0.244,6.9545,18.1364,9.3
Jandel Gustave,SF,RP,0.0,0.0,23.0,0.0,1.0,24.1,18.0,11.0,8.0,1.0,9.0,14.0,91.0,0.203,2.9876,9.7469,3.9565217391304346
Jimmie Sherfy,ARI,RP,1.0,0.0,17.0,0.0,1.0,18.1,23.0,12.0,12.0,4.0,5.0,22.0,91.0,0.25,5.9669,6.2707,5.352941176470588
Matt Hall,DET,RP,0.0,4.0,20.0,1.0,0.0,31.3,45.0,38.0,38.0,6.0,25.0,36.0,90.0,0.243,10.9265,26.4377,4.5
Tony Sipp,WSH,RP,1.0,2.0,36.0,0.0,0.0,21.0,19.0,12.0,11.0,1.0,9.0,18.0,90.0,0.219,4.7143,9.9048,2.5
Rogelio Armenteros,HOU,SP,1.0,1.0,5.0,2.0,1.0,18.0,17.0,9.0,8.0,1.0,5.0,18.0,90.0,0.22,4.0,5.9444,18.0
Dan Otero,CLE,RP,0.0,0.0,25.0,0.0,0.0,29.2,42.0,17.0,16.0,6.0,3.0,16.0,89.0,0.264,4.9315,4.4384,3.56
Austin Davis,PHI,RP,0.0,0.0,23.0,0.0,0.0,26.4,33.0,23.0,23.0,7.0,16.0,29.0,100.0,0.2345,7.8409,17.25,4.3478260869565215
Travis Bergen,SF,RP,3.0,0.0,29.0,0.0,1.0,27.299999999999997,23.0,15.0,15.0,5.0,18.0,29.0,144.0,0.2185,4.9451,18.8425,4.9655172413793105
Jake Jewell,LAA,RP,0.0,0.0,18.0,0.0,0.0,26.1,28.0,20.0,20.0,8.0,8.0,23.0,88.0,0.236,6.8966,9.0728,4.888888888888889
Matthew Festa,SEA,RP,0.0,2.0,20.0,0.0,0.0,22.1,20.0,15.0,14.0,5.0,12.0,21.0,88.0,0.219,5.7014,12.905,4.4
Zac Grotz,SEA,SP,1.0,0.0,19.0,0.0,0.0,24.200000000000003,25.0,21.0,20.0,4.0,19.0,22.0,86.0,0.2095,7.438,20.0331,4.526315789473684
Luis Severino,NYY,SP,1.0,1.0,3.0,3.0,0.0,12.0,6.0,2.0,2.0,0.0,6.0,17.0,87.0,0.1715,1.5,6.5,29.0
Conner Menez,SF,SP,1.0,1.0,16.0,3.0,0.0,28.1,19.0,14.0,13.0,6.0,17.0,30.0,142.0,0.2085,4.1637,17.6762,8.875
Burch Smith,SF,RP,2.0,1.0,23.0,0.0,1.0,33.1,33.0,17.0,16.0,4.0,15.0,33.0,163.0,0.243,4.3505,15.997,7.086956521739131
Corbin Martin,HOU,RP,1.0,1.0,5.0,5.0,0.0,19.1,23.0,14.0,12.0,8.0,12.0,19.0,85.0,0.2425,5.6545,13.2042,17.0
Genesis Cabrera,STL,RP,0.0,2.0,13.0,2.0,1.0,20.1,23.0,16.0,11.0,2.0,11.0,19.0,85.0,0.2355,4.9254,12.1443,6.538461538461538
Jesse Biddle,TEX,RP,0.0,1.0,31.0,0.0,0.0,28.2,43.0,33.0,26.0,5.0,23.0,27.0,89.0,0.268,8.2979,24.5248,2.870967741935484
Dan Altavilla,SEA,RP,4.0,4.0,39.0,0.0,1.0,34.3,27.0,23.0,22.0,4.0,24.0,42.0,189.0,0.1885,5.7726,24.7872,4.846153846153846
Mike Shawaryn,BOS,SP,0.0,0.0,14.0,0.0,0.0,20.1,26.0,22.0,22.0,5.0,13.0,29.0,82.0,0.2535,9.8507,14.2935,5.857142857142857
Ryan Carpenter,DET,SP,1.0,6.0,9.0,9.0,0.0,40.2,61.0,46.0,42.0,12.0,13.0,25.0,81.0,0.268,9.403,14.5174,9.0
Ronald Bolanos,SD,SP,0.0,2.0,5.0,3.0,0.0,19.2,17.0,13.0,13.0,3.0,12.0,19.0,81.0,0.2135,6.0938,12.8854,16.2
Pedro Payano,TEX,RP,1.0,2.0,6.0,4.0,0.0,22.0,26.0,17.0,14.0,3.0,15.0,17.0,81.0,0.2495,5.7273,16.1818,13.5
Phillips Valdez,TEX,RP,1.0,1.0,35.0,0.0,0.0,46.1,50.0,23.0,18.0,6.0,25.0,48.0,235.0,0.2335,3.5141,26.0846,6.714285714285714
Parker Markel,PIT,SP,0.0,1.0,20.0,0.0,0.0,22.0,26.0,21.0,19.0,6.0,17.0,24.0,81.0,0.243,7.7727,18.1818,4.05
John Schreiber,DET,RP,2.0,1.0,28.0,0.0,0.0,28.2,35.0,20.0,20.0,5.0,8.0,33.0,137.0,0.2465,6.383,9.2411,4.892857142857143
Joe Harvey,COL,RP,1.0,0.0,22.0,1.0,0.0,21.1,21.0,11.0,10.0,3.0,13.0,19.0,97.0,0.231,4.2654,13.9953,4.409090909090909
Jose Rodriguez,LAA,RP,0.0,1.0,10.0,1.0,0.0,20.4,19.0,6.0,6.0,5.0,12.0,13.0,85.0,0.215,2.6471,12.9314,8.5
Josh Staumont,KC,RP,2.0,1.0,42.0,0.0,0.0,44.3,41.0,21.0,15.0,6.0,26.0,52.0,258.0,0.235,3.0474,26.9255,6.142857142857143
Chance Adams,NYY,SP,1.0,1.0,19.0,0.0,1.0,33.3,54.0,34.0,33.0,8.0,11.0,29.0,96.0,0.274,8.9189,12.6216,5.052631578947368
Dillon Tate,BAL,RP,1.0,3.0,28.0,0.0,0.0,37.2,27.0,22.0,21.0,4.0,14.0,34.0,158.0,0.214,5.0806,14.7258,5.642857142857143
Jesus Luzardo,OAK,SP,0.0,0.0,6.0,0.0,2.0,12.0,5.0,2.0,2.0,1.0,3.0,16.0,78.0,0.158,1.5,3.4167,13.0
J.D. Hammer,PHI,RP,1.0,0.0,20.0,0.0,0.0,19.0,15.0,8.0,8.0,2.0,12.0,13.0,78.0,0.207,3.7895,12.7895,3.9
Hector Noesi,MIA,SP,0.0,3.0,12.0,4.0,0.0,27.2,30.0,26.0,26.0,7.0,14.0,24.0,77.0,0.2385,8.6029,15.1029,6.416666666666667
Scott Alexander,LAD,RP,5.0,2.0,41.0,0.0,0.0,29.200000000000003,26.0,13.0,11.0,4.0,16.0,18.0,140.0,0.2235,3.3904,16.8904,3.4146341463414633
Tanner Anderson,OAK,RP,0.0,3.0,6.0,5.0,0.0,22.1,30.0,16.0,15.0,4.0,7.0,18.0,76.0,0.253,6.1086,8.3575,12.666666666666666
Kyle Dowdy,TEX,SP,2.0,1.0,13.0,1.0,0.0,22.1,26.0,20.0,18.0,4.0,18.0,17.0,76.0,0.246,7.3303,19.1765,5.846153846153846
Ray Black,MIL,RP,0.0,1.0,20.0,0.0,0.0,19.0,16.0,10.0,10.0,5.0,12.0,21.0,90.0,0.215,4.7368,12.8421,4.5
Ty Bashlor,NYM,RP,0.0,3.0,24.0,0.0,0.0,22.0,21.0,17.0,17.0,6.0,17.0,20.0,75.0,0.2235,6.9545,17.9545,3.125
Tyler Thornburg,BOS,RP,0.0,0.0,23.0,0.0,0.0,25.2,27.0,19.0,19.0,4.0,15.0,32.0,116.0,0.2385,6.7857,16.0714,5.043478260869565
Drew Gagnon,NYM,RP,3.0,1.0,18.0,0.0,0.0,23.2,34.0,26.0,22.0,11.0,7.0,17.0,74.0,0.256,8.5345,8.4655,4.111111111111111
Dillon Maples,CHC,RP,1.0,0.0,16.0,0.0,0.0,12.2,7.0,10.0,9.0,2.0,14.0,19.0,74.0,0.1735,6.6393,14.5738,4.625
Brock Stewart,TOR,RP,4.0,0.0,13.0,0.0,0.0,25.2,37.0,29.0,28.0,11.0,8.0,19.0,74.0,0.2665,10.0,9.4683,5.6923076923076925
Randy Rosario,KC,RP,2.0,1.0,23.0,0.0,0.0,17.2,22.0,12.0,10.0,3.0,8.0,17.0,86.0,0.228,5.2326,9.2791,3.739130434782609
A.J. Puk,OAK,SP,2.0,0.0,10.0,0.0,0.0,11.1,10.0,4.0,4.0,1.0,5.0,13.0,73.0,0.2175,3.2432,5.9009,7.3
Ryan Tepera,TOR,RP,0.0,3.0,44.0,1.0,0.0,41.4,37.0,21.0,21.0,7.0,20.0,45.0,199.0,0.2235,4.5652,20.8937,4.5227272727272725
Jacob Faria,MIL,RP,0.0,1.0,16.0,0.0,0.0,18.2,28.0,15.0,14.0,5.0,12.0,19.0,71.0,0.2715,6.9231,13.5385,4.4375
Luke Farrell,TEX,RP,1.0,0.0,13.0,1.0,0.0,18.2,11.0,9.0,9.0,4.0,8.0,20.0,95.0,0.1665,4.4505,8.6044,7.3076923076923075
Bryse Wilson,ATL,SP,2.0,1.0,12.0,6.0,1.0,35.2,44.0,25.0,23.0,7.0,19.0,31.0,147.0,0.259,5.8807,20.25,12.25
Jordan Romano,TOR,SP,2.0,3.0,32.0,0.0,2.0,29.299999999999997,25.0,17.0,15.0,6.0,14.0,42.0,183.0,0.2355,4.6075,14.8532,5.71875
Ian Gibaut,TEX,RP,1.0,2.0,24.0,0.0,0.0,26.2,23.0,19.0,18.0,3.0,19.0,30.0,122.0,0.216,6.1832,19.8779,5.083333333333333
Tyler Lyons,NYY,RP,1.0,2.0,15.0,0.0,0.0,13.399999999999999,16.0,13.0,13.0,4.0,6.0,17.0,61.0,0.234,8.7313,7.194,4.066666666666666
Brock Burke,TEX,SP,0.0,2.0,6.0,6.0,0.0,26.2,30.0,22.0,22.0,6.0,11.0,14.0,68.0,0.2415,7.5573,12.145,11.333333333333334
Kohl Stewart,MIN,SP,2.0,2.0,9.0,2.0,0.0,25.1,29.0,18.0,18.0,5.0,8.0,10.0,68.0,0.2435,6.4542,9.1554,7.555555555555555
Carl Edwards Jr.,SD,RP,1.0,1.0,27.0,0.0,1.0,21.2,14.0,18.0,17.0,3.0,14.0,25.0,95.0,0.1935,7.217,14.6604,3.5185185185185186
Johnny Cueto,SF,SP,3.0,5.0,16.0,16.0,0.0,79.1,72.0,50.0,47.0,12.0,35.0,69.0,334.0,0.1965,5.3477,35.9102,20.875
Grant Dayton,ATL,RP,2.0,2.0,32.0,0.0,0.0,39.1,34.0,14.0,11.0,8.0,15.0,46.0,235.0,0.226,2.532,15.8696,7.34375
Anthony Kay,TOR,SP,4.0,0.0,17.0,2.0,0.0,35.0,37.0,22.0,21.0,3.0,19.0,35.0,171.0,0.23,5.4,20.0571,10.058823529411764
Chandler Shepherd,BAL,RP,0.0,0.0,5.0,3.0,0.0,19.0,23.0,15.0,14.0,5.0,6.0,17.0,66.0,0.25,6.6316,7.2105,13.2
Justin Miller,WSH,RP,1.0,0.0,17.0,0.0,0.0,15.2,16.0,8.0,7.0,5.0,4.0,11.0,65.0,0.2365,4.1447,5.0526,3.823529411764706
Devin Williams,MIL,RP,4.0,1.0,35.0,0.0,0.0,40.2,26.0,13.0,7.0,3.0,15.0,67.0,326.0,0.2535,1.5672,15.6468,9.314285714285715
Josh Lucas,BAL,RP,0.0,0.0,9.0,0.0,1.0,15.2,14.0,12.0,10.0,2.0,7.0,16.0,65.0,0.217,5.9211,7.9211,7.222222222222222
Seung Hwan Oh,COL,RP,3.0,1.0,22.0,0.0,0.0,18.1,29.0,19.0,19.0,6.0,6.0,16.0,64.0,0.2755,9.4475,7.6022,2.909090909090909
Montana DuRapau,PIT,RP,0.0,1.0,14.0,2.0,0.0,17.1,27.0,24.0,18.0,4.0,9.0,22.0,64.0,0.2695,9.4737,10.5789,4.571428571428571
Mike Mayers,STL,RP,2.0,1.0,45.0,0.0,2.0,49.0,39.0,24.0,21.0,5.0,20.0,59.0,273.0,0.2365,3.8571,20.7959,6.066666666666666
Fernando Romero,MIN,SP,0.0,1.0,15.0,0.0,0.0,14.0,19.0,12.0,11.0,2.0,11.0,18.0,63.0,0.257,7.0714,12.3571,4.2
Mike Dunn,COL,RP,1.0,0.0,28.0,0.0,0.0,17.2,17.0,14.0,14.0,4.0,6.0,15.0,62.0,0.2295,7.3256,6.9884,2.2142857142857144
Nick Burdi,PIT,RP,2.0,2.0,15.0,0.0,1.0,10.299999999999999,13.0,10.0,10.0,1.0,5.0,21.0,78.0,0.247,8.7379,6.2621,5.2
Junior Fernandez,STL,RP,0.0,1.0,13.0,0.0,0.0,11.2,9.0,7.0,7.0,2.0,6.0,16.0,62.0,0.201,5.625,6.8036,4.769230769230769
Joe Palumbo,TEX,SP,0.0,4.0,9.0,4.0,0.0,18.3,24.0,20.0,20.0,8.0,11.0,26.0,75.0,0.2485,9.8361,12.3115,8.333333333333334
Bryan Abreu,HOU,SP,0.0,0.0,11.0,0.0,0.0,11.299999999999999,5.0,3.0,2.0,0.0,10.0,16.0,78.0,0.1675,1.5929,10.4425,7.090909090909091
Matt Moore,DET,SP,0.0,0.0,2.0,2.0,0.0,10.0,3.0,0.0,0.0,0.0,1.0,9.0,61.0,0.1455,0.0,1.3,30.5
Sal Romano,CIN,SP,2.0,0.0,14.0,0.0,2.0,17.200000000000003,22.0,14.0,14.0,4.0,8.0,16.0,71.0,0.2625,7.3256,9.2791,5.071428571428571
Kyle Wright,ATL,SP,2.0,7.0,15.0,12.0,0.0,57.2,59.0,42.0,41.0,11.0,37.0,48.0,222.0,0.2505,6.451,38.0315,14.8
Richard Lovelady,KC,RP,0.0,3.0,26.0,0.0,0.0,21.0,31.0,18.0,18.0,3.0,9.0,17.0,60.0,0.275,7.7143,10.4762,2.3076923076923075
Reggie McClain,SEA,SP,1.0,1.0,19.0,2.0,0.0,26.1,31.0,20.0,17.0,3.0,16.0,13.0,73.0,0.2325,5.8621,17.1877,3.8421052631578947
Walker Lockett,NYM,SP,2.0,1.0,16.0,5.0,0.0,38.3,54.0,30.0,30.0,8.0,10.0,27.0,120.0,0.272,7.0496,11.4099,7.5
Alex McRae,PIT,RP,0.0,4.0,13.0,2.0,0.0,29.2,37.0,30.0,26.0,9.0,16.0,21.0,74.0,0.258,8.0137,17.2671,5.6923076923076925
Chris Mazza,NYM,RP,2.0,3.0,18.0,6.0,0.0,46.1,55.0,28.0,26.0,3.0,20.0,40.0,193.0,0.2625,5.0759,21.1931,10.722222222222221
Edubray Ramos,PHI,RP,1.0,0.0,20.0,0.0,0.0,15.0,19.0,10.0,9.0,5.0,7.0,11.0,57.0,0.254,5.4,8.2667,2.85
Chasen Bradford,SEA,RP,0.0,0.0,12.0,0.0,1.0,16.2,17.0,9.0,9.0,6.0,4.0,11.0,56.0,0.2315,5.0,5.0494,4.666666666666667
James Pazos,COL,RP,0.0,0.0,18.0,0.0,0.0,15.2,17.0,12.0,12.0,4.0,9.0,11.0,44.0,0.1985,7.1053,10.1184,2.4444444444444446
Hunter Harvey,BAL,RP,1.0,2.0,17.0,0.0,0.0,14.299999999999999,11.0,7.0,5.0,3.0,6.0,17.0,87.0,0.1665,3.1469,6.7692,5.117647058823529
Ryan Eades,BAL,RP,0.0,1.0,8.0,0.0,0.0,11.1,11.0,3.0,3.0,2.0,6.0,10.0,55.0,0.2265,2.4324,6.991,6.875
Drew Steckenrider,MIA,RP,0.0,2.0,15.0,0.0,0.0,14.1,9.0,10.0,10.0,6.0,5.0,14.0,55.0,0.185,6.383,5.6383,3.6666666666666665
Marco Estrada,OAK,SP,0.0,2.0,5.0,5.0,0.0,23.2,23.0,19.0,18.0,7.0,8.0,11.0,54.0,0.2195,6.9828,8.9914,10.8
Zac Reininger,DET,RP,0.0,2.0,26.0,1.0,0.0,28.0,44.0,28.0,27.0,11.0,16.0,17.0,54.0,0.279,8.6786,17.5714,2.076923076923077
Harrison Musgrave,COL,RP,0.0,0.0,10.0,0.0,0.0,10.0,9.0,4.0,4.0,0.0,7.0,12.0,54.0,0.214,3.6,7.9,5.4
Austin Adams,DET,RP,0.0,0.0,18.0,0.0,0.0,20.2,21.0,15.0,15.0,5.0,15.0,21.0,80.0,0.235,6.6832,16.0396,4.444444444444445
Duane Underwood,CHC,RP,0.0,0.0,12.0,0.0,0.0,11.2,13.0,7.0,7.0,2.0,3.0,13.0,53.0,0.237,5.625,4.1607,4.416666666666667
Kyle Keller,MIA,RP,0.0,0.0,12.0,0.0,0.0,12.299999999999999,8.0,6.0,6.0,3.0,10.0,12.0,57.0,0.168,4.3902,10.6504,4.75
Josh D. Smith,MIA,RP,0.0,0.0,16.0,0.0,0.0,13.399999999999999,13.0,11.0,11.0,1.0,12.0,18.0,64.0,0.2105,7.3881,12.9701,4.0
Heath Fillmyer,KC,RP,0.0,2.0,12.0,3.0,0.0,22.1,28.0,20.0,20.0,6.0,12.0,15.0,52.0,0.2525,8.1448,13.267,4.333333333333333
Adbert Alzolay,CHC,SP,2.0,2.0,10.0,6.0,0.0,33.2,25.0,18.0,17.0,5.0,22.0,42.0,188.0,0.2285,4.6084,22.753,18.8
James Norwood,CHC,RP,0.0,1.0,12.0,0.0,0.0,10.299999999999999,13.0,7.0,6.0,1.0,9.0,11.0,48.0,0.2235,5.2427,10.2621,4.0
Pat Neshek,PHI,RP,0.0,1.0,20.0,0.0,3.0,18.0,23.0,11.0,10.0,5.0,2.0,9.0,51.0,0.25,5.0,3.2778,2.55
Yacksel Rios,PIT,RP,1.0,0.0,14.0,0.0,0.0,13.0,16.0,13.0,10.0,4.0,8.0,12.0,51.0,0.2495,6.9231,9.2308,3.642857142857143
David Bednar,SD,RP,0.0,2.0,17.0,0.0,0.0,17.1,21.0,14.0,13.0,4.0,7.0,19.0,70.0,0.2235,6.8421,8.2281,4.117647058823529
Tyler Anderson,COL,SP,4.0,6.0,18.0,16.0,0.0,79.4,91.0,59.0,56.0,13.0,36.0,64.0,301.0,0.28,6.3476,37.1461,16.72222222222222
Brusdar Graterol,MIN,SP,2.0,3.0,33.0,2.0,0.0,32.3,28.0,14.0,13.0,2.0,5.0,23.0,141.0,0.2375,3.6223,5.8669,4.2727272727272725
Nate Jones,CHW,RP,0.0,2.0,34.0,0.0,1.0,28.299999999999997,35.0,17.0,17.0,7.0,13.0,33.0,135.0,0.2265,5.4064,14.2367,3.9705882352941178
James Hoyt,CLE,RP,2.0,0.0,32.0,0.0,0.0,22.299999999999997,15.0,4.0,4.0,3.0,10.0,30.0,159.0,0.1985,1.6143,10.6726,4.96875
Williams Jerez,PIT,SP,1.0,0.0,12.0,0.0,0.0,10.1,12.0,5.0,5.0,2.0,9.0,9.0,49.0,0.2525,4.4554,10.1881,4.083333333333333
Trevor Hildenberger,MIN,RP,2.0,2.0,22.0,0.0,1.0,16.1,30.0,19.0,19.0,2.0,7.0,15.0,49.0,0.296,10.6211,8.8634,2.227272727272727
Cole Sulser,TB,RP,1.0,5.0,26.0,0.0,5.0,29.299999999999997,22.0,18.0,14.0,2.0,20.0,28.0,138.0,0.1945,4.3003,20.7509,5.3076923076923075
Fernando Abad,SF,RP,0.0,2.0,21.0,0.0,0.0,13.0,9.0,6.0,6.0,2.0,3.0,9.0,48.0,0.1965,4.1538,3.6923,2.2857142857142856
Kyle McGowin,WSH,SP,1.0,0.0,16.0,1.0,2.0,27.0,31.0,25.0,24.0,9.0,9.0,34.0,117.0,0.2555,8.0,10.1481,7.3125
Taylor Williams,MIL,RP,2.0,2.0,27.0,0.0,6.0,28.4,36.0,27.0,26.0,2.0,14.0,35.0,127.0,0.2705,8.2394,15.2676,4.703703703703703
Robert Stock,SD,RP,1.0,1.0,20.0,0.0,0.0,23.299999999999997,30.0,23.0,19.0,2.0,18.0,29.0,108.0,0.2475,7.3391,19.2876,5.4
Eric Yardley,SD,RP,2.0,1.0,34.0,0.0,0.0,34.3,31.0,11.0,7.0,3.0,13.0,26.0,174.0,0.229,1.8367,13.9038,5.117647058823529
Joel Kuhnel,CIN,RP,2.0,0.0,15.0,0.0,0.0,12.2,12.0,7.0,7.0,3.0,5.0,12.0,65.0,0.2065,5.1639,5.9836,4.333333333333333
Brian Moran,MIA,RP,2.0,0.0,18.0,0.0,0.0,10.3,12.0,8.0,8.0,2.0,8.0,17.0,72.0,0.2235,6.9903,9.165,4.0
Sam Selman,SF,RP,1.0,1.0,34.0,0.0,1.0,29.200000000000003,19.0,13.0,13.0,4.0,15.0,33.0,155.0,0.184,4.0068,15.6507,4.5588235294117645
Ben Heller,NYY,SP,0.0,0.0,12.0,0.0,0.0,13.1,11.0,3.0,3.0,3.0,5.0,15.0,76.0,0.2235,2.0611,5.8397,6.333333333333333
Jon Edwards,CLE,RP,2.0,0.0,9.0,0.0,0.0,8.0,5.0,2.0,2.0,2.0,6.0,5.0,45.0,0.188,2.25,6.625,5.0
Ruben Alaniz,CIN,RP,1.0,0.0,12.0,0.0,0.0,15.2,19.0,17.0,16.0,3.0,7.0,13.0,44.0,0.2495,9.4737,8.25,3.6666666666666665
Matthew Carasiti,SEA,P,0.0,1.0,11.0,5.0,0.0,9.2,11.0,6.0,5.0,2.0,5.0,10.0,44.0,0.247,4.8913,6.1957,4.0
Alex Wilson,MIL,RP,1.0,1.0,13.0,0.0,1.0,11.1,15.0,12.0,12.0,3.0,9.0,13.0,43.0,0.2545,9.7297,10.3514,3.3076923076923075
Kyle Zimmer,KC,RP,1.0,1.0,31.0,1.0,0.0,41.1,42.0,26.0,26.0,2.0,29.0,44.0,184.0,0.267,5.6934,30.0219,5.935483870967742
Robby Scott,ARI,RP,1.0,0.0,11.0,0.0,0.0,7.1,8.0,4.0,4.0,1.0,7.0,9.0,43.0,0.2365,5.0704,8.1268,3.909090909090909
Taylor Guilbeau,SEA,RP,0.0,0.0,25.0,0.0,0.0,19.3,18.0,7.0,6.0,2.0,9.0,10.0,72.0,0.205,2.7979,9.9326,2.88
Allen Webster,CHC,RP,0.0,0.0,12.0,0.0,1.0,11.0,14.0,7.0,6.0,2.0,5.0,9.0,42.0,0.2505,4.9091,6.2727,3.5
Edinson Volquez,TEX,SP,0.0,1.0,11.0,4.0,0.0,16.0,20.0,12.0,12.0,3.0,12.0,10.0,42.0,0.257,6.75,13.25,3.8181818181818183
Aaron Wilkerson,MIL,RP,0.0,0.0,9.0,0.0,0.0,16.0,25.0,13.0,13.0,4.0,9.0,11.0,42.0,0.277,7.3125,10.5625,4.666666666666667
Christoper Flexen,NYM,RP,0.0,3.0,9.0,1.0,0.0,13.2,15.0,12.0,10.0,1.0,13.0,10.0,41.0,0.2325,6.8182,14.1364,4.555555555555555
Bobby Poyner,BOS,RP,0.0,1.0,13.0,1.0,0.0,11.2,10.0,9.0,9.0,2.0,5.0,11.0,41.0,0.215,7.2321,5.8929,3.1538461538461537
Jeanmar Gomez,TEX,RP,1.0,0.0,16.0,0.0,0.0,15.1,23.0,15.0,14.0,2.0,6.0,10.0,40.0,0.278,8.3444,7.5232,2.5
Jeremy Walker,ATL,RP,0.0,0.0,6.0,0.0,0.0,9.1,9.0,2.0,2.0,0.0,4.0,6.0,40.0,0.231,1.978,4.989,6.666666666666667
Ty Blach,BAL,SP,1.0,3.0,7.0,5.0,0.0,27.0,46.0,37.0,36.0,8.0,17.0,20.0,39.0,0.287,12.0,18.7037,5.571428571428571
Rookie Davis,PIT,RP,0.0,1.0,5.0,1.0,0.0,10.2,12.0,8.0,8.0,3.0,8.0,10.0,38.0,0.2485,7.0588,9.1765,7.6
Keynan Middleton,LAA,RP,0.0,1.0,24.0,0.0,0.0,19.2,16.0,9.0,8.0,2.0,13.0,17.0,86.0,0.1755,3.75,13.8333,3.5833333333333335
Cody Reed,CIN,SP,0.0,1.0,14.0,0.0,0.0,18.1,17.0,7.0,7.0,2.0,9.0,19.0,91.0,0.2235,3.4807,9.9392,6.5
Art Warren,SEA,RP,1.0,0.0,6.0,0.0,0.0,5.1,2.0,0.0,0.0,0.0,2.0,5.0,37.0,0.151,0.0,2.3922,6.166666666666667
James Karinchak,CLE,RP,1.0,2.0,32.0,0.0,1.0,32.1,17.0,10.0,9.0,1.0,17.0,61.0,259.0,0.1735,2.5234,17.5296,8.09375
Jose De Leon,TB,RP,1.0,0.0,3.0,0.0,0.0,4.0,3.0,2.0,1.0,0.0,3.0,7.0,36.0,0.1925,2.25,3.75,12.0
Brian Schlitter,OAK,RP,0.0,0.0,6.0,0.0,0.0,9.2,12.0,4.0,4.0,0.0,4.0,6.0,35.0,0.2605,3.913,5.3043,5.833333333333333
Garrett Richards,SD,SP,2.0,3.0,17.0,13.0,0.0,59.3,57.0,31.0,31.0,9.0,23.0,57.0,282.0,0.2455,4.7049,23.9612,16.58823529411765
Yohander Mendez,TEX,SP,1.0,0.0,3.0,0.0,0.0,4.2,4.0,3.0,3.0,2.0,5.0,8.0,35.0,0.2235,6.4286,5.9524,11.666666666666666
Victor Arano,PHI,RP,1.0,0.0,3.0,0.0,0.0,4.2,2.0,2.0,2.0,1.0,2.0,7.0,35.0,0.1755,4.2857,2.4762,11.666666666666666
Kyle Bird,TEX,RP,0.0,0.0,12.0,0.0,1.0,12.2,11.0,11.0,11.0,5.0,15.0,10.0,35.0,0.213,8.1148,15.9016,2.9166666666666665
Eduardo Jimenez,DET,RP,0.0,0.0,8.0,0.0,0.0,10.2,12.0,7.0,7.0,1.0,5.0,8.0,35.0,0.235,6.1765,6.1765,4.375
Daniel Zamora,NYM,RP,0.0,1.0,17.0,0.0,0.0,8.2,10.0,5.0,5.0,1.0,5.0,8.0,35.0,0.2455,5.4878,6.2195,2.0588235294117645
Gabe Speier,KC,RP,0.0,1.0,17.0,0.0,0.0,12.3,14.0,11.0,11.0,3.0,10.0,16.0,54.0,0.191,8.0488,11.1382,3.176470588235294
Reed Garrett,DET,RP,0.0,0.0,13.0,0.0,0.0,15.1,24.0,15.0,14.0,3.0,13.0,10.0,34.0,0.289,8.3444,14.5894,2.6153846153846154
Miguel Del Pozo,LAA,RP,1.0,1.0,22.0,0.0,0.0,12.3,17.0,18.0,18.0,3.0,16.0,13.0,30.0,0.2415,13.1707,17.3821,1.3636363636363635
Arodys Vizcaino,ATL,RP,1.0,0.0,4.0,0.0,1.0,4.0,3.0,1.0,1.0,1.0,3.0,6.0,33.0,0.2055,2.25,3.75,8.25
Enyel De Los Santos,PHI,RP,0.0,1.0,5.0,1.0,0.0,11.0,13.0,9.0,9.0,4.0,5.0,9.0,33.0,0.257,7.3636,6.1818,6.6
Donnie Hart,NYM,RP,0.0,0.0,5.0,0.0,0.0,7.2,4.0,0.0,0.0,0.0,4.0,3.0,32.0,0.1785,0.0,4.5556,6.4
Tommy Hunter,PHI,RP,0.0,1.0,29.0,0.0,1.0,29.299999999999997,24.0,11.0,11.0,2.0,6.0,30.0,147.0,0.154,3.3788,6.8191,5.068965517241379
Darren O'Day,ATL,RP,4.0,0.0,27.0,0.0,0.0,21.200000000000003,11.0,4.0,3.0,1.0,6.0,28.0,164.0,0.1775,1.2736,6.5189,6.074074074074074
Nate Karns,BAL,SP,0.0,1.0,4.0,2.0,0.0,5.1,7.0,1.0,0.0,0.0,3.0,5.0,31.0,0.265,0.0,4.3725,7.75
Sean Poppen,MIN,RP,0.0,0.0,10.0,0.0,0.0,15.3,19.0,11.0,11.0,1.0,9.0,19.0,72.0,0.26,6.4706,10.2418,7.2
James Marvel,PIT,SP,0.0,3.0,4.0,4.0,0.0,17.1,25.0,16.0,16.0,4.0,6.0,9.0,31.0,0.2675,8.4211,7.462,7.75
Thyago Vieira,CHW,RP,1.0,0.0,6.0,0.0,0.0,7.0,11.0,8.0,7.0,0.0,5.0,8.0,30.0,0.2705,9.0,6.5714,5.0
Tim Collins,CHC,RP,0.0,0.0,9.0,0.0,0.0,8.2,9.0,3.0,3.0,1.0,3.0,4.0,29.0,0.231,3.2927,4.0976,3.2222222222222223
Ryan Dull,TOR,RP,0.0,0.0,12.0,0.0,0.0,12.2,25.0,19.0,18.0,5.0,7.0,15.0,29.0,0.3035,13.2787,9.0492,2.4166666666666665
Javier Guerra,SD,RP,0.0,0.0,8.0,0.0,0.0,8.2,7.0,5.0,5.0,3.0,3.0,6.0,29.0,0.208,5.4878,3.8537,3.625
Justin Dunn,SEA,SP,4.0,1.0,14.0,14.0,0.0,51.400000000000006,33.0,25.0,24.0,10.0,40.0,43.0,254.0,0.151,4.2023,40.642,18.142857142857142
Trevor Rosenthal,DET,RP,1.0,1.0,45.0,0.0,11.0,38.3,23.0,30.0,28.0,2.0,34.0,55.0,204.0,0.2025,6.5796,34.6005,4.533333333333333
Brooks Pounders,NYM,RP,1.0,0.0,7.0,0.0,0.0,7.1,9.0,5.0,5.0,1.0,2.0,5.0,28.0,0.2485,6.338,3.2676,4.0
Pedro Avila,SD,SP,0.0,0.0,1.0,1.0,0.0,5.1,4.0,1.0,1.0,0.0,2.0,5.0,28.0,0.1985,1.7647,2.7843,28.0
Phillip Diehl,COL,RP,0.0,0.0,16.0,0.0,0.0,13.1,17.0,13.0,13.0,3.0,3.0,12.0,37.0,0.2545,8.9313,4.2977,2.3125
Carlos Torres,DET,RP,0.0,0.0,4.0,0.0,0.0,6.0,9.0,5.0,5.0,2.0,1.0,8.0,27.0,0.265,7.5,2.5,6.75
Jonny Venters,WSH,RP,0.0,1.0,12.0,1.0,1.0,8.0,12.0,16.0,11.0,3.0,10.0,12.0,27.0,0.2605,12.375,11.5,2.25
Dan Jennings,WSH,RP,1.0,2.0,8.0,0.0,0.0,4.2,8.0,8.0,7.0,1.0,7.0,9.0,26.0,0.265,15.0,8.9048,3.25
David Robertson,PHI,RP,0.0,1.0,7.0,0.0,0.0,6.2,8.0,4.0,4.0,1.0,6.0,6.0,26.0,0.2465,5.8065,7.2903,3.7142857142857144
Nick Tropeano,LAA,SP,1.0,1.0,10.0,1.0,0.0,28.4,32.0,17.0,17.0,7.0,10.0,29.0,130.0,0.2565,5.3873,11.1268,13.0
Cody Anderson,CLE,RP,0.0,1.0,5.0,2.0,0.0,8.2,12.0,9.0,9.0,1.0,8.0,9.0,26.0,0.265,9.878,9.4634,5.2
Matt Koch,ARI,SP,0.0,0.0,9.0,0.0,0.0,20.2,29.0,21.0,21.0,8.0,4.0,9.0,26.0,0.265,9.3564,5.4356,2.888888888888889
Danny Hultzen,CHC,RP,0.0,0.0,6.0,0.0,0.0,3.1,4.0,0.0,0.0,0.0,2.0,5.0,25.0,0.232,0.0,3.2903,4.166666666666667
Aaron Loup,SD,RP,3.0,2.0,28.0,0.0,0.0,28.1,19.0,9.0,7.0,3.0,5.0,27.0,163.0,0.1895,2.242,5.6762,5.821428571428571
Dovydas Neverauskas,PIT,RP,0.0,3.0,27.0,0.0,0.0,28.1,39.0,28.0,26.0,7.0,17.0,33.0,106.0,0.273,8.3274,18.3879,3.925925925925926
Jacob Rhame,NYM,RP,0.0,1.0,5.0,0.0,0.0,6.1,3.0,4.0,3.0,1.0,9.0,5.0,25.0,0.1735,4.4262,9.4918,5.0
Jake Petricka,MIL,RP,0.0,0.0,6.0,0.0,0.0,8.0,6.0,3.0,3.0,0.0,6.0,3.0,24.0,0.202,3.375,6.75,4.0
J.C. Ramirez,LAA,SP,0.0,0.0,5.0,0.0,0.0,8.0,8.0,4.0,4.0,1.0,1.0,4.0,24.0,0.2235,4.5,2.0,4.8
Josh Sborz,LAD,RP,0.0,1.0,11.0,0.0,0.0,13.1,12.0,9.0,9.0,3.0,5.0,9.0,40.0,0.2415,6.1832,5.916,3.6363636363636362
Adrian Morejon,SD,SP,2.0,2.0,14.0,6.0,0.0,27.1,35.0,20.0,19.0,8.0,7.0,34.0,139.0,0.291,6.31,8.2915,9.928571428571429
Cionel Perez,HOU,RP,1.0,1.0,5.0,0.0,0.0,9.0,11.0,10.0,10.0,3.0,2.0,7.0,24.0,0.243,10.0,3.2222,4.8
Odrisamer Despaigne,CHW,SP,0.0,2.0,3.0,3.0,0.0,13.1,24.0,14.0,14.0,3.0,7.0,7.0,23.0,0.302,9.6183,8.8321,7.666666666666667
Enderson Franco,SF,RP,0.0,0.0,5.0,0.0,0.0,5.1,4.0,2.0,2.0,1.0,1.0,4.0,22.0,0.204,3.5294,1.7843,4.4
Drew Anderson,PHI,RP,0.0,1.0,3.0,0.0,0.0,7.1,10.0,11.0,11.0,3.0,8.0,8.0,13.0,0.2235,13.9437,9.4085,4.333333333333333
Dennis Santana,LAD,SP,1.0,2.0,15.0,0.0,0.0,22.0,21.0,15.0,14.0,5.0,11.0,24.0,102.0,0.2485,5.7273,11.9545,6.8
Reymin Guduan,HOU,RP,1.0,0.0,7.0,0.0,0.0,5.1,8.0,7.0,7.0,3.0,4.0,6.0,19.0,0.2805,12.3529,5.5686,2.7142857142857144
Tim Peterson,NYM,RP,0.0,0.0,6.0,0.0,0.0,7.1,7.0,4.0,4.0,1.0,7.0,3.0,19.0,0.228,5.0704,7.9859,3.1666666666666665
Trevor Kelley,BOS,RP,0.0,3.0,14.0,0.0,0.0,11.2,17.0,12.0,12.0,4.0,6.0,11.0,32.0,0.2435,9.6429,7.5179,2.2857142857142856
Paul Blackburn,OAK,SP,0.0,3.0,6.0,3.0,0.0,13.1,24.0,21.0,20.0,3.0,6.0,10.0,10.0,0.2885,13.7405,7.8321,1.6666666666666667
Jordan Montgomery,NYY,SP,2.0,3.0,12.0,11.0,0.0,48.0,55.0,30.0,28.0,8.0,9.0,52.0,232.0,0.2825,5.25,10.1458,19.333333333333332
Wei-Chieh Huang,TEX,RP,0.0,0.0,4.0,0.0,0.0,5.2,8.0,5.0,2.0,0.0,5.0,2.0,17.0,0.2525,3.4615,6.5385,4.25
Steven Wright,BOS,SP,0.0,1.0,6.0,0.0,0.0,6.1,11.0,6.0,6.0,3.0,4.0,5.0,16.0,0.302,8.8525,5.8033,2.6666666666666665
Alex Cobb,BAL,SP,2.0,7.0,13.0,13.0,0.0,64.2,73.0,43.0,40.0,17.0,20.0,46.0,232.0,0.2795,5.6075,21.1371,17.846153846153847
Shane Carle,ATL,RP,0.0,0.0,6.0,0.0,0.0,9.1,11.0,10.0,10.0,3.0,9.0,6.0,16.0,0.247,9.8901,10.2088,2.6666666666666665
Miguel Diaz,SD,RP,0.0,0.0,5.0,0.0,0.0,6.1,9.0,5.0,5.0,1.0,1.0,4.0,16.0,0.2715,7.377,2.4754,3.2
Josh Rogers,BAL,RP,0.0,1.0,5.0,0.0,0.0,14.1,18.0,14.0,14.0,7.0,6.0,5.0,16.0,0.251,8.9362,7.2766,3.2
Gerson Bautista,SEA,RP,0.0,1.0,8.0,2.0,0.0,9.0,13.0,11.0,11.0,2.0,9.0,7.0,15.0,0.265,11.0,10.4444,1.875
Joel Payamps,ARI,RP,0.0,0.0,4.0,0.0,0.0,7.0,6.0,4.0,3.0,0.0,6.0,5.0,27.0,0.2525,3.8571,6.8571,6.75
Jesse Hahn,KC,RP,1.0,1.0,24.0,0.0,3.0,21.3,11.0,8.0,8.0,1.0,14.0,26.0,126.0,0.265,3.3803,14.5164,5.25
Keury Mella,CIN,RP,2.0,0.0,14.0,0.0,0.0,13.2,15.0,6.0,5.0,1.0,5.0,14.0,80.0,0.2545,3.4091,6.1364,5.714285714285714
Ryan Borucki,TOR,SP,1.0,2.0,23.0,2.0,0.0,22.4,27.0,15.0,13.0,3.0,18.0,27.0,118.0,0.319,5.2232,19.2054,5.130434782608695
Bryan Garcia,DET,RP,2.0,1.0,33.0,0.0,4.0,27.4,27.0,15.0,13.0,1.0,15.0,19.0,115.0,0.259,4.2701,15.9854,3.484848484848485
Stephen Nogosek,NYM,RP,0.0,1.0,7.0,0.0,0.0,6.2,12.0,8.0,8.0,2.0,2.0,6.0,14.0,0.292,11.6129,3.9355,2.0
Ervin Santana,CHW,SP,0.0,2.0,3.0,3.0,0.0,13.1,19.0,14.0,14.0,6.0,6.0,5.0,13.0,0.268,9.6183,7.4504,4.333333333333333
Tayler Scott,BAL,RP,0.0,0.0,13.0,2.0,0.0,16.1,31.0,28.0,26.0,6.0,11.0,14.0,13.0,0.297,14.5342,12.9255,1.0
Danny Salazar,CLE,SP,0.0,1.0,1.0,1.0,0.0,4.0,4.0,2.0,2.0,2.0,3.0,2.0,12.0,0.2415,4.5,4.0,12.0
Chasen Shreve,STL,RP,2.0,0.0,20.0,0.0,0.0,27.0,19.0,14.0,13.0,4.0,13.0,36.0,162.0,0.2235,4.3333,13.7037,8.1
Joe Mantiply,NYY,RP,1.0,0.0,5.0,0.0,0.0,5.1,6.0,7.0,7.0,1.0,6.0,4.0,13.0,0.2235,12.3529,7.1765,2.6
Jaime Schultz,LAD,RP,0.0,0.0,4.0,0.0,0.0,5.0,6.0,4.0,4.0,1.0,3.0,3.0,12.0,0.2565,7.2,4.2,3.0
Eric Skoglund,KC,SP,0.0,3.0,6.0,4.0,0.0,21.0,30.0,21.0,21.0,5.0,9.0,4.0,12.0,0.267,9.0,10.4286,2.0
Fernando Salas,PHI,RP,0.0,0.0,3.0,0.0,0.0,2.2,8.0,2.0,2.0,1.0,0.0,3.0,11.0,0.365,8.1818,3.6364,3.6666666666666665
Hoby Milner,TB,RP,0.0,0.0,23.0,0.0,0.0,16.3,17.0,15.0,15.0,5.0,7.0,16.0,54.0,0.232,8.2822,8.0429,2.347826086956522
David Carpenter,TEX,RP,0.0,0.0,4.0,0.0,0.0,3.1,4.0,4.0,2.0,0.0,4.0,2.0,10.0,0.232,5.8065,5.2903,2.5
Jimmy Herget,CIN,RP,1.0,0.0,25.0,1.0,0.0,25.299999999999997,21.0,10.0,10.0,4.0,17.0,17.0,105.0,0.2725,3.5573,17.83,4.2
Xavier Cedeno,CHC,RP,0.0,0.0,5.0,0.0,0.0,2.0,4.0,0.0,0.0,0.0,3.0,1.0,9.0,0.2985,0.0,5.0,1.8
Anthony Banda,TB,SP,1.0,0.0,7.0,0.0,1.0,11.0,16.0,12.0,11.0,1.0,5.0,6.0,24.0,0.265,9.0,6.4545,3.4285714285714284
Michael King,NYY,SP,1.0,2.0,10.0,4.0,0.0,28.2,32.0,24.0,23.0,5.0,11.0,27.0,104.0,0.2095,7.3404,12.1348,10.4
Luke Gregerson,STL,RP,0.0,0.0,6.0,0.0,0.0,5.2,11.0,5.0,5.0,0.0,1.0,2.0,8.0,0.31,8.6538,3.1154,1.3333333333333333
Dellin Betances,NYY,RP,0.0,1.0,16.0,0.0,0.0,11.399999999999999,12.0,10.0,10.0,0.0,12.0,13.0,46.0,0.0985,7.8947,13.0526,2.875
Ryan Feierabend,TOR,RP,0.0,1.0,2.0,1.0,0.0,5.2,11.0,7.0,7.0,2.0,1.0,4.0,8.0,0.295,12.1154,3.1154,4.0
Jose Castillo,SD,RP,0.0,0.0,1.0,0.0,0.0,0.2,0.0,0.0,0.0,0.0,1.0,2.0,8.0,0.0985,0.0,1.0,8.0
Andrew Moore,SEA,SP,0.0,0.0,1.0,1.0,0.0,4.2,6.0,4.0,4.0,2.0,1.0,2.0,8.0,0.2565,8.5714,2.4286,8.0
Jorge Alcala,MIN,RP,2.0,1.0,18.0,0.0,0.0,25.2,22.0,8.0,7.0,3.0,9.0,28.0,152.0,0.182,2.5,9.873,8.444444444444445
Luis Escobar,PIT,RP,0.0,0.0,4.0,0.0,0.0,5.2,10.0,5.0,5.0,1.0,4.0,2.0,8.0,0.326,8.6538,5.9231,2.0
Caleb Frare,CHW,RP,0.0,0.0,5.0,0.0,0.0,2.2,2.0,3.0,3.0,1.0,4.0,3.0,8.0,0.1985,12.2727,4.9091,1.6
Corey Oswalt,NYM,RP,0.0,1.0,6.0,1.0,0.0,19.2,23.0,16.0,16.0,4.0,8.0,16.0,59.0,0.259,7.5,9.1979,9.833333333333334
Ryan O'Rourke,NYM,RP,0.0,0.0,2.0,0.0,0.0,1.1,0.0,0.0,0.0,0.0,3.0,1.0,7.0,0.0985,0.0,3.0,3.5
Luis Ortiz,BAL,RP,0.0,1.0,1.0,1.0,0.0,3.1,4.0,4.0,4.0,2.0,5.0,3.0,7.0,0.2525,11.6129,6.2903,7.0
John Curtiss,LAA,RP,3.0,0.0,18.0,3.0,2.0,27.1,23.0,8.0,6.0,3.0,6.0,26.0,160.0,0.2095,1.9926,6.8487,8.88888888888889
Taijuan Walker,ARI,SP,4.0,3.0,12.0,12.0,0.0,54.1,44.0,23.0,16.0,8.0,19.0,51.0,312.0,0.2235,2.6617,19.8133,26.0
Matt Ramsey,LAA,RP,0.0,0.0,1.0,0.0,0.0,1.0,0.0,0.0,0.0,0.0,0.0,1.0,6.0,0.0985,0.0,0.0,6.0
Aaron Slegers,TB,SP,0.0,0.0,13.0,1.0,3.0,29.0,21.0,11.0,11.0,2.0,5.0,19.0,111.0,0.235,3.4138,5.7241,8.538461538461538
Jake Barrett,NYY,RP,0.0,0.0,2.0,0.0,0.0,3.2,6.0,6.0,6.0,2.0,2.0,4.0,5.0,0.275,16.875,3.875,2.5
Brady Lail,NYY,SP,0.0,0.0,9.0,0.0,0.0,18.3,16.0,11.0,11.0,6.0,8.0,14.0,66.0,0.2095,5.4098,8.8743,7.333333333333333
Michael Blazek,WSH,RP,0.0,0.0,4.0,0.0,0.0,5.0,6.0,4.0,4.0,1.0,5.0,0.0,3.0,0.2415,7.2,6.2,0.75
Sam Freeman,LAA,RP,0.0,0.0,8.0,0.0,0.0,7.0,5.0,2.0,2.0,1.0,9.0,6.0,33.0,0.265,2.5714,9.7143,4.125
Chris Ellis,KC,SP,0.0,0.0,1.0,0.0,0.0,1.0,1.0,0.0,0.0,0.0,1.0,0.0,3.0,0.2235,0.0,2.0,3.0
Rico Garcia,COL,SP,1.0,2.0,14.0,1.0,0.0,16.0,22.0,13.0,13.0,4.0,9.0,9.0,42.0,0.2785,7.3125,10.375,3.0
Tony Barnette,CHC,RP,0.0,0.0,2.0,0.0,0.0,1.1,2.0,1.0,1.0,1.0,0.0,0.0,1.0,0.2985,8.1818,1.8182,0.5
Huascar Ynoa,ATL,RP,0.0,0.0,11.0,5.0,0.0,24.2,29.0,20.0,20.0,3.0,14.0,20.0,74.0,0.2985,7.438,15.1983,6.7272727272727275
Pat Venditte,SF,RP,0.0,0.0,5.0,0.0,0.0,7.199999999999999,5.0,6.0,6.0,1.0,2.0,7.0,26.0,0.2415,7.5,2.6944,5.2
Alex Reyes,STL,RP,2.0,2.0,19.0,1.0,1.0,22.2,16.0,15.0,12.0,2.0,20.0,28.0,128.0,0.1985,4.8649,20.7207,6.7368421052631575
Sean Gilmartin,BAL,SP,0.0,1.0,3.0,1.0,0.0,6.199999999999999,14.0,9.0,9.0,4.0,6.0,6.0,11.0,0.3485,13.0645,8.2581,3.6666666666666665
Chris Rusin,COL,RP,0.0,0.0,3.0,0.0,0.0,4.1,11.0,7.0,7.0,2.0,4.0,3.0,1.0,0.4555,15.3659,6.6829,0.3333333333333333
Chase De Jong,MIN,RP,0.0,1.0,4.0,2.0,0.0,8.1,15.0,16.0,16.0,3.0,7.0,9.0,4.0,0.3485,17.7778,8.8519,1.0
Deolis Guerra,MIL,RP,1.0,3.0,10.0,0.0,0.0,7.3,14.0,13.0,11.0,4.0,2.0,8.0,21.0,0.4985,13.5616,3.9178,2.1
James Bourque,WSH,RP,1.0,0.0,7.0,0.0,0.0,4.2,6.0,7.0,7.0,1.0,7.0,1.0,2.0,0.4735,15.0,8.4286,0.2857142857142857
Taylor Hearn,TEX,SP,0.0,1.0,15.0,1.0,0.0,17.200000000000003,16.0,13.0,11.0,2.0,15.0,23.0,89.0,0.4735,5.7558,15.9302,5.933333333333334
