Rank,Name,Team,POS,GMS,AB,R,H,2B,3B,HR,RBI,BB,SO,SB,CS,AVG,OBP,SLG,OPS,PTS
1,Freddie Freeman,ATL,1B,60,214,51,73,23,1,13,53,45,37,2,0,0.341,0.462,0.64,1.102,915.7
2,Marcell Ozuna,ATL,LF,60,228,38,77,14,0,18,56,38,60,0,0,0.338,0.431,0.636,1.067,866.6
3,José Ramírez,CLE,3B,58,219,45,64,16,1,17,46,31,43,10,3,0.292,0.386,0.607,0.993,866
4,Fernando Tatis Jr.,SD,SS,59,224,50,62,11,2,17,45,27,61,11,3,0.277,0.366,0.571,0.937,863.5
5,José Abreu,CHW,1B,60,240,43,76,15,0,19,60,18,59,0,0,0.317,0.37,0.617,0.987,854.6
6,Trea Turner,WSH,SS,59,233,46,78,15,4,12,41,22,36,12,4,0.335,0.394,0.588,0.982,845.7
7,Manny Machado,SD,3B,60,224,44,68,12,1,16,47,26,37,6,4,0.304,0.37,0.58,0.95,809.3
8,Mookie Betts,LAD,RF,55,219,47,64,9,1,16,39,24,38,10,2,0.292,0.366,0.562,0.928,793.9
9,Mike Trout,LAA,CF,53,199,41,56,9,2,17,46,35,56,1,1,0.281,0.39,0.603,0.993,772.2
10,Luke Voit,NYY,1B,56,213,41,59,5,0,22,52,17,54,0,0,0.277,0.338,0.61,0.948,763.2
11,Trevor Story,COL,SS,59,235,41,68,13,4,11,28,24,63,15,3,0.289,0.355,0.519,0.874,757.2
12,Bryce Harper,PHI,RF,58,190,41,51,9,2,13,33,49,43,8,2,0.268,0.42,0.542,0.962,756.7
13,Juan Soto,WSH,LF,47,154,39,54,14,0,13,37,41,28,6,2,0.351,0.49,0.695,1.185,737.3
14,Dansby Swanson,ATL,SS,60,237,49,65,15,0,10,35,22,71,5,0,0.274,0.345,0.464,0.809,717.3
15,Ronald Acuña Jr.,ATL,LF,46,160,46,40,11,0,14,29,38,60,8,1,0.25,0.406,0.581,0.987,701.7
16,Corey Seager,LAD,SS,52,212,38,65,12,1,15,41,17,37,1,0,0.307,0.358,0.585,0.943,697.1
17,Mike Yastrzemski,SF,RF,54,192,39,57,14,4,10,35,30,55,2,1,0.297,0.4,0.568,0.968,685.3
18,Cavan Biggio,TOR,2B,59,220,41,55,16,0,8,28,41,61,6,0,0.25,0.375,0.432,0.807,682.2
19,Trent Grisham,SD,RF,59,215,42,54,8,3,10,26,31,64,10,1,0.251,0.352,0.456,0.808,681.4
20,Wil Myers,SD,LF,55,198,34,57,14,2,15,40,18,56,2,1,0.288,0.353,0.606,0.959,680.8
21,Kyle Tucker,HOU,RF,58,209,33,56,12,6,9,42,18,46,8,1,0.268,0.325,0.512,0.837,675.6
22,Whit Merrifield,KC,2B,60,248,38,70,12,0,9,30,12,33,12,3,0.282,0.325,0.44,0.765,673.6
23,Brandon Lowe,TB,2B,56,193,36,52,9,2,14,37,25,58,3,0,0.269,0.362,0.554,0.916,670.7
24,Kyle Seager,SEA,3B,60,203,35,49,12,0,9,40,32,33,5,0,0.241,0.355,0.433,0.788,663
25,Kole Calhoun,ARI,RF,54,190,35,43,9,0,16,40,28,50,1,1,0.226,0.338,0.526,0.864,660
26,Michael Conforto,NYM,RF,54,202,40,65,12,0,9,31,24,57,3,3,0.322,0.412,0.515,0.927,659.5
27,DJ LeMahieu,NYY,2B,50,195,41,71,10,2,10,27,18,21,3,0,0.364,0.421,0.59,1.011,648.7
28,Didi Gregorius,PHI,SS,60,215,34,61,10,2,10,40,15,28,3,2,0.284,0.339,0.488,0.827,638.8
29,Nelson Cruz,MIN,DH,53,185,33,56,6,0,16,33,25,58,0,0,0.303,0.397,0.595,0.992,638.1
30,Rafael Devers,BOS,3B,57,232,32,61,16,1,11,43,13,67,0,0,0.263,0.31,0.483,0.793,636.9
31,Teoscar Hernández,TOR,LF,50,190,33,55,7,0,16,34,14,63,6,1,0.289,0.34,0.579,0.919,635.6
31,Adalberto Mondesi,KC,SS,59,219,33,56,11,3,6,22,11,70,24,8,0.256,0.294,0.416,0.71,635.6
33,Xander Bogaerts,BOS,SS,56,203,36,61,8,0,11,28,21,41,8,0,0.3,0.364,0.502,0.866,630.2
34,George Springer,HOU,CF,51,189,37,50,6,2,14,32,24,38,1,2,0.265,0.359,0.54,0.899,629.4
35,Cody Bellinger,LAD,RF,56,213,33,51,10,0,12,30,30,42,6,1,0.239,0.333,0.455,0.788,627.6
36,Starling Marte,MIA,CF,61,228,36,64,14,1,6,27,12,41,10,2,0.281,0.34,0.43,0.77,626.7
37,Christian Yelich,MIL,RF,58,200,39,41,7,1,12,22,46,76,4,2,0.205,0.356,0.43,0.786,624.8
38,Nick Castellanos,CIN,RF,60,218,37,49,11,2,14,34,19,69,0,2,0.225,0.298,0.486,0.784,624.4
39,Pete Alonso,NYM,1B,57,208,31,48,6,0,16,35,24,61,1,0,0.231,0.326,0.49,0.816,623.7
40,Eddie Rosario,MIN,LF,57,210,31,54,7,0,13,42,19,34,3,1,0.257,0.316,0.476,0.792,621.2
41,Eloy Jiménez,CHW,LF,55,213,26,63,14,0,14,41,12,56,0,0,0.296,0.332,0.559,0.891,619.7
42,Kyle Lewis,SEA,RF,58,206,37,54,3,0,11,28,34,71,5,0,0.262,0.364,0.437,0.801,618.4
43,Charlie Blackmon,COL,RF,59,221,31,67,12,1,6,42,19,44,2,1,0.303,0.356,0.448,0.804,618.2
44,Dominic Smith,NYM,1B,50,177,27,56,21,1,10,42,14,45,0,0,0.316,0.377,0.616,0.993,617.4
45,Mark Canha,OAK,CF,59,191,32,47,12,2,5,33,37,54,4,0,0.246,0.387,0.408,0.795,616.9
46,Matt Olson,OAK,1B,60,210,28,41,4,1,14,42,34,77,1,0,0.195,0.31,0.424,0.734,614.6
47,Tim Anderson,CHW,SS,49,208,45,67,11,1,10,21,10,50,5,2,0.322,0.357,0.529,0.886,613.5
48,Eugenio Suárez,CIN,3B,57,198,29,40,8,0,15,38,30,67,2,0,0.202,0.312,0.47,0.782,612.8
49,Anthony Rendon,LAA,3B,52,189,29,54,11,1,9,31,38,31,0,0,0.286,0.418,0.497,0.915,612.3
50,Francisco Lindor,CLE,SS,60,236,30,61,13,0,8,27,24,41,6,2,0.258,0.335,0.415,0.75,604.5
51,Christian Walker,ARI,1B,57,218,35,59,18,1,7,34,19,50,1,1,0.271,0.333,0.459,0.792,603
52,Vladimir Guerrero Jr.,TOR,1B,60,221,34,58,13,2,9,33,20,38,1,0,0.262,0.329,0.462,0.791,602.3
53,Randal Grichuk,TOR,CF,55,216,38,59,9,0,12,35,13,49,1,1,0.273,0.312,0.481,0.793,601.1
54,Lourdes Gurriel Jr.,TOR,LF,57,208,28,64,14,0,11,33,14,48,3,1,0.308,0.348,0.534,0.882,598.1
55,Andrew McCutchen,PHI,CF,57,217,32,55,9,0,10,34,22,48,4,0,0.253,0.324,0.433,0.757,596.4
56,AJ Pollock,LAD,CF,55,196,30,54,9,0,16,34,12,45,2,2,0.276,0.314,0.566,0.88,596
57,Luis Robert,CHW,CF,56,202,33,47,8,0,11,31,20,73,9,2,0.233,0.302,0.436,0.738,595.1
58,Ian Happ,CHC,CF,57,198,27,51,11,1,12,28,30,63,1,3,0.258,0.361,0.505,0.866,586.4
59,Brian Anderson,MIA,3B,59,200,27,51,7,1,11,38,22,66,0,1,0.255,0.345,0.465,0.81,582.4
60,Max Muncy,LAD,1B,58,203,36,39,4,0,12,27,39,60,1,0,0.192,0.331,0.389,0.72,581.7
61,Adam Duvall,ATL,LF,57,190,34,45,8,0,16,33,15,54,0,0,0.237,0.301,0.532,0.833,581.3
62,Chris Taylor,LAD,LF,56,185,30,50,10,2,8,32,26,55,3,2,0.27,0.366,0.476,0.842,574
62,Keston Hiura,MIL,2B,59,217,30,46,4,0,13,32,16,85,3,2,0.212,0.297,0.41,0.707,574
64,Carlos Santana,CLE,1B,60,206,34,41,7,0,8,30,47,43,0,0,0.199,0.349,0.35,0.699,573.8
65,Maikel Franco,KC,3B,60,223,23,62,16,0,8,38,16,38,1,0,0.278,0.321,0.457,0.778,566.6
66,Franmil Reyes,CLE,RF,59,211,27,58,10,0,9,34,24,69,0,0,0.275,0.344,0.45,0.794,565.4
67,Kevin Pillar,COL,CF,54,208,34,60,12,3,6,26,13,41,5,2,0.288,0.336,0.462,0.798,562.8
68,J.T. Realmuto,PHI,C,47,173,33,46,6,0,11,32,16,48,4,1,0.266,0.349,0.491,0.84,562.6
69,Wilmer Flores,SF,2B,55,198,30,53,11,1,12,32,13,36,1,0,0.268,0.315,0.515,0.83,562
70,Brandon Nimmo,NYM,CF,55,186,33,52,8,3,8,18,33,43,1,2,0.28,0.404,0.484,0.888,561.6
71,Paul Goldschmidt,STL,1B,58,191,31,58,13,0,6,21,37,43,1,0,0.304,0.417,0.466,0.883,559.7
72,Anthony Rizzo,CHC,1B,58,203,26,45,6,0,11,24,28,38,3,1,0.222,0.342,0.414,0.756,551.2
73,Renato Núñez,BAL,1B,52,195,29,50,10,0,12,31,17,64,0,0,0.256,0.324,0.492,0.816,549.3
74,Willson Contreras,CHC,C,57,189,37,46,10,0,7,26,20,57,1,2,0.243,0.356,0.407,0.763,548.4
75,Jesús Aguilar,MIA,1B,51,188,31,52,10,0,8,34,23,40,0,1,0.277,0.352,0.457,0.809,548.2
76,Miguel Cabrera,DET,1B,57,204,28,51,4,0,10,35,24,51,1,0,0.25,0.329,0.417,0.746,548.1
77,Jeimer Candelario,DET,3B,52,185,30,55,11,3,7,29,20,49,1,1,0.297,0.369,0.503,0.872,545.5
78,Cesar Hernández,CLE,2B,58,233,35,66,20,0,3,20,24,57,0,0,0.283,0.355,0.408,0.763,545
79,Tommy La Stella,OAK,2B,55,196,31,55,14,2,5,25,27,12,1,0,0.281,0.37,0.449,0.819,543.7
80,Jackie Bradley Jr.,BOS,CF,55,191,32,54,11,0,7,22,23,48,5,2,0.283,0.364,0.45,0.814,542.4
81,Joey Votto,CIN,1B,54,186,32,42,8,0,11,22,37,43,0,0,0.226,0.354,0.446,0.8,539.4
82,Brandon Belt,SF,1B,51,149,25,46,13,1,9,30,30,36,0,0,0.309,0.425,0.591,1.016,539
82,Rhys Hoskins,PHI,1B,41,151,35,37,9,0,10,26,29,43,1,0,0.245,0.384,0.503,0.887,539
84,Alex Verdugo,BOS,CF,53,201,36,62,16,0,6,15,17,45,4,0,0.308,0.367,0.478,0.845,536.7
85,Aaron Hicks,NYY,CF,54,169,28,38,10,2,6,21,41,38,4,1,0.225,0.379,0.414,0.793,523.1
86,Robbie Grossman,OAK,LF,51,166,23,40,12,2,8,23,21,38,8,1,0.241,0.344,0.482,0.826,520.1
87,Jesse Winker,CIN,LF,54,149,27,38,7,0,12,23,28,46,1,0,0.255,0.388,0.544,0.932,514.9
88,Nick Ahmed,ARI,SS,57,199,29,53,10,1,5,29,18,46,4,0,0.266,0.327,0.402,0.729,512.3
88,Willy Adames,TB,SS,54,185,29,48,15,1,8,23,20,74,2,1,0.259,0.332,0.481,0.813,512.3
90,Miguel Sanó,MIN,3B,53,186,31,38,12,0,13,25,18,90,0,0,0.204,0.278,0.478,0.756,510.7
91,J.P. Crawford,SEA,SS,53,204,33,52,7,2,2,24,23,39,6,3,0.255,0.336,0.338,0.674,510.6
92,Kyle Schwarber,CHC,LF,59,191,30,36,6,0,11,24,30,66,1,0,0.188,0.308,0.393,0.701,510
93,Jurickson Profar,SD,2B,56,180,28,50,6,0,7,25,15,28,7,1,0.278,0.343,0.428,0.771,507.1
94,Marcus Semien,OAK,SS,53,211,28,47,9,1,7,23,25,50,4,0,0.223,0.305,0.374,0.679,506.1
95,Jean Segura,PHI,SS,54,192,28,51,5,2,7,25,23,45,2,2,0.266,0.347,0.422,0.769,504.1
96,Travis D'Arnaud,ATL,C,44,165,19,53,8,0,9,34,16,50,1,0,0.321,0.386,0.533,0.919,503.8
97,Alex Dickerson,SF,LF,52,151,28,45,10,1,10,27,16,30,0,0,0.298,0.371,0.576,0.947,499.1
98,David Fletcher,LAA,3B,49,207,31,66,13,0,3,18,20,25,2,1,0.319,0.376,0.425,0.801,498.2
99,Ramón Laureano,OAK,CF,54,183,27,39,8,1,6,25,24,58,2,1,0.213,0.338,0.366,0.704,494.9
100,Joey Gallo,TEX,CF,57,193,23,35,8,0,10,26,29,79,2,0,0.181,0.301,0.378,0.679,494.6
101,Asdrúbal Cabrera,WSH,3B,52,190,23,46,9,3,8,31,19,40,0,0,0.242,0.305,0.447,0.752,494.1
102,Yoán Moncada,CHW,3B,52,200,28,45,8,3,6,24,28,72,0,0,0.225,0.32,0.385,0.705,491.6
103,Hanser Alberto,BAL,2B,54,219,35,62,15,0,3,22,5,30,3,0,0.283,0.306,0.393,0.699,489
104,J.D. Martinez,BOS,LF,54,211,22,45,16,0,7,27,22,59,1,0,0.213,0.291,0.389,0.68,488.9
105,David Peralta,ARI,LF,54,203,19,61,10,1,5,34,13,45,1,0,0.3,0.339,0.433,0.772,488.8
105,Anthony Santander,BAL,LF,37,153,24,40,13,1,11,32,10,25,0,1,0.261,0.315,0.575,0.89,488.8
107,Salvador Perez,KC,C,37,150,22,50,12,0,11,32,3,36,1,0,0.333,0.353,0.633,0.986,488.4
108,Robinson Canó,NYM,2B,49,171,23,54,9,0,10,30,9,24,0,0,0.316,0.352,0.544,0.896,487.6
109,Rio Ruiz,BAL,3B,54,185,25,41,11,0,9,32,17,46,1,2,0.222,0.286,0.427,0.713,486
110,J.D. Davis,NYM,3B,56,190,26,47,9,0,6,19,31,56,0,0,0.247,0.371,0.389,0.76,485.7
111,Colin Moran,PIT,3B,52,178,28,44,10,0,10,23,19,52,0,0,0.247,0.325,0.472,0.797,485.1
112,Nick Solak,TEX,2B,58,209,27,56,10,0,2,23,18,42,7,1,0.268,0.326,0.344,0.67,484.9
113,Dylan Moore,SEA,SS,38,137,26,35,9,0,8,17,14,43,12,5,0.255,0.358,0.496,0.854,484.7
114,Brandon Crawford,SF,SS,54,172,26,44,12,0,8,28,15,47,1,2,0.256,0.326,0.465,0.791,484.2
115,Tommy Edman,STL,SS,55,204,29,51,7,1,5,26,16,48,2,4,0.25,0.317,0.368,0.685,483.8
116,Max Kepler,MIN,RF,48,171,27,39,9,0,9,23,22,36,3,0,0.228,0.321,0.439,0.76,481.9
117,Eric Hosmer,SD,1B,40,143,23,41,6,0,9,36,9,28,4,0,0.287,0.333,0.517,0.85,478.6
118,Yasmani Grandal,CHW,C,46,161,27,37,7,0,8,27,30,58,0,0,0.23,0.351,0.422,0.773,477.9
119,Jake Cronenworth,SD,SS,54,172,26,49,15,3,4,20,18,30,3,1,0.285,0.354,0.477,0.831,474.2
120,Donovan Solano,SF,SS,54,190,22,62,15,1,3,29,10,39,0,0,0.326,0.365,0.463,0.828,471.9
121,Clint Frazier,NYY,RF,39,131,24,35,6,1,8,26,25,44,3,0,0.267,0.394,0.511,0.905,470.8
122,Gio Urshela,NYY,3B,43,151,24,45,11,0,6,30,18,25,1,0,0.298,0.37,0.49,0.86,466.8
123,Evan Longoria,SF,3B,53,193,26,49,10,1,7,28,11,39,0,1,0.254,0.297,0.425,0.722,466.2
124,Austin Nola,SD,C,48,161,24,44,9,1,7,28,18,34,0,0,0.273,0.353,0.472,0.825,465.8
125,Victor Reyes,DET,LF,57,202,30,56,7,2,4,14,9,45,8,2,0.277,0.315,0.391,0.706,463
126,Javier Baez,CHC,SS,59,222,27,45,9,1,8,24,7,75,3,0,0.203,0.238,0.36,0.598,461.4
127,Raimel Tapia,COL,LF,51,184,26,59,8,2,1,17,14,38,8,2,0.321,0.369,0.402,0.771,460.7
128,Christian Vázquez,BOS,C,47,173,22,49,9,0,7,23,16,43,4,3,0.283,0.344,0.457,0.801,459.9
129,Michael Brantley,HOU,LF,46,170,24,51,15,0,5,22,17,28,2,0,0.3,0.364,0.476,0.84,459.8
130,Jeff McNeil,NYM,LF,52,183,19,57,14,0,4,23,20,24,0,2,0.311,0.383,0.454,0.837,459.3
131,Austin Riley,ATL,LF,51,188,24,45,7,1,8,27,16,49,0,0,0.239,0.301,0.415,0.716,456.3
132,Isiah Kiner-Falefa,TEX,3B,59,211,28,59,4,3,3,10,14,32,8,5,0.28,0.329,0.37,0.699,454.6
133,Jason Heyward,CHC,RF,50,147,20,39,6,2,6,22,30,37,2,0,0.265,0.392,0.456,0.848,450
134,Justin Turner,LAD,3B,42,150,26,46,9,1,4,23,18,26,1,0,0.307,0.4,0.46,0.86,448.7
135,Yuli Gurriel,HOU,1B,57,211,27,49,12,1,6,22,12,27,0,1,0.232,0.274,0.384,0.658,448.4
136,Joey Wendle,TB,2B,50,168,24,48,9,2,4,17,10,35,8,2,0.286,0.342,0.435,0.777,448.3
136,Alec Bohm,PHI,3B,44,160,24,54,11,0,4,23,16,36,1,1,0.338,0.4,0.481,0.881,448.3
138,Nolan Arenado,COL,3B,48,182,23,46,9,0,8,26,15,20,0,0,0.253,0.303,0.434,0.737,446.6
139,Carlos Correa,HOU,SS,58,201,22,53,9,0,5,25,16,49,0,0,0.264,0.326,0.383,0.709,445.9
140,Mitch Moreland,SD,1B,42,136,22,36,9,0,10,29,15,32,0,0,0.265,0.342,0.551,0.893,444.9
140,Adam Frazier,PIT,2B,58,209,22,48,7,0,7,23,17,35,1,3,0.23,0.297,0.364,0.661,444.9
142,Ryan McMahon,COL,2B,52,172,23,37,6,1,9,26,18,66,0,1,0.215,0.295,0.419,0.714,440.6
143,Yoshitomo Tsutsugo,TB,LF,51,157,27,31,5,1,8,24,26,50,0,0,0.197,0.314,0.395,0.709,437.4
144,Brad Miller,STL,3B,48,142,21,33,8,1,7,25,25,46,1,0,0.232,0.357,0.451,0.808,436.7
145,Shohei Ohtani,LAA,DH,46,153,23,29,6,0,7,24,22,50,7,1,0.19,0.291,0.366,0.657,433.6
146,Josh Bell,PIT,1B,57,195,22,44,3,0,8,22,22,59,0,0,0.226,0.305,0.364,0.669,432.4
147,Jonathan Schoop,DET,2B,44,162,26,45,4,2,8,23,8,39,0,0,0.278,0.324,0.475,0.799,430.7
148,Josh Reddick,HOU,RF,56,188,22,46,11,1,4,23,20,42,1,0,0.245,0.316,0.378,0.694,429.9
149,José Altuve,HOU,2B,48,192,32,42,9,0,5,18,17,39,2,3,0.219,0.286,0.344,0.63,429.4
150,Hunter Dozier,KC,3B,44,158,29,36,4,2,6,12,27,48,4,0,0.228,0.344,0.392,0.736,428.8
151,Will Smith,LAD,C,37,114,23,33,9,0,8,25,20,22,0,0,0.289,0.401,0.579,0.98,425.1
152,Jorge Polanco,MIN,SS,55,209,22,54,8,0,4,19,13,35,4,2,0.258,0.304,0.354,0.658,424.9
153,Corey Dickerson,MIA,LF,52,194,25,50,5,1,7,17,15,35,1,1,0.258,0.311,0.402,0.713,424.5
154,Alex Bregman,HOU,3B,42,153,19,37,12,1,6,22,24,26,0,0,0.242,0.35,0.451,0.801,422.8
155,Kolten Wong,STL,2B,53,181,26,48,4,2,1,16,20,30,5,2,0.265,0.35,0.326,0.676,418.2
156,Orlando Arcia,MIL,SS,59,173,22,45,10,1,5,20,14,32,2,0,0.26,0.317,0.416,0.733,413.4
157,Bryan Reynolds,PIT,LF,55,185,24,35,6,2,7,19,21,57,1,1,0.189,0.275,0.357,0.632,413.3
158,Matt Chapman,OAK,3B,37,142,22,33,9,2,10,25,8,54,0,0,0.232,0.276,0.535,0.811,412.9
159,Jonathan Villar,TOR,2B,52,185,13,43,5,0,2,15,19,54,16,5,0.232,0.301,0.292,0.593,409.1
160,Miguel Rojas,MIA,SS,40,125,20,38,10,1,4,20,16,18,5,1,0.304,0.392,0.496,0.888,404
161,Evan White,SEA,1B,54,182,19,32,7,0,8,26,18,84,1,2,0.176,0.252,0.346,0.598,403.8
162,Mike Moustakas,CIN,2B,44,139,13,32,9,0,8,27,18,36,1,0,0.23,0.331,0.468,0.799,403.1
163,Jorge Soler,KC,RF,43,149,17,34,8,0,8,24,19,60,0,0,0.228,0.326,0.443,0.769,402.4
164,Eduardo Escobar,ARI,3B,54,203,22,43,7,3,4,20,15,41,1,0,0.212,0.27,0.335,0.605,401.4
165,Byron Buxton,MIN,CF,39,130,19,33,3,0,13,27,2,36,2,1,0.254,0.267,0.577,0.844,401.3
166,Brian Goodwin,CIN,LF,50,144,17,31,9,1,6,22,17,54,5,0,0.215,0.299,0.417,0.716,395.4
167,José Iglesias,BAL,SS,39,142,16,53,17,0,3,24,3,17,0,0,0.373,0.4,0.556,0.956,393.2
168,Kevin Kiermaier,TB,CF,49,138,16,30,5,3,3,22,20,42,8,1,0.217,0.321,0.362,0.683,389.2
169,Willi Castro,DET,SS,36,129,21,45,4,2,6,24,7,38,0,1,0.349,0.381,0.55,0.931,388.2
170,Martín Maldonado,HOU,C,47,135,19,29,4,0,6,24,27,51,1,0,0.215,0.35,0.378,0.728,387.8
171,Garrett Hampson,COL,2B,53,167,25,39,4,3,5,11,13,60,6,1,0.234,0.287,0.383,0.67,385.5
172,Gary Sánchez,NYY,C,49,156,19,23,4,0,10,24,18,64,0,0,0.147,0.253,0.365,0.618,381.8
173,Ketel Marte,ARI,2B,45,181,19,52,14,1,2,17,7,21,1,0,0.287,0.323,0.409,0.732,381.3
173,Ty France,SEA,3B,43,141,19,43,9,1,4,23,11,37,0,0,0.305,0.368,0.468,0.836,381.3
175,Justin Upton,LAA,LF,42,147,20,30,5,0,9,22,11,43,0,2,0.204,0.289,0.422,0.711,381
176,Stephen Piscotty,OAK,RF,45,159,17,36,6,0,5,29,9,53,4,0,0.226,0.271,0.358,0.629,380.9
177,Avisaíl García,MIL,RF,53,181,20,43,10,0,2,15,20,49,1,3,0.238,0.333,0.326,0.659,377.5
178,Mauricio Dubón,SF,SS,54,157,21,43,4,1,4,19,15,36,2,3,0.274,0.337,0.389,0.726,376.7
179,Jon Berti,MIA,3B,39,120,21,31,5,0,2,14,23,37,9,2,0.258,0.388,0.35,0.738,374.2
180,Matt Carpenter,STL,3B,50,140,22,26,6,0,4,24,23,48,0,0,0.186,0.325,0.314,0.639,373.4
181,Niko Goodrum,DET,3B,43,158,15,29,7,1,5,20,18,69,7,1,0.184,0.263,0.335,0.598,373
182,David Bote,CHC,3B,45,125,15,25,3,1,7,29,17,40,2,0,0.2,0.303,0.408,0.711,371.5
183,Pedro Severino,BAL,C,48,160,17,40,5,1,5,21,16,40,1,0,0.25,0.322,0.388,0.71,370.9
184,Adam Eaton,WSH,RF,41,159,22,36,11,1,4,17,12,32,3,0,0.226,0.285,0.384,0.669,369.9
185,Brett Gardner,NYY,CF,49,130,20,29,5,1,5,15,26,35,3,3,0.223,0.354,0.392,0.746,368.5
186,Edwin Encarnación,CHW,DH,44,159,19,25,5,0,10,19,16,54,0,0,0.157,0.25,0.377,0.627,367.3
187,Bo Bichette,TOR,SS,30,123,18,37,9,1,5,23,5,27,4,1,0.301,0.328,0.512,0.84,366.1
188,Rowdy Tellez,TOR,1B,35,113,20,32,5,0,8,23,11,20,0,1,0.283,0.346,0.54,0.886,363.5
189,Manuel Margot,TB,CF,47,145,19,39,9,0,1,11,13,25,12,4,0.269,0.327,0.352,0.679,363.3
190,Travis Shaw,TOR,3B,50,163,17,39,10,0,6,17,16,50,0,0,0.239,0.306,0.411,0.717,362.9
191,Jared Walsh,LAA,1B,32,99,19,29,4,2,9,26,5,15,0,0,0.293,0.324,0.646,0.97,361.8
192,Paul DeJong,STL,SS,45,152,17,38,6,0,3,25,17,50,1,0,0.25,0.322,0.349,0.671,360.9
193,Ryan Braun,MIL,LF,39,129,14,30,7,1,8,26,7,27,1,0,0.233,0.281,0.488,0.769,357.8
193,Pat Valaika,BAL,3B,52,141,24,39,4,0,8,16,8,34,0,2,0.277,0.315,0.475,0.79,357.8
195,Aaron Judge,NYY,RF,28,101,23,26,3,0,9,22,10,32,0,1,0.257,0.336,0.554,0.89,354.6
196,Victor Robles,WSH,CF,52,168,20,37,5,1,3,15,9,53,4,2,0.22,0.293,0.315,0.608,353.5
197,Marwin Gonzalez,MIN,3B,53,175,15,37,4,0,5,22,17,41,0,0,0.211,0.286,0.32,0.606,353
197,Garrett Cooper,MIA,RF,34,120,20,34,8,0,6,20,11,31,0,0,0.283,0.353,0.5,0.853,353
199,Tyler O'Neill,STL,LF,50,139,20,24,5,0,7,19,15,43,3,1,0.173,0.261,0.36,0.621,349.5
200,Rougned Odor,TEX,2B,38,138,15,23,4,0,10,30,7,47,0,1,0.167,0.209,0.413,0.622,348
201,Sean Murphy,OAK,C,43,116,21,27,5,0,7,14,24,37,0,0,0.233,0.364,0.457,0.821,347.2
202,Erik González,PIT,SS,50,181,14,41,13,1,3,20,8,51,2,3,0.227,0.255,0.359,0.614,345.8
203,Albert Pujols,LAA,1B,39,152,15,34,8,0,6,25,9,25,0,0,0.224,0.27,0.395,0.665,345.5
204,Jedd Gyorko,MIL,3B,43,117,19,29,3,0,9,17,15,38,0,0,0.248,0.333,0.504,0.837,345.3
205,Freddy Galvis,CIN,SS,47,141,18,31,5,0,7,16,13,30,1,1,0.22,0.308,0.404,0.712,344.6
206,Shogo Akiyama,CIN,CF,54,155,16,38,6,1,0,9,25,34,7,4,0.245,0.357,0.297,0.654,343.7
207,Ryan Mountcastle,BAL,1B,35,126,12,42,5,0,5,23,11,30,0,1,0.333,0.386,0.492,0.878,340.9
208,Andrés Giménez,NYM,SS,49,118,22,31,3,2,3,12,7,28,8,1,0.263,0.333,0.398,0.731,340.4
209,Hunter Renfroe,TB,RF,42,122,18,19,5,0,8,22,14,37,2,0,0.156,0.252,0.393,0.645,338.6
210,Gleyber Torres,NYY,SS,42,136,17,33,8,0,3,16,22,28,1,0,0.243,0.356,0.368,0.724,338.4
211,Ozzie Albies,ATL,2B,29,118,21,32,5,0,6,19,5,30,3,1,0.271,0.306,0.466,0.772,334.7
212,Cedric Mullins,BAL,CF,48,140,16,38,4,3,3,12,8,37,7,2,0.271,0.315,0.407,0.722,333.2
213,Michael Chavis,BOS,2B,42,146,16,31,5,2,5,19,8,50,3,0,0.212,0.259,0.377,0.636,330.7
214,Matt Kemp,COL,LF,43,117,18,28,3,0,6,21,15,41,1,0,0.239,0.326,0.419,0.745,329.1
215,Kike Hernández,LAD,2B,48,139,20,32,8,1,5,20,6,31,0,1,0.23,0.27,0.41,0.68,329
216,Danny Jansen,TOR,C,43,120,18,22,3,0,6,20,21,31,0,0,0.183,0.312,0.358,0.67,325.6
217,Gregory Polanco,PIT,RF,50,157,12,24,6,0,7,22,13,65,3,1,0.153,0.214,0.325,0.539,325.4
218,Todd Frazier,NYM,3B,45,157,16,37,9,1,4,12,11,42,1,1,0.236,0.302,0.382,0.684,324.2
219,Joc Pederson,LAD,RF,43,121,21,23,4,0,7,16,11,34,1,0,0.19,0.285,0.397,0.682,321.2
220,Austin Meadows,TB,LF,36,132,19,27,8,1,4,13,17,50,2,1,0.205,0.296,0.371,0.667,319.3
221,Harrison Bader,STL,CF,50,106,21,24,7,2,4,11,13,40,3,1,0.226,0.336,0.443,0.779,318.7
222,Ji-Man Choi,TB,1B,42,122,16,28,13,0,3,16,20,36,0,0,0.23,0.331,0.41,0.741,317.2
223,Leody Taveras,TEX,CF,33,119,20,27,6,1,4,6,14,43,8,0,0.227,0.308,0.395,0.703,316
224,James McCann,CHW,C,31,97,20,28,3,0,7,15,8,30,1,1,0.289,0.36,0.536,0.896,314.5
225,Tim Lopes,SEA,2B,46,143,16,34,12,0,2,15,6,34,5,0,0.238,0.278,0.364,0.642,313.7
226,Austin Slater,SF,RF,31,85,18,24,2,1,5,7,16,22,8,1,0.282,0.408,0.506,0.914,313.1
227,Shin-Soo Choo,TEX,LF,33,110,13,26,3,0,5,15,13,33,6,2,0.236,0.323,0.4,0.723,307.1
228,Daniel Vogelbach,MIL,1B,39,115,16,24,3,0,6,16,20,33,0,0,0.209,0.331,0.391,0.722,305.2
229,Ke'Bryan Hayes,PIT,3B,24,85,17,32,7,2,5,11,9,20,1,0,0.376,0.442,0.682,1.124,302.9
230,Alex Gordon,KC,LF,50,163,15,34,4,0,4,11,18,37,0,0,0.209,0.299,0.307,0.606,299.5
231,Jason Kipnis,CHC,2B,44,114,13,27,8,1,3,16,18,41,1,0,0.237,0.341,0.404,0.745,298.6
232,JaCoby Jones,DET,CF,30,97,19,26,9,0,5,14,7,34,1,1,0.268,0.333,0.515,0.848,295.8
233,Wilson Ramos,NYM,C,45,142,13,34,6,0,5,15,10,31,0,0,0.239,0.297,0.387,0.684,295.1
234,Yandy Díaz,TB,3B,34,114,16,35,3,0,2,11,23,17,0,0,0.307,0.428,0.386,0.814,293.7
235,Matt Joyce,MIA,RF,46,127,16,32,4,0,2,14,20,41,1,0,0.252,0.351,0.331,0.682,292.2
236,Jacob Stallings,PIT,C,42,125,13,31,7,0,3,18,15,40,0,0,0.248,0.326,0.376,0.702,290.6
237,Kurt Suzuki,WSH,C,33,111,15,30,8,0,2,17,11,19,1,0,0.27,0.349,0.396,0.745,290.5
238,Tyler Naquin,CLE,RF,40,133,15,29,8,1,4,20,5,40,0,1,0.218,0.248,0.383,0.631,289
239,Kris Bryant,CHC,3B,34,131,20,27,5,1,4,11,12,40,0,0,0.206,0.293,0.351,0.644,288.5
239,Nicky Lopez,KC,2B,56,169,15,34,8,0,1,13,18,41,0,5,0.201,0.286,0.266,0.552,288.5
241,Max Stassi,LAA,C,31,90,12,25,2,0,7,20,11,21,0,0,0.278,0.352,0.533,0.885,288.4
242,Amed Rosario,NYM,SS,46,143,20,36,3,1,4,15,4,34,0,1,0.252,0.272,0.371,0.643,287.5
243,Nick Markakis,ATL,RF,37,130,15,33,15,0,1,15,10,23,0,1,0.254,0.312,0.392,0.704,286.5
244,Luis Garcia,WSH,SS,40,134,18,37,6,0,2,16,5,29,1,1,0.276,0.302,0.366,0.668,281.6
245,Austin Hays,BAL,RF,33,122,20,34,2,0,4,9,8,25,2,3,0.279,0.328,0.393,0.721,281.5
246,Darin Ruf,SF,1B,40,87,11,24,6,0,5,18,13,23,1,0,0.276,0.37,0.517,0.887,278.2
247,Bobby Dalbec,BOS,3B,23,80,13,21,3,0,8,16,10,39,0,0,0.262,0.359,0.6,0.959,277.6
248,Yadier Molina,STL,C,42,145,12,38,2,0,4,16,6,21,0,0,0.262,0.303,0.359,0.662,277.4
249,DJ Stewart,BAL,RF,31,88,13,17,2,0,7,15,20,38,0,0,0.193,0.349,0.455,0.804,277.1
250,Mike Tauchman,NYY,CF,43,95,18,23,6,0,0,14,14,26,6,0,0.242,0.342,0.305,0.647,274.6
251,Yan Gomes,WSH,C,30,109,14,31,6,1,4,13,6,22,1,0,0.284,0.319,0.468,0.787,270.3
252,Tommy Pham,SD,LF,31,109,13,23,2,0,3,12,15,27,6,0,0.211,0.312,0.312,0.624,269.6
253,Mike Brosseau,TB,2B,37,86,12,26,5,1,5,12,8,31,2,0,0.302,0.378,0.558,0.936,269.4
254,Jake Cave,MIN,RF,42,113,17,25,3,2,4,15,5,44,0,2,0.221,0.285,0.389,0.674,268.9
255,Randy Arozarena,TB,LF,23,64,15,18,2,0,7,11,6,22,4,0,0.281,0.382,0.641,1.023,266.5
256,Edwin Ríos,LAD,3B,32,76,13,19,6,0,8,17,4,18,0,0,0.25,0.301,0.645,0.946,266.1
257,Roman Quinn,PHI,CF,41,108,14,23,3,1,2,7,5,39,12,0,0.213,0.261,0.315,0.576,264.3
258,Carson Kelly,ARI,C,39,122,11,27,5,0,5,19,6,29,0,0,0.221,0.264,0.385,0.649,263.7
259,Justin Smoak,SF,1B,36,119,14,21,7,0,5,15,10,42,0,0,0.176,0.25,0.361,0.611,262.3
260,Andrelton Simmons,LAA,SS,30,118,19,35,7,0,0,10,8,16,2,0,0.297,0.346,0.356,0.702,260.8
261,Sam Hilliard,COL,RF,36,105,13,22,2,2,6,10,9,42,3,0,0.21,0.272,0.438,0.71,259.6
262,José Marmolejos,SEA,1B,35,107,12,22,4,0,6,18,7,32,0,1,0.206,0.261,0.411,0.672,257.4
263,Josh Donaldson,MIN,3B,28,81,14,18,2,0,6,11,18,24,0,0,0.222,0.373,0.469,0.842,257.3
264,Luis Arraez,MIN,2B,32,112,16,36,9,0,0,13,8,11,0,0,0.321,0.364,0.402,0.766,255.7
265,Daulton Varsho,ARI,C,37,101,16,19,5,2,3,9,12,33,3,1,0.188,0.287,0.366,0.653,253.7
266,Ben Gamel,MIL,RF,40,114,13,27,8,1,3,10,13,39,0,2,0.237,0.315,0.404,0.719,253.6
267,Nico Hoerner,CHC,SS,48,108,19,24,4,0,0,13,12,24,3,2,0.222,0.312,0.259,0.571,253.3
268,Joe Panik,TOR,2B,41,120,18,27,6,0,1,7,20,27,0,0,0.225,0.34,0.3,0.64,253.1
268,Nomar Mazara,CHW,RF,42,136,13,31,6,0,1,15,10,44,0,1,0.228,0.295,0.294,0.589,253.1
270,Chance Sisco,BAL,C,36,98,11,21,4,0,4,10,17,41,0,0,0.214,0.364,0.378,0.742,250.2
271,Victor Caratini,CHC,C,44,116,10,28,7,0,1,16,12,31,0,1,0.241,0.333,0.328,0.661,250
272,Josh Fuentes,COL,3B,30,98,14,30,7,0,2,17,2,29,1,0,0.306,0.32,0.439,0.759,248.3
273,Eric Thames,WSH,1B,41,123,10,25,5,0,3,12,14,42,1,0,0.203,0.3,0.317,0.617,248
274,Giancarlo Stanton,NYY,DH,23,76,12,19,7,0,4,11,15,27,1,1,0.25,0.387,0.5,0.887,247.9
275,Lewis Brinson,MIA,CF,47,106,14,24,6,0,3,12,6,30,4,0,0.226,0.268,0.368,0.636,245.8
275,Tyler Wade,NYY,SS,52,88,19,15,3,0,3,10,12,22,4,1,0.17,0.288,0.307,0.595,245.8
277,Kevin Newman,PIT,SS,44,156,12,35,5,0,1,10,12,21,0,2,0.224,0.281,0.276,0.557,241.4
277,Ryan O'Hearn,KC,1B,42,113,7,22,6,0,2,18,18,37,0,0,0.195,0.303,0.301,0.604,241.4
279,Dexter Fowler,STL,RF,31,90,14,21,2,0,4,15,10,28,1,1,0.233,0.317,0.389,0.706,241.3
280,Dylan Carlson,STL,CF,35,110,11,22,7,1,3,16,8,35,1,1,0.2,0.252,0.364,0.616,241.2
281,Jay Bruce,PHI,LF,32,96,11,19,4,2,6,14,7,24,0,0,0.198,0.252,0.469,0.721,240.2
282,Curt Casali,CIN,C,31,76,10,17,3,0,6,8,14,29,2,0,0.224,0.366,0.5,0.866,237
283,Ender Inciarte,ATL,CF,46,116,17,22,2,1,1,10,12,25,4,1,0.19,0.262,0.25,0.512,236.4
284,Austin Romine,DET,C,37,130,12,31,5,0,2,17,4,47,0,0,0.238,0.259,0.323,0.582,235.9
285,Johan Camargo,ATL,3B,35,120,16,24,8,0,4,9,6,35,0,0,0.2,0.244,0.367,0.611,235.7
286,Daniel Murphy,COL,1B,40,123,10,29,3,0,3,16,7,21,0,0,0.236,0.275,0.333,0.608,232
287,Michael A. Taylor,WSH,CF,38,92,11,18,6,0,5,16,6,27,0,0,0.196,0.253,0.424,0.677,229.2
288,Tim Locastro,ARI,LF,33,69,15,20,4,1,2,7,8,14,4,0,0.29,0.395,0.464,0.859,228.5
289,Phil Gosselin,PHI,2B,39,92,14,23,5,0,3,12,10,27,0,0,0.25,0.324,0.402,0.726,227.8
290,Tucker Barnhart,CIN,C,38,98,10,20,3,0,5,13,12,28,0,0,0.204,0.291,0.388,0.679,227.5
291,Kevin Plawecki,BOS,C,24,82,8,28,5,1,1,17,5,14,1,0,0.341,0.393,0.463,0.856,226.1
292,Andrew Knapp,PHI,C,33,72,9,20,4,1,2,15,15,19,0,0,0.278,0.404,0.444,0.848,225.3
293,Adam Engel,CHW,CF,36,88,11,26,5,1,3,12,3,19,1,0,0.295,0.333,0.477,0.81,224.2
294,Jorge Alfaro,MIA,C,31,93,12,21,2,0,3,16,4,36,2,0,0.226,0.28,0.344,0.624,223.4
295,Shed Long Jr.,SEA,2B,34,117,10,20,5,0,3,9,11,37,4,0,0.171,0.242,0.291,0.533,222.5
296,Austin Barnes,LAD,C,29,86,14,21,3,0,1,9,13,24,3,1,0.244,0.353,0.314,0.667,220.3
297,Josh Harrison,WSH,2B,33,79,11,22,2,0,3,14,6,12,1,2,0.278,0.352,0.418,0.77,219.2
298,Tony Kemp,OAK,2B,49,93,15,23,5,0,0,4,15,14,3,1,0.247,0.363,0.301,0.664,218
299,Luis Urías,MIL,2B,41,109,11,26,4,1,0,11,10,32,2,2,0.239,0.308,0.294,0.602,214.7
300,José Peraza,BOS,SS,34,111,13,25,8,1,1,8,5,18,1,1,0.225,0.275,0.342,0.617,213.6
301,Taylor Ward,LAA,3B,34,94,16,26,6,2,0,5,8,28,2,0,0.277,0.333,0.383,0.716,212.7
302,Howie Kendrick,WSH,1B,25,91,11,25,4,0,2,14,7,17,0,0,0.275,0.32,0.385,0.705,210.2
303,Carter Kieboom,WSH,SS,33,99,15,20,1,0,0,9,17,33,0,1,0.202,0.344,0.212,0.556,208.5
304,Nick Madrigal,CHW,2B,29,103,8,35,3,0,0,11,4,7,2,1,0.34,0.376,0.369,0.745,208.1
305,Elvis Andrus,TEX,SS,29,103,11,20,5,0,3,7,8,15,3,1,0.194,0.252,0.33,0.582,203.7
306,Delino DeShields,CLE,CF,37,107,10,27,3,2,0,7,9,29,3,2,0.252,0.31,0.318,0.628,203.5
307,Omar Narváez,MIL,C,40,108,8,19,4,0,2,10,16,39,0,0,0.176,0.294,0.269,0.563,201.6
308,Cameron Maybin,CHC,LF,32,93,8,23,8,1,1,7,7,25,3,0,0.247,0.307,0.387,0.694,200.1
309,Eric Sogard,MIL,2B,43,115,10,24,5,0,1,10,11,20,0,0,0.209,0.281,0.278,0.559,199
310,Andrew Stevenson,WSH,CF,15,41,11,15,7,1,2,12,5,11,2,0,0.366,0.447,0.732,1.179,197.2
310,Danny Mendick,CHW,SS,33,107,11,26,4,1,3,6,6,25,0,1,0.243,0.281,0.383,0.664,197.2
312,Ryan McBroom,KC,1B,36,81,8,20,3,0,6,10,4,30,0,0,0.247,0.282,0.506,0.788,195.6
313,Ronald Guzmán,TEX,1B,26,78,10,19,1,1,4,9,7,24,1,0,0.244,0.314,0.436,0.75,195.5
313,Joey Bart,SF,C,33,103,15,24,5,2,0,7,3,41,0,0,0.233,0.288,0.32,0.608,195.5
315,Cole Tucker,PIT,SS,37,109,17,24,3,0,1,8,5,31,1,0,0.22,0.252,0.275,0.527,193.4
316,Nate Lowe,TB,1B,21,67,10,15,2,0,4,11,9,28,1,0,0.224,0.316,0.433,0.749,190.5
317,Jorge Bonifacio,DET,RF,30,86,8,19,3,0,2,17,5,26,0,0,0.221,0.277,0.326,0.603,190.1
318,Derek Dietrich,TEX,2B,25,61,9,12,1,0,5,8,9,21,1,1,0.197,0.347,0.459,0.806,188.8
319,Khris Davis,OAK,DH,30,85,9,17,5,0,2,10,10,26,0,0,0.2,0.303,0.329,0.632,186.8
320,Scott Kingery,PHI,3B,36,113,12,18,5,0,3,6,9,35,0,0,0.159,0.228,0.283,0.511,185.4
321,Edward Olivares,KC,CF,31,96,9,23,2,1,3,10,4,25,0,2,0.24,0.267,0.375,0.642,183.8
322,Jake Lamb,OAK,3B,31,88,7,17,5,0,3,10,8,25,0,1,0.193,0.283,0.352,0.635,183.4
323,Jason Castro,SD,C,27,80,8,15,9,0,2,9,12,33,0,0,0.188,0.293,0.375,0.668,183.1
324,Josh Naylor,CLE,LF,40,97,13,24,3,1,1,6,5,12,1,0,0.247,0.291,0.33,0.621,182.6
325,Anderson Tejeda,TEX,SS,23,75,7,19,4,1,3,8,2,30,4,1,0.253,0.273,0.453,0.726,182.4
326,Abraham Toro,HOU,3B,33,87,13,13,2,0,3,9,3,23,1,1,0.149,0.237,0.276,0.513,181.1
327,Jordan Luplow,CLE,RF,29,78,8,15,5,1,2,8,12,19,0,1,0.192,0.304,0.359,0.663,176.6
328,Jo Adell,LAA,CF,38,124,9,20,4,0,3,7,7,55,0,1,0.161,0.212,0.266,0.478,176.3
329,Adam Haseley,PHI,CF,40,79,7,22,5,0,0,13,7,17,0,0,0.278,0.348,0.342,0.69,175.9
330,José Martínez,CHC,1B,34,88,10,16,4,0,2,10,10,27,0,0,0.182,0.265,0.295,0.56,175
331,Jose Trevino,TEX,C,24,76,10,19,8,0,2,9,3,15,0,0,0.25,0.28,0.434,0.714,174.5
332,Brock Holt,WSH,2B,37,95,12,20,6,0,0,5,9,24,1,0,0.211,0.283,0.274,0.557,169.9
333,Brett Phillips,TB,RF,35,51,10,10,0,2,2,5,8,15,6,1,0.196,0.305,0.392,0.697,169.5
334,Mike Zunino,TB,C,28,75,8,11,4,0,4,10,6,37,0,0,0.147,0.238,0.36,0.598,168.6
335,Luis Guillorme,NYM,SS,30,57,6,19,6,0,0,9,10,17,2,0,0.333,0.426,0.439,0.865,167.7
336,Myles Straw,HOU,CF,33,82,8,17,4,0,0,8,4,22,6,2,0.207,0.244,0.256,0.5,164.6
337,Domingo Santana,CLE,LF,24,70,6,11,3,0,2,12,13,25,0,0,0.157,0.298,0.286,0.584,163.2
338,Luis Rengifo,LAA,2B,33,90,12,14,1,0,1,3,14,26,3,1,0.156,0.269,0.2,0.469,162.9
339,José Osuna,PIT,3B,26,78,6,16,3,0,4,11,4,16,0,1,0.205,0.244,0.397,0.641,162.7
340,Tony Wolters,COL,C,42,100,10,23,4,0,0,8,6,30,0,0,0.23,0.28,0.27,0.55,162
341,Francisco Cervelli,MIA,C,16,53,10,13,2,0,3,7,8,14,1,0,0.245,0.355,0.453,0.808,161.5
342,Nick Senzel,CIN,CF,24,70,8,13,6,0,2,8,6,15,2,1,0.186,0.247,0.357,0.604,158.6
343,Ehire Adrianza,MIN,3B,44,89,10,17,7,0,0,3,11,23,1,0,0.191,0.287,0.27,0.557,156.5
344,C.J. Cron,DET,1B,13,42,9,8,3,0,4,8,9,16,0,0,0.19,0.346,0.548,0.894,155.8
345,Jacob Nottingham,MIL,C,20,48,8,9,1,0,4,13,5,20,0,0,0.188,0.278,0.458,0.736,155.1
346,Isaac Paredes,DET,3B,34,100,7,22,4,0,1,6,8,24,0,0,0.22,0.278,0.29,0.568,154.4
347,Christin Stewart,DET,LF,36,90,6,15,3,0,3,9,5,30,0,0,0.167,0.224,0.3,0.524,152.7
348,Michael Perez,TB,C,38,84,7,14,3,0,1,13,7,27,0,0,0.167,0.237,0.238,0.475,151.9
349,Chadwick Tromp,SF,C,24,61,11,13,1,0,4,10,1,20,0,0,0.213,0.219,0.426,0.645,151.2
350,Willie Calhoun,TEX,LF,29,100,3,19,2,1,1,13,5,17,0,0,0.19,0.231,0.26,0.491,151.1
351,David Dahl,COL,LF,24,93,9,17,2,2,0,9,4,28,1,0,0.183,0.222,0.247,0.469,150.3
352,Jonathan Arauz,BOS,SS,25,72,8,18,2,0,1,9,8,21,0,0,0.25,0.325,0.319,0.644,150.1
353,Dwight Smith Jr.,BAL,LF,21,63,9,14,3,0,2,6,7,19,1,0,0.222,0.306,0.365,0.671,148.8
354,Gavin Lux,LAD,2B,19,63,8,11,2,0,3,8,6,19,1,0,0.175,0.246,0.349,0.595,143.6
355,Mike Ford,NYY,1B,29,74,5,10,4,0,2,11,7,16,0,0,0.135,0.226,0.27,0.496,141.5
356,Magneuris Sierra,MIA,CF,19,44,8,11,3,1,0,7,5,9,4,1,0.25,0.333,0.364,0.697,140.1
357,Sam Haggerty,SEA,2B,13,50,7,13,4,0,1,6,4,16,4,0,0.26,0.315,0.4,0.715,139.4
358,Phillip Ervin,SEA,RF,37,74,10,11,3,0,0,4,14,22,1,0,0.149,0.292,0.189,0.481,139
359,Roberto Pérez,CLE,C,32,97,6,16,2,0,1,5,11,38,0,0,0.165,0.264,0.216,0.48,138.7
359,Andrew Velazquez,BAL,3B,40,63,11,10,1,1,0,3,10,23,4,2,0.159,0.274,0.206,0.48,138.7
361,Tyler Flowers,ATL,C,22,69,5,15,6,0,1,5,8,34,0,0,0.217,0.325,0.348,0.673,138.5
362,Jeff Mathis,TEX,C,24,62,6,10,1,1,3,9,5,24,1,0,0.161,0.221,0.355,0.576,137.7
363,Leury García,CHW,CF,16,59,6,16,1,0,3,8,4,9,0,0,0.271,0.317,0.441,0.758,137.2
364,Josh VanMeter,ARI,LF,26,70,9,9,3,0,2,6,7,24,1,0,0.129,0.228,0.257,0.485,136.8
365,Luis Torrens,SEA,C,25,70,5,18,5,0,1,6,7,15,0,0,0.257,0.325,0.371,0.696,136
366,Dee Gordon,SEA,2B,33,75,12,15,1,0,0,3,5,13,3,2,0.2,0.268,0.213,0.481,135.9
367,Jace Peterson,MIL,2B,26,45,6,9,1,0,2,5,15,20,1,0,0.2,0.393,0.356,0.749,135.7
368,Chad Pinder,OAK,LF,24,56,8,13,3,0,2,8,5,13,0,0,0.232,0.295,0.393,0.688,134.6
369,Aledmys Díaz,HOU,2B,17,58,8,14,5,0,3,6,1,12,0,0,0.241,0.254,0.483,0.737,133.6
370,Ryan Jeffers,MIN,C,26,55,5,15,0,0,3,7,5,19,0,0,0.273,0.355,0.436,0.791,133.5
371,Austin Hedges,CLE,C,35,69,7,10,1,0,3,6,6,23,1,1,0.145,0.231,0.29,0.521,133.4
372,Anthony Bemboom,LAA,C,21,48,9,10,1,0,3,5,7,13,0,1,0.208,0.328,0.417,0.745,133.3
373,Starlin Castro,WSH,2B,16,60,9,16,3,1,2,4,3,13,0,0,0.267,0.302,0.45,0.752,132.8
374,Kyle Higashioka,NYY,C,16,48,7,12,1,0,4,10,0,11,0,0,0.25,0.25,0.521,0.771,132.4
375,Elias Díaz,COL,C,26,68,4,16,2,0,2,9,5,15,0,0,0.235,0.288,0.353,0.641,131.3
376,Santiago Espinal,TOR,SS,27,60,10,16,4,0,0,6,4,16,1,0,0.267,0.308,0.333,0.641,131
377,Jazz Chisholm,MIA,SS,21,56,8,9,1,1,2,6,5,19,2,2,0.161,0.242,0.321,0.563,130.6
378,Pablo Sandoval,ATL,3B,34,84,5,18,1,0,1,6,8,19,0,0,0.214,0.287,0.262,0.549,130
379,Greg Garcia,SD,2B,35,60,6,12,3,0,0,11,7,18,1,0,0.2,0.279,0.25,0.529,129.7
380,Cam Gallagher,KC,C,25,53,10,15,5,0,1,3,6,11,0,1,0.283,0.356,0.434,0.79,129.5
381,Christian Arroyo,BOS,3B,15,50,7,12,1,0,3,8,4,11,0,0,0.24,0.296,0.44,0.736,128.4
381,Aristides Aquino,CIN,RF,23,47,7,8,1,0,2,8,6,18,1,0,0.17,0.304,0.319,0.623,128.4
383,Stephen Vogt,ARI,C,26,72,6,12,5,0,1,7,8,18,0,0,0.167,0.247,0.278,0.525,127.7
384,Jarrod Dyson,CHW,CF,32,61,9,11,0,0,0,5,4,11,6,0,0.18,0.231,0.18,0.411,127.3
385,Phillip Evans,PIT,3B,11,39,6,14,2,0,1,9,5,7,0,1,0.359,0.444,0.487,0.931,125.7
386,Mitch Garver,MIN,C,23,72,8,12,1,0,2,5,7,37,0,0,0.167,0.247,0.264,0.511,124.1
387,Danny Santana,TEX,CF,15,55,6,8,4,0,1,7,7,24,2,0,0.145,0.238,0.273,0.511,121.7
388,Monte Harrison,MIA,CF,32,47,8,8,1,0,1,3,4,26,6,0,0.17,0.235,0.255,0.49,120.1
389,Sandy León,CLE,C,25,66,4,9,1,0,2,4,14,21,0,0,0.136,0.296,0.242,0.538,119.8
390,Oscar Mercado,CLE,RF,36,86,6,11,1,0,1,6,5,27,3,0,0.128,0.174,0.174,0.348,118.2
391,Grayson Greiner,DET,C,18,51,8,6,2,0,3,8,3,20,0,0,0.118,0.182,0.333,0.515,116.6
392,Franchy Cordero,KC,CF,16,38,7,8,3,0,2,7,4,4,1,0,0.211,0.286,0.447,0.733,115.9
393,Chris Owings,COL,2B,17,41,9,11,1,0,2,5,3,11,1,0,0.268,0.318,0.439,0.757,115.3
394,Yairo Muñoz,BOS,2B,12,45,6,15,5,0,1,4,0,11,2,0,0.333,0.333,0.511,0.844,114.2
395,Robinson Chirinos,NYM,C,26,74,4,12,3,0,1,7,6,21,0,0,0.162,0.232,0.243,0.475,112.3
396,Matt Davidson,CIN,1B,22,43,3,7,1,0,3,11,4,13,0,0,0.163,0.234,0.395,0.629,111.1
397,Kyle Farmer,CIN,2B,32,64,4,17,3,0,0,4,5,13,1,0,0.266,0.329,0.312,0.641,110.8
398,Scott Heineman,TEX,CF,24,52,6,8,3,0,1,7,2,11,3,0,0.154,0.185,0.269,0.454,109.7
399,Matt Beaty,LAD,1B,21,50,8,11,1,0,2,5,2,14,0,0,0.22,0.278,0.36,0.638,109.1
400,Miguel Andújar,NYY,3B,21,62,5,15,2,1,1,5,3,9,0,0,0.242,0.277,0.355,0.632,108.5
401,Harold Castro,DET,3B,22,49,6,17,4,0,0,3,5,11,0,0,0.347,0.407,0.429,0.836,107.7
402,Alex Avila,MIN,C,23,49,6,9,2,0,1,2,11,22,0,0,0.184,0.355,0.286,0.641,107.2
403,Tyrone Taylor,MIL,RF,22,38,6,9,4,0,2,6,2,8,0,0,0.237,0.293,0.5,0.793,106.2
404,Sam Huff,TEX,C,10,31,5,11,3,0,3,4,2,11,0,0,0.355,0.394,0.742,1.136,105
405,Vimael Machín,OAK,2B,24,63,11,13,2,0,0,0,8,10,0,0,0.206,0.296,0.238,0.534,104.2
406,Anthony Alford,PIT,CF,18,28,5,6,0,1,2,7,1,8,3,0,0.214,0.241,0.5,0.741,103.5
406,Derek Fisher,TOR,LF,16,31,5,7,2,1,1,7,7,11,0,1,0.226,0.359,0.452,0.811,103.5
408,Pavin Smith,ARI,1B,12,37,7,10,0,1,1,4,5,8,1,0,0.27,0.341,0.405,0.746,102.4
409,Billy Hamilton,CHC,CF,31,32,10,4,0,0,1,2,2,7,6,2,0.125,0.171,0.219,0.39,102
410,Matt Adams,ATL,1B,16,49,4,9,2,0,2,9,2,18,0,0,0.184,0.216,0.347,0.563,101.3
411,Kevan Smith,TB,C,17,31,3,8,3,0,1,8,5,11,0,0,0.258,0.378,0.452,0.83,97.6
412,Manny Piña,MIL,C,15,39,4,9,1,0,2,5,3,11,0,0,0.231,0.333,0.41,0.743,96.3
413,Josh Rojas,ARI,3B,17,61,9,11,0,0,0,2,7,16,1,1,0.18,0.257,0.18,0.437,95.8
414,Adeiny Hechavarria,ATL,2B,27,59,7,15,3,0,0,2,4,12,0,0,0.254,0.302,0.305,0.607,95.4
415,Bradley Zimmer,CLE,CF,20,37,3,6,0,0,1,3,7,14,2,1,0.162,0.36,0.243,0.603,95.1
416,Jake Marisnick,NYM,CF,16,33,4,11,3,0,2,5,1,10,0,0,0.333,0.353,0.606,0.959,93.3
417,Chad Wallach,MIA,C,15,44,4,10,3,0,1,6,3,12,0,0,0.227,0.277,0.364,0.641,90.8
417,Jonathan Davis,TOR,CF,13,27,4,7,2,0,1,6,3,11,1,0,0.259,0.364,0.444,0.808,90.8
419,Guillermo Heredia,NYM,CF,15,33,6,7,0,0,2,5,3,9,1,0,0.212,0.278,0.394,0.672,90.7
420,Bubba Starling,KC,CF,35,59,5,10,1,0,1,5,4,27,0,0,0.169,0.219,0.237,0.456,87.5
420,Wyatt Mathisen,ARI,3B,9,27,5,6,0,0,2,5,5,12,0,0,0.222,0.364,0.444,0.808,87.5
422,JT Riddle,PIT,SS,23,67,8,10,2,0,1,1,2,13,1,0,0.149,0.174,0.224,0.398,86.1
423,Hunter Pence,SF,RF,17,52,4,5,0,1,2,6,3,15,0,0,0.096,0.161,0.25,0.411,84.8
424,Thairo Estrada,NYY,2B,26,48,8,8,0,0,1,3,1,19,1,0,0.167,0.216,0.229,0.445,84.1
425,Ildemaro Vargas,CHC,2B,24,51,6,10,1,1,1,3,2,10,0,0,0.196,0.222,0.314,0.536,83.7
426,Tomás Nido,NYM,C,7,24,4,7,1,0,2,6,2,6,0,0,0.292,0.346,0.583,0.929,81.8
427,Daz Cameron,DET,CF,17,57,4,11,2,1,0,3,2,19,1,0,0.193,0.22,0.263,0.483,80.3
428,Rangel Ravelo,STL,1B,13,35,5,6,1,0,1,6,4,6,0,0,0.171,0.244,0.286,0.53,79
429,Jon Jay,ARI,CF,18,50,5,8,1,0,1,4,3,12,0,0,0.16,0.211,0.24,0.451,78
430,Dustin Garneau,HOU,C,17,38,4,6,0,1,1,4,6,15,0,0,0.158,0.273,0.289,0.562,77.8
430,Greg Allen,SD,LF,16,26,4,4,1,0,1,4,3,10,2,0,0.154,0.281,0.308,0.589,77.8
432,Andy Young,ARI,2B,12,26,3,5,2,0,1,4,5,10,0,0,0.192,0.382,0.385,0.767,77.6
433,Tyler Stephenson,CIN,C,8,17,4,5,0,0,2,6,2,9,0,0,0.294,0.4,0.647,1.047,75.8
434,Mike Freeman,CLE,2B,24,38,5,9,3,0,0,3,3,11,0,0,0.237,0.302,0.316,0.618,74.5
434,Eli White,TEX,SS,19,48,5,9,2,0,0,3,3,16,1,1,0.188,0.231,0.229,0.46,74.5
436,John Ryan Murphy,PIT,C,25,58,6,10,2,0,0,2,4,28,0,0,0.172,0.226,0.207,0.433,74.2
436,Eddy Alvarez,MIA,SS,12,37,6,7,1,0,0,2,3,16,2,0,0.189,0.268,0.216,0.484,74.2
438,Yolmer Sánchez,CHW,2B,12,16,7,5,3,0,1,1,5,5,0,0,0.312,0.476,0.688,1.164,73.9
439,Andrew Benintendi,BOS,LF,14,39,4,4,1,0,0,1,11,17,1,2,0.103,0.314,0.128,0.442,73.3
440,Steven Souza Jr.,CHC,RF,11,27,3,4,2,0,1,5,4,15,1,0,0.148,0.258,0.333,0.591,72.1
441,LaMonte Wade Jr.,MIN,CF,16,39,3,9,3,0,0,1,4,9,1,1,0.231,0.318,0.308,0.626,70.1
442,Brent Rooker,MIN,LF,7,19,4,6,2,0,1,5,0,5,0,0,0.316,0.381,0.579,0.96,69.3
443,Yoenis Céspedes,NYM,LF,8,31,3,5,1,0,2,4,2,15,0,0,0.161,0.235,0.387,0.622,68.6
444,Alejandro Kirk,TOR,C,9,24,4,9,2,0,1,3,1,4,0,0,0.375,0.4,0.583,0.983,68.3
445,Ramón Urías,BAL,2B,10,25,3,9,2,0,1,3,2,6,0,0,0.36,0.407,0.56,0.967,68.1
446,Jose Garcia,CIN,SS,24,67,4,13,0,0,0,2,1,26,1,1,0.194,0.206,0.194,0.4,67.8
447,Yadiel Hernandez,WSH,LF,12,26,3,5,3,0,1,6,1,12,0,0,0.192,0.214,0.423,0.637,66.6
448,Jonah Heim,OAK,C,13,38,5,8,0,0,0,5,3,3,0,0,0.211,0.268,0.211,0.479,66.5
449,Neil Walker,PHI,1B,18,39,5,9,3,0,0,3,1,13,0,0,0.231,0.244,0.308,0.552,65.5
450,Mark Mathias,MIL,2B,16,36,2,10,3,0,0,4,0,7,1,0,0.278,0.278,0.361,0.639,65.4
451,Tyler Heineman,SF,C,15,42,3,8,1,0,0,1,4,6,1,0,0.19,0.292,0.214,0.506,64.1
452,Matt Wieters,STL,C,19,35,3,7,1,0,0,4,3,10,0,0,0.2,0.3,0.229,0.529,62.6
453,Jack Mayfield,HOU,2B,21,42,5,8,1,0,0,3,2,14,0,0,0.19,0.239,0.214,0.453,62.5
454,Lane Thomas,STL,CF,18,36,5,4,2,0,1,2,4,13,0,0,0.111,0.2,0.25,0.45,62
455,Travis Demeritte,DET,LF,18,29,5,5,1,0,0,4,3,14,0,0,0.172,0.273,0.207,0.48,60
456,Erik Kratz,NYY,C,18,28,2,9,2,0,0,4,2,6,0,0,0.321,0.367,0.393,0.76,59.4
457,Mallex Smith,SEA,CF,14,45,2,6,2,0,0,3,2,13,2,0,0.133,0.17,0.178,0.348,58.9
458,Drew Butera,COL,C,29,39,4,6,2,0,0,4,2,11,0,0,0.154,0.19,0.205,0.395,56.8
459,Braden Bishop,SEA,CF,12,30,2,5,2,0,0,4,2,10,1,0,0.167,0.242,0.233,0.475,56.4
460,Steven Duggar,SF,CF,21,34,3,6,2,0,0,3,1,11,1,0,0.176,0.222,0.235,0.457,56.1
461,Bryan Holaday,BAL,C,21,31,5,5,1,0,0,4,2,9,0,0,0.161,0.212,0.194,0.406,54
462,Francisco Mejía,SD,C,17,39,5,3,1,0,1,2,1,9,0,0,0.077,0.143,0.179,0.322,53
463,Jake Fraley,SEA,CF,7,26,3,4,1,1,0,0,2,11,2,1,0.154,0.241,0.269,0.51,51.6
464,Tzu-Wei Lin,BOS,2B,26,52,2,8,1,0,0,3,2,17,0,0,0.154,0.182,0.173,0.355,49.9
465,Lorenzo Cain,MIL,CF,5,18,4,6,1,0,0,2,3,2,0,0,0.333,0.429,0.389,0.818,49.8
465,Jorge Mateo,SD,SS,22,26,4,4,3,0,0,2,1,11,1,0,0.154,0.185,0.269,0.454,49.8
465,Daniel Robertson,SF,3B,13,21,4,7,0,0,0,2,3,6,0,0,0.333,0.417,0.333,0.75,49.8
468,Luis Alexander Basabe,SF,CF,9,14,5,2,0,0,0,1,4,5,2,0,0.143,0.333,0.143,0.476,49.5
469,Logan Forsythe,MIA,1B,13,34,2,4,1,0,1,2,4,12,0,0,0.118,0.211,0.235,0.446,49.4
470,Chris Davis,BAL,1B,16,52,3,6,3,0,0,1,3,17,0,0,0.115,0.164,0.173,0.337,49.1
471,Willians Astudillo,MIN,C,8,16,4,4,1,0,1,3,0,2,0,0,0.25,0.25,0.5,0.75,47.3
472,Taylor Jones,HOU,1B,7,21,3,4,1,0,1,3,1,7,0,0,0.19,0.227,0.381,0.608,47.1
473,Lewin Díaz,MIA,1B,14,39,2,6,2,0,0,3,2,12,0,0,0.154,0.195,0.205,0.4,46.9
473,Nick Heath,KC,CF,15,13,2,2,1,0,0,3,2,6,2,2,0.154,0.312,0.231,0.543,46.9
475,Austin Allen,OAK,C,14,31,1,6,1,0,1,3,1,14,0,0,0.194,0.219,0.323,0.542,46.7
476,Logan Morrison,MIL,1B,9,25,3,3,1,0,1,2,3,8,0,0,0.12,0.214,0.28,0.494,46.6
476,Jorge Oña,SD,RF,5,12,3,3,1,0,1,2,2,7,0,0,0.25,0.4,0.583,0.983,46.6
478,Albert Almora Jr.,CHC,CF,28,30,4,5,1,0,0,1,3,9,0,0,0.167,0.265,0.2,0.465,46.3
478,Rob Refsnyder,TEX,LF,15,30,4,6,1,0,0,1,2,11,0,0,0.2,0.265,0.233,0.498,46.3
480,Rafael Marchan,PHI,C,3,8,3,4,0,0,1,3,1,2,0,0,0.5,0.556,0.875,1.431,44.1
481,Brandon Drury,TOR,3B,21,46,3,7,1,0,0,1,2,9,0,0,0.152,0.184,0.174,0.358,43.1
481,Matt Thaiss,LAA,1B,8,21,3,3,0,0,1,1,4,8,0,0,0.143,0.28,0.286,0.566,43.1
483,Joseph Odom,SEA,C,18,39,2,5,0,0,0,2,4,20,0,0,0.128,0.209,0.128,0.337,40.4
484,Sergio Alcántara,DET,SS,10,21,2,3,0,1,1,1,2,4,0,0,0.143,0.217,0.381,0.598,39.9
485,Yordan Alvarez,HOU,DH,2,8,2,2,0,0,1,4,0,1,0,0,0.25,0.333,0.625,0.958,38.4
486,Franklin Barreto,LAA,2B,21,27,5,2,0,0,0,2,0,15,1,0,0.074,0.107,0.074,0.181,38
487,Josh Phegley,CHC,C,11,16,4,1,0,0,1,2,1,3,0,0,0.062,0.167,0.25,0.417,37.8
488,Christian Colón,CIN,2B,11,23,3,3,1,0,0,2,1,3,1,0,0.13,0.167,0.174,0.341,37.6
489,Andrew Knizner,STL,C,8,16,1,4,1,0,0,4,0,5,0,0,0.25,0.235,0.312,0.547,32.2
490,Travis Jankowski,CIN,RF,16,15,3,1,0,0,0,0,2,7,2,1,0.067,0.176,0.067,0.243,30.6
490,Mickey Moniak,PHI,CF,8,14,3,3,0,0,0,0,4,6,0,0,0.214,0.389,0.214,0.603,30.6
492,Caleb Joseph,TOR,C,3,8,2,1,0,0,1,2,1,1,0,0,0.125,0.222,0.5,0.722,28.4
493,Jesús Sánchez,MIA,RF,10,25,1,1,1,0,0,2,4,11,0,0,0.04,0.172,0.08,0.252,28.2
494,Reese McGuire,TOR,C,19,41,2,3,0,0,1,1,0,11,0,0,0.073,0.073,0.146,0.219,27.9
495,Jake Noll,WSH,2B,7,17,2,6,1,0,0,0,0,4,0,0,0.353,0.353,0.412,0.765,27.4
496,Meibrys Viloria,KC,C,15,21,1,4,1,0,0,0,2,9,0,0,0.19,0.292,0.238,0.53,27.2
497,Nicky Delmonico,CHW,LF,6,20,0,3,0,0,0,3,2,2,0,0,0.15,0.227,0.15,0.377,25.5
497,Kyle Garlick,PHI,LF,12,22,0,3,1,0,0,3,0,7,0,0,0.136,0.174,0.182,0.356,25.5
499,Isan Díaz,MIA,2B,7,22,3,4,0,0,0,1,0,7,0,0,0.182,0.182,0.182,0.364,25.1
500,Jaylin Davis,SF,RF,4,12,2,2,0,0,1,1,0,6,0,0,0.167,0.167,0.417,0.584,24.9
500,Luis Campusano,SD,C,1,3,2,1,0,0,1,1,0,2,0,0,0.333,0.5,1.333,1.833,24.9
502,Max Schrock,STL,2B,11,17,1,3,0,0,1,1,0,6,0,0,0.176,0.176,0.353,0.529,24.7
503,Jordy Mercer,NYY,SS,9,20,2,4,0,0,0,0,2,2,0,0,0.2,0.273,0.2,0.473,24.4
504,Mark Payton,CIN,LF,8,18,0,3,1,0,0,0,2,5,1,0,0.167,0.25,0.222,0.472,24
505,Donovan Walton,SEA,2B,5,13,0,2,1,0,0,3,1,5,0,1,0.154,0.214,0.231,0.445,22.5
506,Eric Haase,DET,C,7,17,1,3,0,0,0,2,1,6,0,0,0.176,0.211,0.176,0.387,22.2
507,Dawel Lugo,DET,3B,9,10,3,2,0,0,0,1,1,1,0,0,0.2,0.273,0.2,0.473,22.1
508,Michael Hermosillo,LAA,CF,7,8,0,2,0,0,0,2,1,1,1,0,0.25,0.3,0.25,0.55,22
509,Keibert Ruiz,LAD,C,2,8,1,2,0,0,1,1,0,3,0,0,0.25,0.25,0.625,0.875,21.7
510,Brian O'Grady,TB,1B,2,5,2,2,1,0,0,0,0,1,1,0,0.4,0.4,0.6,1,21.4
511,Brendan Rodgers,COL,2B,7,21,1,2,1,0,0,2,0,6,0,0,0.095,0.095,0.143,0.238,19.2
511,Beau Taylor,CLE,C,7,21,1,1,0,0,0,2,2,9,0,0,0.048,0.13,0.048,0.178,19.2
513,Harold Ramirez,MIA,LF,3,10,2,2,0,0,0,1,1,2,0,1,0.2,0.273,0.2,0.473,18.9
513,Jahmai Jones,LAA,2B,3,7,2,3,0,0,0,1,0,2,0,0,0.429,0.429,0.429,0.858,18.9
515,Wilmer Difo,WSH,SS,12,14,1,1,0,0,0,1,3,4,0,0,0.071,0.222,0.071,0.293,18.7
515,Yu Chang,CLE,SS,10,11,1,2,0,0,0,1,2,4,0,0,0.182,0.308,0.182,0.49,18.7
517,William Contreras,ATL,C,4,10,0,4,1,0,0,1,0,4,0,0,0.4,0.4,0.5,0.9,18.5
518,Elliot Soto,LAA,SS,3,6,2,2,1,0,0,0,1,1,0,0,0.333,0.429,0.5,0.929,18.4
519,César Puello,BOS,RF,5,8,1,3,0,0,0,0,2,2,0,0,0.375,0.5,0.375,0.875,18.2
519,Austin Dean,STL,LF,3,4,1,1,1,0,0,0,3,2,0,0,0.25,0.571,0.5,1.071,18.2
521,Brandon Dixon,DET,1B,5,13,0,1,1,0,0,2,1,4,0,0,0.077,0.143,0.154,0.297,16
522,Charlie Culberson,ATL,LF,10,7,2,1,1,0,0,1,0,4,0,0,0.143,0.143,0.286,0.429,15.9
523,Ryan Goins,CHW,2B,14,9,4,0,0,0,0,0,1,1,0,0,0,0.1,0,0.1,15.8
524,Derek Hill,DET,CF,15,11,3,1,0,0,0,0,1,6,0,0,0.091,0.167,0.091,0.258,15.6
525,Erick Mejia,KC,SS,8,14,1,1,1,0,0,0,0,7,1,0,0.071,0.071,0.143,0.214,15.2
525,Zack Collins,CHW,C,9,16,1,1,1,0,0,0,2,5,0,0,0.062,0.167,0.125,0.292,15.2
525,Sherten Apostel,TEX,3B,7,20,1,2,1,0,0,0,1,9,0,0,0.1,0.143,0.15,0.293,15.2
528,Abraham Almonte,SD,CF,7,11,0,1,0,0,0,0,2,4,1,1,0.091,0.231,0.091,0.322,15
528,M. Payton,CIN,CF,8,18,0,3,0,0,0,0,2,5,0,0,0.167,0.25,0.167,0.417,15
528,Joe Hudson,SEA,C,9,17,0,3,0,0,0,0,2,5,0,0,0.176,0.263,0.176,0.439,15
528,Jared Oliva,PIT,CF,6,16,0,3,0,0,0,0,0,6,1,0,0.188,0.188,0.188,0.376,15
532,Jason Martin,PIT,CF,7,9,2,0,0,0,0,0,2,4,0,0,0,0.182,0,0.182,12.4
533,Brian Dozier,NYM,2B,7,15,1,2,0,0,0,0,1,5,0,0,0.133,0.188,0.133,0.321,12.2
533,Zach McKinstry,LAD,2B,4,7,1,2,1,0,0,0,0,3,0,0,0.286,0.286,0.429,0.715,12.2
535,Mason Williams,BAL,CF,10,18,0,2,0,1,0,0,0,9,0,1,0.111,0.111,0.222,0.333,12
535,Ryan Lavarnway,MIA,C,5,11,0,4,0,0,0,0,0,2,0,0,0.364,0.364,0.364,0.728,12
535,Kelvin Gutierrez,KC,3B,4,9,0,1,0,0,0,0,3,6,0,0,0.111,0.333,0.111,0.444,12
538,Garrett Stubbs,HOU,C,14,8,1,1,0,0,0,1,0,0,0,1,0.125,0.111,0.125,0.236,9.7
539,Deivy Grullón,BOS,C,1,3,0,1,0,0,0,1,1,1,0,0,0.333,0.5,0.333,0.833,9.5
540,Andrew Romine,TEX,SS,2,4,1,1,1,0,0,0,0,1,0,0,0.25,0.25,0.5,0.75,9.2
540,Ronald Torreyes,PHI,2B,4,7,1,1,1,0,0,0,0,0,0,0,0.143,0.143,0.286,0.429,9.2
540,Oscar Hernández,KC,C,4,4,1,2,0,0,0,0,0,1,0,0,0.5,0.5,0.5,1,9.2
540,Billy McKinney,TOR,RF,2,3,1,2,0,0,0,0,0,0,0,0,0.667,0.667,0.667,1.334,9.2
544,Eduardo Núñez,NYM,2B,2,2,0,1,0,0,0,0,0,0,1,0,0.5,0.5,0.5,1,9
544,Travis Blankenhorn,MIN,2B,1,3,0,1,1,0,0,0,0,0,0,0,0.333,0.5,0.667,1.167,9
544,Ryan Cordell,NYM,RF,5,8,0,1,0,0,0,0,0,3,1,0,0.125,0.125,0.125,0.25,9
544,Kevin Cron,ARI,1B,8,17,0,0,0,0,0,0,1,7,0,0,0,0.15,0,0.15,9
544,Alex Jackson,ATL,C,5,7,0,2,1,0,0,0,0,4,0,0,0.286,0.286,0.429,0.715,9
549,Joey Rickard,SF,RF,4,5,1,0,0,0,0,0,1,1,0,0,0,0.167,0,0.167,6.2
549,Luis González,CHW,CF,3,1,1,0,0,0,0,0,0,1,0,0,0,0.5,0,0.5,6.2
551,Yadiel Rivera,TEX,3B,4,5,0,0,0,0,0,0,0,1,1,0,0,0,0,0,6
551,Sean Rodríguez,MIA,3B,4,13,0,2,0,0,0,0,0,6,0,0,0.154,0.154,0.154,0.308,6
551,Andrew Susac,PIT,C,1,2,0,0,0,0,0,0,2,0,0,0,0,0.5,0,0.5,6
551,Josè Briceño,LAA,C,2,5,0,1,0,0,0,0,1,1,0,0,0.2,0.333,0.2,0.533,6
551,Justin Williams,STL,RF,3,5,0,1,0,0,0,0,1,2,0,0,0.2,0.333,0.2,0.533,6
551,Ali Sánchez,NYM,C,5,9,0,1,0,0,0,0,1,3,0,0,0.111,0.2,0.111,0.311,6
551,Brian Navarreto,MIA,C,2,5,0,2,0,0,0,0,0,1,0,0,0.4,0.4,0.4,0.8,6
551,Daniel Johnson,CLE,RF,5,12,0,1,0,0,0,0,1,5,0,0,0.083,0.154,0.083,0.237,6
559,Emilio Bonifácio,WSH,LF,3,3,1,0,0,0,0,0,0,2,0,1,0,0,0,0,3.2
559,Matt Reynolds,KC,SS,3,11,1,0,0,0,0,0,0,7,0,0,0,0,0,0,3.2
559,Aaron Whitefield,MIN,CF,3,1,1,0,0,0,0,0,0,0,0,0,0,0,0,0,3.2
559,Nate Orf,OAK,2B,6,7,1,0,0,0,0,0,0,1,0,0,0,0,0,0,3.2
563,Hernán Pérez,CHC,2B,3,6,0,1,0,0,0,0,0,2,0,0,0.167,0.167,0.167,0.334,3
563,René Rivera,NYM,C,2,4,0,1,0,0,0,0,0,3,0,0,0.25,0.25,0.25,0.5,3
563,Ryon Healy,MIL,3B,4,7,0,1,0,0,0,0,0,2,0,0,0.143,0.143,0.143,0.286,3
563,Cristian Pache,ATL,CF,2,4,0,1,0,0,0,0,0,2,0,0,0.25,0.25,0.25,0.5,3
563,Estevan Florial,NYY,CF,1,3,0,1,0,0,0,0,0,2,0,0,0.333,0.333,0.333,0.666,3
563,John Nogowski,STL,1B,1,4,0,1,0,0,0,0,0,1,0,0,0.25,0.25,0.25,0.5,3
563,Adolis García,TEX,RF,3,6,0,0,0,0,0,0,1,4,0,0,0,0.143,0,0.143,3
570,Rob Brantly,SF,C,1,3,0,0,0,0,0,0,0,0,0,0,0,0,0,0,0
570,Jonathan Lucroy,BOS,C,1,0,0,0,0,0,0,0,0,0,0,0,0,0,0,0,0
570,Juan Lagares,NYM,CF,2,0,0,0,0,0,0,0,0,0,0,0,0,0,0,0,0
570,Tom Murphy,SEA,C,0,0,0,0,0,0,0,0,0,0,0,0,0,0,0,0,0
570,Ian Miller,CHC,CF,1,0,0,0,0,0,0,0,0,0,0,0,0,0,0,0,0
570,Scott Schebler,ATL,RF,1,1,0,0,0,0,0,0,0,0,0,0,0,0,0,0,0
570,Cheslor Cuthbert,CHW,LF,1,1,0,0,0,0,0,0,0,0,0,0,0,0,0,0,0
570,Terrance Gore,LAD,CF,2,0,0,0,0,0,0,0,0,0,0,0,0,0,0,0,0
570,Dilson Herrera,BAL,2B,3,5,0,0,0,0,0,0,0,4,0,0,0,0,0,0,0
570,Seth Brown,OAK,LF,7,5,0,0,0,0,0,0,0,2,0,0,0,0,0,0,0
570,Patrick Wisdom,CHC,3B,2,2,0,0,0,0,0,0,0,0,0,0,0,0,0,0,0
570,Will Craig,PIT,1B,2,4,0,0,0,0,0,0,0,1,0,0,0,0,0,0,0
570,Yermin Mercedes,CHW,C,1,1,0,0,0,0,0,0,0,0,0,0,0,0,0,0,0
570,Joe McCarthy,SF,LF,4,10,0,0,0,0,0,0,0,5,0,0,0,0,0,0,0