Rank,Name,Team,Pos,GMS,AB,R,H,2B,3B,HR,RBI,BB,SO,SB,CS,AVG,OBP,SLG,OPS,PTS
1,Vladimir Guerrero Jr.,TOR,1B,58,206,44,69,11,1,18,47,36,37,1,0,0.335,0.441,0.66,1.101,839.3
2,Ronald Acuña Jr.,ATL,LF,54,198,48,57,10,1,18,38,33,50,11,4,0.288,0.395,0.621,1.016,832.6
3,Shohei Ohtani,LAA,DH,59,203,40,53,13,3,17,44,24,68,9,3,0.261,0.346,0.606,0.952,786
4,Rafael Devers,BOS,3B,58,218,39,59,18,0,15,48,21,65,3,4,0.271,0.34,0.56,0.9,748.8
5,Austin Meadows,TB,LF,57,214,37,52,16,1,14,48,32,62,2,0,0.243,0.347,0.523,0.87,739.4
6,Jesse Winker,CIN,LF,51,205,44,71,10,1,17,37,19,41,0,0,0.346,0.407,0.654,1.061,735.3
7,Fernando Tatis Jr.,SD,SS,45,162,41,46,9,0,17,39,23,49,13,2,0.284,0.365,0.654,1.019,732.7
8,Marcus Semien,TOR,SS,58,233,39,68,13,1,13,32,25,64,8,0,0.292,0.362,0.524,0.886,728.8
9,Kris Bryant,CHC,3B,57,212,40,65,16,1,13,38,24,56,3,2,0.307,0.383,0.575,0.958,726
10,Mark Canha,OAK,CF,60,220,47,56,10,2,11,23,34,56,7,1,0.255,0.382,0.468,0.85,719.9
11,José Ramírez,CLE,3B,58,207,41,57,14,1,14,35,25,32,6,2,0.275,0.357,0.556,0.913,718.7
12,J.D. Martinez,BOS,LF,55,213,41,68,16,0,12,39,23,51,0,0,0.319,0.387,0.563,0.95,699.7
13,Bo Bichette,TOR,SS,58,236,46,63,13,1,11,34,16,65,7,0,0.267,0.318,0.47,0.788,695.2
14,Matt Olson,OAK,1B,56,201,38,55,14,0,15,40,26,39,0,1,0.274,0.363,0.567,0.93,693.6
15,Nick Castellanos,CIN,RF,53,213,37,76,19,1,12,31,18,45,1,1,0.357,0.412,0.624,1.036,691.9
16,Whit Merrifield,KC,2B,59,227,38,61,14,1,5,36,19,28,17,1,0.269,0.325,0.405,0.73,691.6
17,Max Muncy,LAD,1B,57,187,39,50,7,1,13,31,45,49,1,0,0.267,0.422,0.524,0.946,683.3
18,Cedric Mullins,BAL,CF,60,231,33,75,17,3,9,19,26,45,9,4,0.325,0.394,0.541,0.935,682.1
19,Xander Bogaerts,BOS,SS,58,218,34,70,16,0,10,36,20,46,4,0,0.321,0.38,0.532,0.912,672.8
20,Trea Turner,WSH,SS,57,231,31,72,11,0,10,30,14,52,13,2,0.312,0.356,0.489,0.845,672.2
21,Chris Taylor,LAD,LF,55,186,45,51,8,3,8,33,30,55,6,0,0.274,0.392,0.478,0.87,670.5
22,Ozzie Albies,ATL,2B,56,214,36,54,19,3,9,37,22,40,5,1,0.252,0.329,0.495,0.824,667.7
23,Mitch Haniger,SEA,RF,59,235,39,60,15,1,14,38,17,61,0,0,0.255,0.302,0.506,0.808,665.8
24,Carlos Correa,HOU,SS,57,219,39,63,14,0,11,34,29,38,0,0,0.288,0.372,0.502,0.874,663.8
25,Jared Walsh,LAA,1B,59,209,30,62,13,1,13,40,19,59,2,0,0.297,0.362,0.555,0.917,662
26,Trey Mancini,BAL,1B,58,221,33,61,13,0,11,45,23,54,0,0,0.276,0.348,0.484,0.832,659.1
27,Aaron Judge,NYY,RF,58,204,32,59,7,0,14,34,35,59,0,0,0.289,0.394,0.529,0.923,653.4
28,Kyle Tucker,HOU,RF,59,218,38,56,12,1,11,37,20,39,5,0,0.257,0.317,0.472,0.789,653.1
29,Freddie Freeman,ATL,1B,57,210,38,48,6,0,13,32,39,43,3,1,0.229,0.352,0.443,0.795,650.6
30,Nolan Arenado,STL,3B,60,234,30,66,19,1,11,40,15,35,0,0,0.282,0.328,0.513,0.841,647
31,Adolis García,TEX,RF,52,199,29,55,4,1,16,43,10,58,7,4,0.276,0.313,0.548,0.861,645.3
32,Yuli Gurriel,HOU,1B,55,201,27,67,16,0,8,42,27,21,1,1,0.333,0.406,0.532,0.938,644.4
33,Brandon Crawford,SF,SS,52,167,35,45,9,0,14,41,23,45,3,0,0.269,0.363,0.575,0.938,636.5
34,Carlos Santana,KC,1B,59,200,34,48,4,0,10,36,43,36,2,0,0.24,0.376,0.41,0.786,630.8
35,Eduardo Escobar,ARI,3B,60,238,33,57,8,1,14,41,16,58,1,0,0.239,0.286,0.458,0.744,630.1
35,Rhys Hoskins,PHI,1B,59,222,33,57,14,0,12,35,20,67,2,0,0.257,0.325,0.482,0.807,630.1
37,Randy Arozarena,TB,LF,58,225,39,57,10,0,7,27,25,72,9,2,0.253,0.34,0.391,0.731,627.3
38,Bryan Reynolds,PIT,LF,57,206,35,59,17,0,9,28,31,52,0,1,0.286,0.388,0.5,0.888,621
39,Ryan McMahon,COL,2B,60,218,37,55,12,0,13,33,17,56,3,1,0.252,0.304,0.486,0.79,620.9
40,Javier Báez,CHC,SS,54,204,32,49,5,1,14,39,7,80,9,1,0.24,0.276,0.48,0.756,619.9
41,José Abreu,CHW,1B,55,198,28,50,7,1,11,46,22,58,1,0,0.253,0.338,0.465,0.803,616.6
42,Adam Frazier,PIT,2B,58,233,35,77,21,3,2,24,20,28,3,4,0.33,0.391,0.472,0.863,616
43,Randal Grichuk,TOR,CF,58,220,28,61,14,0,12,43,10,49,0,2,0.277,0.31,0.505,0.815,606.1
44,Joey Gallo,TEX,CF,59,195,32,41,5,0,11,27,46,79,4,0,0.21,0.369,0.405,0.774,604.9
45,Salvador Perez,KC,C,59,230,26,64,11,0,14,40,6,60,0,0,0.278,0.307,0.509,0.816,604.2
46,Yoán Moncada,CHW,3B,58,202,30,59,12,0,5,30,40,69,1,1,0.292,0.419,0.426,0.845,600
47,Justin Turner,LAD,3B,57,207,37,55,10,0,9,30,31,48,0,0,0.266,0.361,0.444,0.805,595.4
48,Jesús Aguilar,MIA,1B,58,204,23,55,10,0,12,46,18,40,0,0,0.27,0.323,0.495,0.818,594.6
49,Robbie Grossman,DET,LF,57,206,29,48,11,2,6,25,38,60,8,2,0.233,0.353,0.393,0.746,594.3
50,Tommy Edman,STL,SS,61,255,33,68,14,2,4,18,16,32,12,2,0.267,0.316,0.384,0.7,591.6
51,Isiah Kiner-Falefa,TEX,3B,62,247,33,72,11,2,5,23,8,42,10,1,0.291,0.326,0.413,0.739,591.1
52,Austin Riley,ATL,LF,57,192,32,60,10,0,11,27,22,63,0,0,0.312,0.395,0.536,0.931,589.9
53,José Altuve,HOU,2B,49,202,39,60,6,0,9,27,24,34,2,1,0.297,0.368,0.46,0.828,585.3
54,Manny Machado,SD,3B,55,200,28,47,8,2,8,36,28,43,6,3,0.235,0.325,0.415,0.74,584.6
55,Alex Verdugo,BOS,CF,56,209,36,61,11,1,8,26,18,28,4,0,0.292,0.351,0.469,0.82,584.2
56,Nate Lowe,TEX,1B,62,224,27,54,7,0,8,31,35,74,4,0,0.241,0.345,0.379,0.724,581.9
57,Mookie Betts,LAD,RF,50,199,32,51,18,2,5,21,29,36,5,3,0.256,0.369,0.442,0.811,577.9
58,Kyle Seager,SEA,3B,62,229,23,49,14,1,11,36,21,62,2,0,0.214,0.285,0.428,0.713,577.6
59,Nick Solak,TEX,2B,62,232,36,55,10,2,8,26,16,68,2,1,0.237,0.31,0.401,0.711,572.2
60,Paul Goldschmidt,STL,1B,59,227,33,57,12,1,7,29,22,57,3,0,0.251,0.319,0.405,0.724,570.1
61,Jake Cronenworth,SD,SS,62,236,38,66,13,1,5,18,21,36,3,1,0.28,0.347,0.407,0.754,565.6
62,Ramón Laureano,OAK,CF,48,183,30,47,8,2,11,22,17,55,8,3,0.257,0.332,0.503,0.835,560
63,Avisaíl García,MIL,RF,54,186,29,46,6,0,12,34,16,53,4,2,0.247,0.319,0.473,0.792,559.8
64,Alex Bregman,HOU,3B,52,203,33,58,12,0,6,29,27,35,0,0,0.286,0.375,0.433,0.808,558.1
65,Andrew McCutchen,PHI,CF,54,192,27,43,7,1,10,29,33,59,3,0,0.224,0.335,0.427,0.762,553.9
66,Joey Wendle,TB,2B,56,182,35,51,16,1,6,27,13,42,4,4,0.28,0.343,0.478,0.821,545.5
67,Justin Upton,LAA,LF,52,180,29,41,7,0,14,29,22,63,2,1,0.228,0.312,0.5,0.812,545.3
68,Dylan Carlson,STL,CF,59,210,31,57,10,2,6,26,25,58,0,0,0.271,0.354,0.424,0.778,544.2
69,Raimel Tapia,COL,LF,59,222,29,62,10,0,5,31,17,33,5,3,0.279,0.328,0.392,0.72,543.3
70,Anthony Rizzo,CHC,1B,54,191,26,51,12,2,6,26,26,26,4,0,0.267,0.362,0.445,0.807,543.2
71,Tyler Naquin,CIN,RF,52,170,20,44,9,0,11,38,16,47,4,1,0.259,0.333,0.506,0.839,539
72,Tim Anderson,CHW,SS,47,196,34,59,8,0,6,23,10,51,10,5,0.301,0.337,0.434,0.771,537.3
73,Andrew Benintendi,KC,LF,55,201,27,58,6,1,6,29,17,41,7,6,0.289,0.344,0.418,0.762,535.9
74,Pavin Smith,ARI,1B,59,216,34,63,13,3,5,21,16,37,1,0,0.292,0.345,0.449,0.794,533.3
75,Garrett Hampson,COL,2B,58,197,33,48,13,4,5,16,16,50,11,2,0.244,0.301,0.426,0.727,530.6
76,Brandon Lowe,TB,2B,57,203,31,39,6,0,10,25,28,73,3,1,0.192,0.304,0.369,0.673,528.7
77,Yordan Alvarez,HOU,DH,47,183,32,54,13,1,8,30,8,52,0,0,0.295,0.342,0.508,0.85,528.4
78,Evan Longoria,SF,3B,50,161,28,45,11,0,9,30,25,42,1,1,0.28,0.376,0.516,0.892,524.6
79,Dansby Swanson,ATL,SS,58,214,25,50,12,1,10,27,15,65,2,3,0.234,0.289,0.439,0.728,522.5
80,Willson Contreras,CHC,C,55,184,29,45,5,0,10,25,22,60,3,2,0.245,0.341,0.435,0.776,522.3
81,Eugenio Suárez,CIN,3B,57,219,31,35,7,0,13,30,19,75,0,0,0.16,0.235,0.37,0.605,513.2
82,Cesar Hernández,CLE,2B,57,223,33,49,8,1,9,20,25,51,0,0,0.22,0.3,0.386,0.686,511.6
83,Juan Soto,WSH,LF,47,161,29,45,4,1,7,25,36,29,1,4,0.28,0.409,0.447,0.856,510.3
84,Nelson Cruz,MIN,DH,51,175,27,49,7,1,10,25,19,40,1,0,0.28,0.355,0.503,0.858,509.9
85,Charlie Blackmon,COL,RF,57,186,24,51,12,1,4,32,24,27,0,0,0.274,0.375,0.414,0.789,509.8
86,Freddy Galvis,BAL,SS,55,189,31,49,11,1,9,23,17,44,1,0,0.259,0.325,0.471,0.796,509.7
87,Tyler O'Neill,STL,LF,42,147,26,41,9,0,13,29,5,53,5,1,0.279,0.314,0.605,0.919,505.7
88,Jorge Polanco,MIN,SS,55,202,29,48,13,1,6,24,20,40,3,1,0.238,0.308,0.401,0.709,503.8
89,David Peralta,ARI,LF,58,211,25,52,12,5,4,30,18,39,1,1,0.246,0.306,0.408,0.714,503
90,Trevor Story,COL,SS,50,184,26,47,12,2,5,23,18,46,8,4,0.255,0.322,0.424,0.746,502.7
91,Ryan Mountcastle,BAL,OF,55,202,24,51,12,1,8,31,7,67,3,1,0.252,0.28,0.441,0.721,497.3
92,Jed Lowrie,OAK,2B,58,203,27,51,15,0,4,28,25,47,0,0,0.251,0.333,0.384,0.717,493.4
93,Jonathan Schoop,DET,2B,57,214,23,55,7,1,9,27,15,53,0,0,0.257,0.309,0.425,0.734,492.1
94,Eric Hosmer,SD,1B,55,206,19,55,8,0,5,33,16,34,4,1,0.267,0.324,0.379,0.703,488.3
95,Yermin Mercedes,CHW,C,56,196,20,57,7,1,7,31,17,36,0,1,0.291,0.349,0.444,0.793,487.5
96,Tommy Pham,SD,LF,59,171,23,38,3,2,4,19,38,43,9,2,0.222,0.366,0.333,0.699,485.1
97,Manuel Margot,TB,CF,55,196,21,48,8,2,6,33,10,32,6,4,0.245,0.28,0.398,0.678,482.7
98,Teoscar Hernández,TOR,LF,42,164,23,49,5,0,8,31,14,48,4,2,0.299,0.354,0.476,0.83,482.1
99,Buster Posey,SF,C,41,149,28,50,6,0,10,22,18,28,0,0,0.336,0.411,0.577,0.988,481.6
100,Josh Rojas,ARI,3B,57,190,29,48,12,1,7,17,22,56,2,0,0.253,0.329,0.437,0.766,479.3
101,Bryce Harper,PHI,RF,41,146,28,40,8,0,8,15,27,47,5,0,0.274,0.398,0.493,0.891,478.1
102,DJ LeMahieu,NYY,2B,57,227,33,58,7,0,3,15,27,46,2,0,0.256,0.335,0.326,0.661,476.1
103,Eddie Rosario,CLE,LF,55,201,19,49,8,1,4,32,14,36,7,1,0.244,0.295,0.353,0.648,472.8
104,Pete Alonso,NYM,1B,44,157,27,40,7,0,9,28,19,41,0,0,0.255,0.343,0.471,0.814,472.4
105,J.P. Crawford,SEA,SS,61,209,26,57,14,0,3,21,20,39,2,2,0.273,0.336,0.383,0.719,471.7
106,Miguel Rojas,MIA,SS,47,171,32,47,14,2,3,16,17,28,4,1,0.275,0.354,0.433,0.787,467.4
106,Jeimer Candelario,DET,3B,57,218,27,58,13,0,4,18,22,63,0,0,0.266,0.336,0.381,0.717,467.4
108,J.T. Realmuto,PHI,C,43,136,22,40,8,1,6,24,23,39,4,2,0.294,0.41,0.5,0.91,466.4
109,Matt Chapman,OAK,3B,61,204,22,42,6,2,5,24,33,78,1,0,0.206,0.31,0.328,0.638,463.4
110,Nick Madrigal,CHW,2B,53,197,30,60,9,4,2,20,11,17,1,2,0.305,0.349,0.421,0.77,463
111,Franmil Reyes,CLE,RF,40,144,21,37,9,2,11,29,12,48,1,0,0.257,0.316,0.576,0.892,462.7
112,Adam Duvall,MIA,LF,52,184,20,38,6,1,9,35,11,63,3,0,0.207,0.254,0.397,0.651,459.5
113,Josh Donaldson,MIN,3B,47,163,25,41,11,0,7,22,26,30,0,0,0.252,0.351,0.448,0.799,457
114,Mike Trout,LAA,CF,36,117,23,39,8,1,8,18,27,41,2,0,0.333,0.466,0.624,1.09,454.6
115,Kyle Schwarber,WSH,LF,49,183,20,40,8,0,9,25,20,61,1,1,0.219,0.309,0.41,0.719,454.5
116,Hunter Renfroe,BOS,RF,51,179,29,46,12,0,7,25,12,47,0,1,0.257,0.301,0.441,0.742,453.3
117,Jurickson Profar,SD,2B,56,184,29,41,6,1,1,17,28,36,9,1,0.223,0.329,0.283,0.612,452.3
118,Maikel Franco,BAL,3B,57,221,19,46,14,0,7,31,13,35,0,0,0.208,0.251,0.367,0.618,451.3
119,Will Smith,LAD,C,49,157,29,42,10,1,5,19,21,33,1,0,0.268,0.362,0.439,0.801,447.3
120,Yandy Díaz,TB,3B,56,190,22,49,7,0,1,21,40,32,0,0,0.258,0.391,0.311,0.702,446.9
121,Willy Adames,MIL,SS,57,188,22,40,8,1,8,26,18,68,1,2,0.213,0.282,0.394,0.676,443.4
122,Yasmani Grandal,CHW,C,42,114,28,18,2,0,9,21,46,43,0,0,0.158,0.395,0.412,0.807,442.1
123,Francisco Lindor,NYM,SS,52,195,30,42,7,1,5,13,24,37,4,1,0.215,0.305,0.338,0.643,441.5
124,Gleyber Torres,NYY,SS,52,189,19,52,8,0,3,23,23,38,4,2,0.275,0.352,0.365,0.717,441.3
125,Amed Rosario,CLE,SS,51,176,28,45,5,4,4,18,15,37,5,0,0.256,0.318,0.398,0.716,440.6
126,Adam Eaton,CHW,RF,49,158,28,32,7,2,5,27,17,48,2,0,0.203,0.304,0.367,0.671,439.1
127,Ty France,SEA,3B,52,188,25,46,14,0,3,21,18,40,0,0,0.245,0.335,0.367,0.702,438.5
128,Gio Urshela,NYY,3B,53,198,17,53,11,0,6,26,13,53,1,0,0.268,0.311,0.414,0.725,436.4
129,Luis Urías,MIL,2B,55,164,18,37,9,0,7,25,25,47,2,0,0.226,0.328,0.409,0.737,436.1
130,Sean Murphy,OAK,C,50,164,16,36,13,0,6,32,16,49,0,0,0.22,0.314,0.409,0.723,433.2
131,Mike Yastrzemski,SF,RF,45,158,25,35,15,2,6,15,23,45,1,0,0.222,0.332,0.456,0.788,432.5
132,Trent Grisham,SD,RF,36,136,23,41,7,2,6,14,18,40,7,1,0.301,0.383,0.515,0.898,428.6
133,Jonathan India,CIN,3B,48,144,19,37,4,2,5,24,19,35,3,1,0.257,0.368,0.417,0.785,423.8
134,Michael A. Taylor,KC,CF,54,176,25,44,5,1,5,22,12,66,4,2,0.25,0.304,0.375,0.679,421
135,Wil Myers,SD,LF,52,164,19,40,7,0,6,23,20,45,4,3,0.244,0.324,0.396,0.72,420.3
135,Kolten Wong,MIL,2B,44,161,24,45,12,1,4,15,12,27,5,3,0.28,0.343,0.441,0.784,420.3
137,David Fletcher,LAA,3B,57,223,33,60,7,1,0,17,10,26,3,1,0.269,0.299,0.309,0.608,420.1
138,Marcell Ozuna,ATL,LF,48,188,21,40,6,0,7,26,19,46,0,0,0.213,0.288,0.356,0.644,419.2
139,Miguel Sanó,MIN,3B,45,153,21,25,4,0,11,28,21,68,0,0,0.163,0.267,0.405,0.672,417.2
140,Josh Bell,WSH,1B,47,161,28,35,8,0,8,24,13,45,0,0,0.217,0.278,0.416,0.694,416.6
140,Alec Bohm,PHI,3B,58,210,23,45,7,0,4,26,14,63,3,0,0.214,0.259,0.305,0.564,416.6
142,Christian Vázquez,BOS,C,53,182,23,46,10,0,3,24,11,38,5,1,0.253,0.292,0.357,0.649,415.6
143,Josh Fuentes,COL,3B,57,177,22,45,11,1,5,27,10,43,0,0,0.254,0.293,0.412,0.705,413.9
144,Gavin Lux,LAD,2B,50,176,24,42,6,2,5,25,13,45,1,1,0.239,0.292,0.381,0.673,413.3
145,Jean Segura,PHI,SS,43,158,22,51,10,1,3,13,13,23,6,0,0.323,0.379,0.456,0.835,412.9
146,Jazz Chisholm,MIA,SS,37,138,20,37,5,1,7,16,11,51,9,2,0.268,0.333,0.471,0.804,411
147,Myles Straw,HOU,CF,57,192,21,46,7,1,0,19,21,42,7,4,0.24,0.318,0.286,0.604,409.7
148,Giancarlo Stanton,NYY,DH,42,160,16,41,6,0,9,24,17,52,0,0,0.256,0.328,0.462,0.79,408.2
149,Corey Dickerson,MIA,LF,57,186,25,49,11,3,2,14,14,43,2,3,0.263,0.324,0.387,0.711,408
150,Mike Zunino,TB,C,41,124,22,25,4,0,12,25,14,54,0,0,0.202,0.298,0.524,0.822,403.9
151,Michael Brantley,HOU,LF,42,171,26,52,15,1,3,15,10,22,0,1,0.304,0.344,0.456,0.8,402.7
152,Carson Kelly,ARI,C,41,122,19,33,4,0,7,23,25,33,0,0,0.27,0.403,0.475,0.878,402.3
153,Niko Goodrum,DET,3B,50,169,23,36,4,1,4,12,17,70,11,3,0.213,0.291,0.32,0.611,400.6
154,Corey Seager,LAD,SS,37,147,20,39,7,2,4,22,19,29,1,0,0.265,0.361,0.422,0.783,399
155,Yadier Molina,STL,C,41,148,18,41,11,0,7,27,9,33,0,0,0.277,0.314,0.493,0.807,398.1
156,Jorge Soler,KC,RF,55,184,19,32,11,0,5,25,20,65,0,0,0.174,0.265,0.315,0.58,394.3
157,Max Kepler,MIN,RF,37,132,20,28,9,2,5,22,16,28,5,0,0.212,0.303,0.424,0.727,393
158,Brandon Belt,SF,1B,41,118,21,29,4,0,8,21,22,46,2,1,0.246,0.366,0.483,0.849,392.7
159,Lourdes Gurriel Jr.,TOR,LF,53,196,20,51,10,0,5,20,7,43,1,1,0.26,0.284,0.388,0.672,392
160,Travis Shaw,MIL,3B,55,177,14,34,8,0,6,28,19,50,0,0,0.192,0.28,0.339,0.619,388.8
161,C.J. Cron,COL,1B,46,143,22,37,7,1,5,18,20,43,0,0,0.259,0.365,0.427,0.792,388.4
162,Josh Harrison,WSH,2B,47,170,18,45,7,0,4,18,14,24,2,3,0.265,0.346,0.376,0.722,387.6
163,Kike Hernández,BOS,2B,47,177,28,41,10,1,5,13,12,46,1,0,0.232,0.286,0.384,0.67,387.1
164,Josh Naylor,CLE,LF,53,184,22,47,11,0,5,15,11,39,1,0,0.255,0.305,0.397,0.702,386.9
165,Tucker Barnhart,CIN,C,46,140,26,37,12,0,3,19,17,48,0,0,0.264,0.358,0.414,0.772,386.7
166,Joc Pederson,CHC,RF,46,160,20,38,4,2,6,21,15,50,0,2,0.238,0.313,0.4,0.713,386.5
167,Ian Happ,CHC,CF,49,162,20,31,5,0,7,16,26,55,1,1,0.191,0.314,0.352,0.666,384
168,Garrett Cooper,MIA,1B,52,165,17,41,7,1,5,22,16,52,0,1,0.248,0.326,0.394,0.72,383.4
169,Byron Buxton,MIN,CF,24,92,19,34,10,0,9,17,4,23,5,0,0.37,0.408,0.772,1.18,381.3
170,Willi Castro,DET,SS,48,170,21,38,7,2,4,19,11,51,2,0,0.224,0.289,0.359,0.648,376.7
171,Dominic Smith,NYM,1B,50,173,14,45,7,0,4,20,15,48,2,1,0.26,0.33,0.37,0.7,375.8
172,Jacob Stallings,PIT,C,45,148,14,35,11,1,4,25,20,36,0,0,0.236,0.331,0.405,0.736,375.3
173,Austin Slater,SF,RF,52,132,18,29,2,1,7,17,18,51,7,2,0.22,0.313,0.409,0.722,375.1
174,Jonathan Villar,NYM,2B,48,141,21,34,5,1,5,14,17,38,6,4,0.241,0.327,0.397,0.724,374.2
175,José Iglesias,LAA,SS,48,177,22,47,6,0,5,18,6,30,2,1,0.266,0.297,0.384,0.681,373.4
176,Akil Baddoo,DET,CF,45,116,14,27,6,4,5,20,18,48,6,0,0.233,0.331,0.483,0.814,372.8
177,Omar Narváez,MIL,C,42,130,18,41,7,0,6,17,15,26,0,0,0.315,0.4,0.508,0.908,372.1
178,Gary Sánchez,NYY,C,44,143,18,31,6,0,7,17,22,48,0,0,0.217,0.333,0.406,0.739,366.1
179,Gregory Polanco,PIT,RF,48,162,17,33,6,1,5,17,17,57,5,0,0.204,0.272,0.346,0.618,362.9
179,Andrew Vaughn,CHW,1B,46,148,22,34,12,0,5,15,15,46,0,0,0.23,0.312,0.412,0.724,362.9
181,Starlin Castro,WSH,2B,57,213,13,52,8,0,2,20,17,46,0,0,0.244,0.296,0.31,0.606,360.6
182,Willie Calhoun,TEX,LF,44,160,18,41,7,1,5,15,16,20,0,2,0.256,0.328,0.406,0.734,356.1
183,DJ Stewart,BAL,RF,46,131,19,30,5,0,6,19,21,37,0,0,0.229,0.344,0.405,0.749,355.3
184,Brad Miller,PHI,3B,47,117,20,33,3,1,6,19,12,43,3,0,0.282,0.349,0.479,0.828,352.5
185,Asdrúbal Cabrera,ARI,3B,38,117,18,33,9,0,4,19,19,26,1,0,0.282,0.381,0.462,0.843,352.1
186,Nicky Lopez,KC,2B,54,147,25,33,6,3,0,10,21,24,5,0,0.224,0.322,0.306,0.628,346
187,Starling Marte,MIA,CF,25,91,21,31,6,1,4,11,14,23,6,2,0.341,0.44,0.56,1,345.7
188,Mitch Garver,MIN,C,41,116,17,26,8,0,8,17,19,45,0,0,0.224,0.333,0.5,0.833,344.9
189,Victor Caratini,SD,C,46,126,18,28,5,0,4,22,17,42,2,0,0.222,0.327,0.357,0.684,341.6
190,Hunter Dozier,KC,3B,43,151,18,24,7,2,7,19,13,52,1,1,0.159,0.23,0.371,0.601,340.1
191,Bobby Dalbec,BOS,3B,49,162,13,30,8,1,6,24,10,65,1,0,0.185,0.237,0.358,0.595,338.6
192,Dylan Moore,SEA,SS,41,119,14,20,7,0,5,19,16,43,8,1,0.168,0.27,0.353,0.623,336.3
193,Albert Pujols,LAD,1B,40,134,14,28,2,0,9,24,6,22,1,0,0.209,0.264,0.425,0.689,335.8
194,Anthony Rendon,LAA,3B,40,151,16,35,7,0,3,23,16,27,0,0,0.232,0.308,0.338,0.646,335.7
195,Alex Dickerson,SF,LF,51,133,17,30,3,1,6,22,10,31,1,0,0.226,0.295,0.398,0.693,335.4
196,Odúbel Herrera,PHI,CF,38,133,17,36,7,1,4,14,12,25,3,0,0.271,0.338,0.429,0.767,334.4
197,Austin Hays,BAL,RF,32,123,24,31,6,2,5,15,10,27,0,0,0.252,0.319,0.455,0.774,333.3
198,Marwin Gonzalez,BOS,3B,50,166,17,33,12,0,2,15,13,43,2,0,0.199,0.283,0.307,0.59,331.9
199,David Bote,CHC,3B,49,144,16,29,5,0,5,23,13,36,0,1,0.201,0.28,0.34,0.62,326.7
200,Leury García,CHW,CF,48,155,22,37,6,2,0,19,12,42,2,1,0.239,0.292,0.303,0.595,325.9
201,Ha-Seong Kim,SD,SS,52,144,15,30,6,2,3,18,9,37,5,1,0.208,0.266,0.34,0.606,324
202,Clint Frazier,NYY,RF,51,152,15,29,5,0,5,11,24,50,2,0,0.191,0.309,0.322,0.631,323.5
203,Seth Brown,OAK,LF,48,124,17,24,5,0,8,21,12,36,0,0,0.194,0.265,0.427,0.692,322.9
204,Paul DeJong,STL,SS,35,124,18,22,3,0,7,17,15,32,2,0,0.177,0.277,0.371,0.648,318.1
205,Miguel Cabrera,DET,1B,43,160,14,32,2,0,5,22,14,41,0,0,0.2,0.271,0.306,0.577,316.8
206,James McCann,NYM,C,45,149,12,34,4,0,6,21,12,45,0,0,0.228,0.286,0.376,0.662,315.9
207,Luis Arraez,MIN,2B,39,141,20,39,3,1,1,14,17,18,0,1,0.277,0.358,0.333,0.691,311
208,Dom Nuñez,COL,C,40,116,18,20,6,2,5,20,16,52,0,0,0.172,0.271,0.388,0.659,310.6
209,Brett Phillips,TB,RF,47,112,15,25,6,0,3,15,16,54,7,2,0.223,0.318,0.357,0.675,310.5
210,Jackie Bradley Jr.,MIL,CF,52,172,17,27,3,2,5,14,10,61,2,1,0.157,0.226,0.285,0.511,310.4
211,Jordan Luplow,CLE,RF,36,98,12,17,5,0,7,20,21,31,0,2,0.173,0.331,0.439,0.77,306.4
212,Nick Ahmed,ARI,SS,51,167,14,38,12,1,1,9,14,49,3,1,0.228,0.291,0.329,0.62,304.3
212,Tyler Stephenson,CIN,C,46,123,19,32,6,0,3,13,16,27,0,0,0.26,0.359,0.382,0.741,304.3
214,Andrelton Simmons,MIN,SS,45,151,17,39,5,0,2,13,17,30,0,0,0.258,0.337,0.331,0.668,303.9
215,Colin Moran,PIT,3B,34,119,10,35,8,0,4,20,10,36,1,0,0.294,0.346,0.462,0.808,303
216,Kyle Lewis,SEA,RF,36,130,15,32,4,0,5,11,16,37,2,0,0.246,0.333,0.392,0.725,302.5
217,Matt Beaty,LAD,1B,47,91,17,26,3,0,3,26,10,19,0,1,0.286,0.381,0.418,0.799,301.4
218,Victor Robles,WSH,CF,47,136,15,30,9,1,0,6,17,39,6,3,0.221,0.338,0.301,0.639,300
219,Wilmer Flores,SF,2B,51,129,16,30,5,1,3,16,15,22,1,0,0.233,0.315,0.357,0.672,299.2
220,Jon Berti,MIA,3B,52,133,19,25,6,1,2,10,19,36,4,3,0.188,0.292,0.293,0.585,296.8
221,Yan Gomes,WSH,C,37,132,16,34,5,1,5,17,4,22,0,0,0.258,0.29,0.424,0.714,296.7
222,AJ Pollock,LAD,CF,36,107,15,29,6,0,4,19,8,26,2,0,0.271,0.328,0.439,0.767,294.5
223,Erik González,PIT,SS,54,181,14,39,6,0,2,17,8,30,2,0,0.215,0.249,0.282,0.531,293.3
223,Kyle Farmer,CIN,2B,56,150,14,31,4,0,4,17,8,28,1,2,0.207,0.273,0.313,0.586,293.3
225,Aledmys Díaz,HOU,2B,34,115,14,32,9,0,3,18,5,19,0,1,0.278,0.341,0.435,0.776,290.8
226,Yonathan Daza,COL,LF,51,140,11,46,5,1,1,13,10,30,2,0,0.329,0.371,0.4,0.771,290.7
227,Darin Ruf,SF,1B,43,82,17,20,4,0,6,15,16,29,1,0,0.244,0.37,0.512,0.882,289.9
228,Anthony Santander,BAL,LF,33,123,14,34,10,0,4,16,5,31,0,0,0.276,0.308,0.455,0.763,289.8
229,Elvis Andrus,OAK,SS,59,189,14,40,9,1,0,8,13,35,4,2,0.212,0.26,0.27,0.53,288.8
230,Mike Tauchman,SF,CF,46,121,18,23,4,0,3,12,20,40,3,3,0.19,0.31,0.298,0.608,288.6
231,Billy McKinney,NYM,RF,51,127,14,27,6,2,5,12,11,34,2,0,0.213,0.273,0.409,0.682,287.8
232,Jason Heyward,CHC,RF,42,135,15,23,6,1,4,13,14,36,3,0,0.17,0.253,0.319,0.572,285.5
233,Kevin Newman,PIT,SS,54,198,19,41,5,1,1,10,10,13,1,0,0.207,0.244,0.258,0.502,284.8
234,Tony Kemp,OAK,2B,43,98,14,27,6,2,2,11,17,22,3,1,0.276,0.378,0.439,0.817,284.3
235,Taylor Ward,LAA,OF,32,98,16,22,3,0,6,18,8,30,1,1,0.224,0.3,0.439,0.739,282.2
236,Christian Yelich,MIL,RF,28,89,21,21,1,1,3,9,19,35,4,1,0.236,0.376,0.371,0.747,281.7
237,Mitch Moreland,OAK,1B,40,118,14,29,4,0,5,17,10,30,0,0,0.246,0.305,0.407,0.712,281.3
238,Martín Maldonado,HOU,C,46,151,15,25,3,1,4,16,15,53,0,0,0.166,0.25,0.278,0.528,281
239,Cavan Biggio,TOR,2B,39,127,14,26,3,1,3,11,20,47,2,1,0.205,0.315,0.315,0.63,278.3
240,Mauricio Dubón,SF,SS,54,129,13,30,6,0,4,17,6,30,2,1,0.233,0.268,0.372,0.64,278.1
241,Taylor Trammell,SEA,CF,34,108,17,20,6,0,5,14,12,48,2,2,0.185,0.273,0.38,0.653,277.4
242,Ketel Marte,ARI,2B,24,93,15,34,8,0,4,14,6,15,0,0,0.366,0.4,0.581,0.981,277
243,Ryan Zimmerman,WSH,1B,37,101,13,29,7,0,6,17,4,30,0,0,0.287,0.314,0.535,0.849,275.1
244,Steven Duggar,SF,CF,34,85,16,26,6,1,4,14,8,32,2,0,0.306,0.366,0.541,0.907,274.2
245,Brian Anderson,MIA,3B,35,124,13,31,6,0,3,11,12,36,3,0,0.25,0.316,0.371,0.687,272.1
246,Daniel Vogelbach,MIL,1B,53,122,15,26,4,0,4,10,21,31,0,0,0.213,0.329,0.344,0.673,272
247,William Contreras,ATL,C,27,87,14,21,1,1,6,19,9,32,0,0,0.241,0.323,0.483,0.806,270.3
248,Mike Brosseau,TB,2B,44,116,17,20,7,0,4,15,11,46,1,0,0.172,0.256,0.336,0.592,268.9
249,David Dahl,TEX,LF,42,144,16,30,7,0,4,12,6,41,1,1,0.208,0.242,0.34,0.582,267.2
250,Joey Votto,CIN,1B,30,108,9,24,6,0,5,17,13,25,0,0,0.222,0.311,0.417,0.728,265.3
251,Didi Gregorius,PHI,SS,32,118,10,27,4,0,4,22,5,26,1,0,0.229,0.266,0.364,0.63,265
252,Chas McCormick,HOU,RF,35,76,17,15,3,0,5,19,9,27,2,0,0.197,0.286,0.434,0.72,264.9
253,Lorenzo Cain,MIL,CF,31,103,17,23,4,0,3,9,14,24,4,1,0.223,0.322,0.35,0.672,262.9
254,Eric Haase,DET,C,20,72,15,20,3,1,8,13,5,27,0,0,0.278,0.333,0.681,1.014,258.5
255,Michael Conforto,NYM,RF,33,113,10,26,6,0,2,13,18,27,0,0,0.23,0.356,0.336,0.692,257.5
256,Jose Rojas,LAA,3B,43,121,18,23,12,0,3,8,8,35,2,0,0.19,0.246,0.364,0.61,256.6
257,Phillip Evans,PIT,3B,33,115,15,25,3,0,4,8,14,30,1,0,0.217,0.323,0.348,0.671,256
258,Harold Ramirez,CLE,LF,31,97,13,27,7,1,3,13,4,12,2,0,0.278,0.327,0.464,0.791,255.1
259,Guillermo Heredia,ATL,CF,31,101,17,26,11,0,2,11,10,33,0,0,0.257,0.33,0.426,0.756,254.9
260,Alex Kirilloff,MIN,RF,29,106,13,26,6,0,4,18,6,30,0,1,0.245,0.283,0.415,0.698,254.6
261,Kyle Garlick,MIN,LF,36,99,17,23,8,0,5,10,6,32,1,0,0.232,0.28,0.465,0.745,254.4
262,Matt Duffy,CHC,3B,38,90,16,25,4,0,1,12,11,18,3,1,0.278,0.377,0.356,0.733,252.2
263,Mike Moustakas,CIN,2B,28,87,15,21,5,0,4,13,12,18,0,0,0.241,0.337,0.437,0.774,249.5
264,Charlie Culberson,TEX,LF,44,124,10,28,6,1,3,12,8,36,2,0,0.226,0.278,0.363,0.641,248
265,Stephen Piscotty,OAK,RF,46,120,11,26,6,0,4,11,11,31,1,0,0.217,0.288,0.367,0.655,247.7
266,Nick Senzel,CIN,CF,36,111,18,29,4,1,1,8,12,16,2,5,0.261,0.331,0.342,0.673,247.6
267,Aaron Hicks,NYY,CF,32,108,13,21,3,0,4,14,14,30,0,0,0.194,0.294,0.333,0.627,246.6
268,Pedro Severino,BAL,C,41,142,12,34,5,0,2,8,15,35,0,0,0.239,0.312,0.317,0.629,246.4
269,Rougned Odor,NYY,2B,35,114,13,21,4,0,5,13,10,32,0,0,0.184,0.268,0.351,0.619,246.1
270,Wilson Ramos,DET,C,35,120,12,24,5,0,6,13,6,29,0,0,0.2,0.238,0.392,0.63,242.9
271,Luis Robert,CHW,CF,25,95,11,30,9,1,1,8,7,28,4,1,0.316,0.359,0.463,0.822,240.2
272,Kevin Kiermaier,TB,CF,42,127,19,26,5,1,1,6,9,43,3,1,0.205,0.263,0.283,0.546,237.8
273,Tyrone Taylor,MIL,RF,36,87,8,19,3,0,6,15,6,22,1,1,0.218,0.306,0.46,0.766,237.1
274,Tom Murphy,SEA,C,38,114,14,20,4,0,6,12,8,46,0,0,0.175,0.228,0.368,0.596,236.8
275,Matt Carpenter,STL,3B,54,96,11,17,5,0,3,13,16,35,1,0,0.177,0.31,0.323,0.633,236.7
276,Ehire Adrianza,ATL,3B,43,92,13,21,4,1,3,17,9,20,0,0,0.228,0.288,0.391,0.679,236.1
277,Christian Arroyo,BOS,3B,32,96,13,28,10,0,1,10,4,27,1,0,0.292,0.346,0.427,0.773,229.6
278,Jeff McNeil,NYM,LF,31,99,13,24,4,0,3,8,12,9,1,0,0.242,0.336,0.374,0.71,228.6
279,Donovan Solano,SF,SS,33,103,13,27,5,0,2,12,7,23,1,0,0.262,0.304,0.369,0.673,227.6
280,Eric Sogard,CHC,2B,55,117,15,28,3,1,1,10,8,22,2,0,0.239,0.283,0.308,0.591,227
281,Jake Marisnick,CHC,CF,28,57,11,16,3,2,4,15,5,19,2,1,0.281,0.359,0.614,0.973,225.7
282,Francisco Mejía,TB,C,31,99,9,25,6,0,3,13,6,19,0,0,0.253,0.318,0.404,0.722,224.3
283,Brett Gardner,NYY,CF,50,129,12,25,5,1,1,5,17,38,1,0,0.194,0.287,0.271,0.558,220.9
284,Stephen Vogt,ARI,C,36,90,8,17,5,1,4,14,12,26,0,0,0.189,0.284,0.4,0.684,218.6
285,Patrick Wisdom,CHC,3B,15,40,11,15,2,0,8,12,4,15,1,0,0.375,0.432,1.025,1.457,218.2
286,Justin Williams,STL,RF,51,119,10,19,0,0,4,11,17,46,0,1,0.16,0.27,0.261,0.531,217.5
287,Trevor Larnach,MIN,RF,26,77,11,20,5,0,3,8,13,27,0,0,0.26,0.394,0.442,0.836,216.2
288,Austin Barnes,LAD,C,32,87,10,20,5,0,2,14,13,25,0,0,0.23,0.337,0.356,0.693,216
289,Jose Trevino,TEX,C,44,134,12,32,3,0,2,11,4,31,0,0,0.239,0.257,0.306,0.563,211.9
290,Kevin Pillar,NYM,CF,35,103,12,25,3,1,2,9,4,23,2,2,0.243,0.284,0.35,0.634,207.9
291,Nick Maton,PHI,SS,39,103,10,26,6,0,2,8,5,36,2,0,0.252,0.3,0.369,0.669,207
292,Edmundo Sosa,STL,SS,36,85,11,23,3,1,1,6,6,19,2,3,0.271,0.374,0.365,0.739,203.2
293,Willians Astudillo,MIN,C,37,114,7,28,4,0,4,12,0,9,0,0,0.246,0.256,0.386,0.642,202.4
294,Zach McKinstry,LAD,2B,23,70,10,17,5,0,3,16,4,18,1,0,0.243,0.289,0.443,0.732,202
295,Nico Hoerner,CHC,SS,21,74,9,25,7,0,0,9,9,12,3,1,0.338,0.405,0.432,0.837,201.3
296,Billy Hamilton,CHW,CF,36,69,13,15,3,2,2,10,3,23,5,0,0.217,0.247,0.406,0.653,199.6
297,Rowdy Tellez,TOR,1B,41,117,10,25,4,1,3,5,8,26,0,0,0.214,0.276,0.342,0.618,199.5
298,Danny Jansen,TOR,C,42,108,13,17,4,0,3,8,12,31,0,0,0.157,0.248,0.278,0.526,198.6
299,Kyle Higashioka,NYY,C,29,76,10,14,4,0,5,9,10,24,0,0,0.184,0.279,0.434,0.713,192.5
300,Harrison Bader,STL,CF,22,73,8,16,2,0,4,9,9,13,3,1,0.219,0.301,0.411,0.712,192.1
301,Sam Haggerty,SEA,2B,35,86,15,16,3,0,2,5,6,28,5,1,0.186,0.247,0.291,0.538,191.5
302,Andrew Stevenson,WSH,CF,48,90,14,21,2,0,2,10,6,31,0,1,0.233,0.293,0.322,0.615,190.8
303,Brock Holt,TEX,2B,29,82,7,20,5,0,1,10,11,20,2,0,0.244,0.34,0.341,0.681,189.4
304,Brandon Nimmo,NYM,CF,21,66,7,21,5,0,1,8,12,22,2,1,0.318,0.43,0.439,0.869,188.4
305,Hanser Alberto,KC,2B,42,98,11,27,9,2,0,8,0,12,0,1,0.276,0.28,0.408,0.688,186.2
306,Jake Lamb,CHW,3B,23,58,13,15,2,0,4,7,10,18,0,0,0.259,0.377,0.5,0.877,186.1
307,Nomar Mazara,DET,RF,31,104,8,19,3,1,2,12,9,30,0,0,0.183,0.248,0.288,0.536,184.6
308,Tim Locastro,ARI,LF,41,100,10,19,2,0,1,4,6,22,5,3,0.19,0.277,0.24,0.517,184
309,José Peraza,NYM,SS,29,81,11,18,4,0,3,10,5,10,0,0,0.222,0.276,0.383,0.659,181.2
310,Zack Collins,CHW,C,28,78,11,15,5,0,2,9,12,29,0,0,0.192,0.3,0.333,0.633,180.7
311,Chad Pinder,OAK,LF,23,75,12,19,7,0,3,7,4,24,0,0,0.253,0.291,0.467,0.758,179.9
312,Ka'ai Tom,PIT,CF,34,75,8,12,1,0,2,11,12,23,1,0,0.16,0.305,0.253,0.558,178.1
313,Christian Walker,ARI,1B,26,97,11,20,3,1,2,9,6,22,0,0,0.206,0.25,0.32,0.57,177.7
314,Juan Lagares,LAA,CF,31,94,13,21,6,1,0,11,3,21,0,0,0.223,0.247,0.309,0.556,176.1
315,Rio Ruiz,BAL,3B,32,90,10,15,3,0,3,6,9,29,2,0,0.167,0.25,0.3,0.55,176
316,Tomás Nido,NYM,C,25,69,9,17,2,1,3,11,3,17,0,0,0.246,0.297,0.435,0.732,172.3
317,Ji-Man Choi,TB,1B,15,46,8,14,4,0,2,11,11,19,0,0,0.304,0.448,0.522,0.97,172.1
318,Harold Castro,DET,3B,33,98,6,30,1,0,0,11,7,20,0,0,0.306,0.352,0.316,0.668,171.7
319,Max Stassi,LAA,C,17,48,12,16,2,0,4,8,5,16,0,0,0.333,0.396,0.625,1.021,171.4
320,José Marmolejos,SEA,1B,31,79,8,11,2,0,3,9,14,32,0,0,0.139,0.266,0.278,0.544,165.1
321,Miguel Andújar,NYY,3B,25,89,11,22,1,0,4,6,1,22,0,0,0.247,0.256,0.393,0.649,164.2
322,Jake Bauers,CLE,LF,43,100,7,19,3,0,2,6,12,27,0,1,0.19,0.277,0.28,0.557,163.4
323,Rob Refsnyder,MIN,LF,17,53,10,18,4,0,2,10,4,15,0,0,0.34,0.379,0.528,0.907,163
324,Joe Panik,TOR,2B,30,84,6,22,5,0,2,11,2,12,0,0,0.262,0.276,0.393,0.669,162.7
325,Franchy Cordero,BOS,CF,34,95,9,17,6,0,1,9,6,37,1,0,0.179,0.228,0.274,0.502,162.3
325,JaCoby Jones,DET,CF,36,100,9,17,2,0,2,9,5,42,2,2,0.17,0.21,0.25,0.46,162.3
327,Jake Fraley,SEA,CF,13,30,7,7,2,0,2,9,16,10,2,0,0.233,0.511,0.5,1.011,161.9
328,Andrés Giménez,CLE,SS,29,78,10,14,4,0,2,5,3,25,4,0,0.179,0.226,0.308,0.534,160.5
329,Keston Hiura,MIL,2B,37,108,9,14,5,1,1,5,8,48,1,0,0.13,0.217,0.222,0.439,160.3
330,Pablo Sandoval,ATL,3B,43,52,9,12,0,0,4,10,7,18,0,0,0.231,0.333,0.462,0.795,159.8
331,Jason Castro,HOU,C,20,48,10,13,4,0,2,8,9,17,0,0,0.271,0.397,0.479,0.876,159
332,Isan Díaz,MIA,2B,30,84,4,12,2,0,2,10,16,27,0,0,0.143,0.282,0.238,0.52,158.8
333,Yu Chang,CLE,SS,37,84,10,15,6,0,1,10,4,26,1,0,0.179,0.213,0.286,0.499,157
334,Magneuris Sierra,MIA,CF,47,84,12,20,2,0,0,0,9,19,4,0,0.238,0.312,0.262,0.574,155.4
335,Travis d'Arnaud,ATL,C,23,82,5,18,4,0,2,11,4,20,0,0,0.22,0.253,0.341,0.594,150.5
336,Yoshitomo Tsutsugo,LAD,LF,38,103,7,16,4,0,0,7,14,39,0,0,0.155,0.256,0.194,0.45,148.9
337,Jorge Alfaro,MIA,C,22,71,4,17,2,0,2,8,3,24,3,0,0.239,0.289,0.352,0.641,148.8
338,Jonathan Davis,TOR,CF,39,65,13,9,1,0,1,4,9,20,3,1,0.138,0.269,0.2,0.469,148.6
339,Wilmer Difo,PIT,SS,44,82,7,20,3,2,1,6,5,25,0,0,0.244,0.287,0.366,0.653,148.4
340,Evan White,SEA,1B,30,97,8,14,3,0,2,9,6,31,0,0,0.144,0.202,0.237,0.439,147.1
341,Roberto Pérez,CLE,C,19,61,6,8,1,0,3,9,11,28,1,0,0.131,0.274,0.295,0.569,146.7
342,Josh VanMeter,ARI,LF,37,69,10,11,2,1,1,7,11,23,0,0,0.159,0.28,0.261,0.541,146.5
343,Manny Piña,MIL,C,25,56,6,9,1,0,4,8,10,11,0,0,0.161,0.294,0.393,0.687,146.2
344,Austin Hedges,CLE,C,31,93,8,15,1,0,3,7,7,37,0,0,0.161,0.22,0.269,0.489,146.1
345,Yadiel Hernandez,WSH,LF,41,68,8,18,1,0,2,4,5,19,2,0,0.265,0.32,0.368,0.688,144.6
346,Alex Blandino,CIN,2B,43,70,9,14,4,0,0,5,8,28,1,0,0.2,0.317,0.257,0.574,142.3
347,Ramón Urias,BAL,2B,25,57,8,14,2,0,2,8,5,18,0,1,0.246,0.328,0.386,0.714,140.6
348,Michael Perez,PIT,C,23,67,7,10,2,0,4,8,5,25,0,0,0.149,0.219,0.358,0.577,140.4
349,Luis Torrens,SEA,C,29,90,7,16,5,0,2,6,4,25,0,0,0.178,0.219,0.3,0.519,139.4
350,Kurt Suzuki,LAA,C,32,90,6,18,3,0,1,5,6,20,0,0,0.2,0.277,0.267,0.544,138.7
351,Cody Bellinger,LAD,RF,13,50,9,10,1,1,1,9,8,18,1,0,0.2,0.31,0.32,0.63,138.3
352,Pat Valaika,BAL,3B,33,82,5,15,4,0,1,10,5,25,1,0,0.183,0.227,0.268,0.495,138
353,Andy Young,ARI,2B,26,34,7,7,1,0,4,9,4,18,0,0,0.206,0.357,0.588,0.945,137.9
354,Phil Gosselin,LAA,2B,24,65,5,19,5,0,1,8,3,20,0,1,0.292,0.333,0.415,0.748,137
355,J.D. Davis,NYM,3B,14,41,5,16,3,0,2,7,4,15,0,0,0.39,0.479,0.61,1.089,136.5
356,Jarred Kelenic,SEA,CF,23,83,7,8,2,0,2,6,8,26,3,0,0.096,0.185,0.193,0.378,136.4
357,Tommy La Stella,SF,2B,25,68,8,16,3,1,1,5,6,10,0,0,0.235,0.297,0.353,0.65,133.1
358,LaMonte Wade Jr.,SF,CF,15,42,6,13,1,0,3,5,6,14,1,0,0.31,0.408,0.548,0.956,132.7
359,Austin Nola,SD,C,18,46,4,10,2,0,1,11,8,3,0,0,0.217,0.373,0.326,0.699,132.3
360,Andrew Knizner,STL,C,31,79,11,16,4,0,0,2,8,19,0,0,0.203,0.292,0.253,0.545,132.2
361,Roman Quinn,PHI,CF,28,52,8,9,2,2,0,2,6,19,4,3,0.173,0.306,0.288,0.594,131.6
362,Josh Reddick,ARI,RF,18,60,5,19,8,0,0,8,2,12,0,0,0.317,0.333,0.45,0.783,131
362,Elias Díaz,COL,C,31,92,10,13,2,0,1,6,8,24,0,0,0.141,0.208,0.196,0.404,131
364,Santiago Espinal,TOR,SS,32,70,7,16,4,1,0,6,3,13,2,0,0.229,0.26,0.314,0.574,130.4
365,Jonah Heim,TEX,C,27,72,7,12,4,0,2,5,6,17,1,1,0.167,0.228,0.306,0.534,129.9
366,Victor Reyes,DET,LF,27,83,9,13,4,1,1,4,3,25,2,0,0.157,0.186,0.265,0.451,129.8
367,Jake Cave,MIN,RF,31,84,8,14,5,0,1,2,6,35,1,0,0.167,0.239,0.262,0.501,128.6
368,Jorge Mateo,SD,SS,41,72,7,15,3,0,1,5,1,20,2,0,0.208,0.25,0.292,0.542,126.9
369,Alejandro Kirk,TOR,C,17,40,7,9,1,0,3,8,5,6,0,0,0.225,0.326,0.475,0.801,125.4
370,Donovan Walton,SEA,2B,19,59,5,13,2,1,2,7,3,13,1,0,0.22,0.258,0.39,0.648,124.5
371,Mike Ford,NYY,1B,22,60,6,8,0,0,3,5,11,23,0,0,0.133,0.278,0.283,0.561,123.7
372,Ben Gamel,PIT,RF,33,75,7,14,6,1,0,3,8,23,0,1,0.187,0.259,0.293,0.552,122.9
372,Andrew Knapp,PHI,C,34,81,7,13,1,0,1,9,6,31,0,0,0.16,0.216,0.21,0.426,122.9
374,Danny Mendick,CHW,SS,26,55,4,11,0,0,2,10,8,17,0,0,0.2,0.302,0.309,0.611,122.8
375,Kole Calhoun,ARI,RF,13,48,6,14,3,0,2,5,3,13,1,0,0.292,0.333,0.479,0.812,120.7
376,Sandy León,MIA,C,31,90,6,17,2,0,1,4,5,26,0,0,0.189,0.242,0.244,0.486,120.2
377,Ryan Jeffers,MIN,C,16,54,6,12,2,1,2,7,3,22,0,0,0.222,0.263,0.407,0.67,118.7
378,Khris Davis,TEX,LF,22,51,8,8,1,1,2,5,8,16,0,0,0.157,0.262,0.333,0.595,118.1
379,Ronald Torreyes,PHI,2B,18,52,5,15,3,0,1,9,2,11,0,0,0.288,0.315,0.404,0.719,116.5
380,Alex Avila,WSH,C,17,51,2,9,5,1,0,6,12,21,0,0,0.176,0.344,0.314,0.658,114.4
381,Jarrod Dyson,KC,CF,32,44,7,12,1,2,0,1,4,8,4,1,0.273,0.333,0.386,0.719,112.9
382,Ryan O'Hearn,KC,1B,20,53,6,10,1,0,3,6,4,20,0,1,0.189,0.246,0.377,0.623,112.2
383,Taylor Walls,TB,SS,16,45,6,11,4,0,0,4,9,14,1,0,0.244,0.37,0.333,0.703,111.2
384,Kevin Plawecki,BOS,C,22,57,6,15,3,0,1,3,5,11,0,0,0.263,0.333,0.368,0.701,110.7
385,Matt Joyce,PHI,RF,32,47,5,5,1,0,2,6,10,13,0,0,0.106,0.271,0.255,0.526,106
386,Kelvin Gutierrez,KC,3B,21,77,7,18,3,1,0,3,1,14,0,0,0.234,0.244,0.299,0.543,104.9
387,Curt Casali,SF,C,26,67,5,7,1,0,0,6,11,24,0,0,0.104,0.25,0.119,0.369,100
388,Ke'Bryan Hayes,PIT,3B,7,27,6,9,1,1,2,5,3,5,0,0,0.333,0.4,0.667,1.067,99.7
389,Lewis Brinson,MIA,CF,26,63,3,14,3,0,2,5,1,19,0,0,0.222,0.234,0.365,0.599,99.1
390,Chris Owings,COL,2B,7,15,6,8,3,3,0,3,2,2,2,0,0.533,0.588,1.133,1.721,98.7
391,Jacob Nottingham,SEA,C,15,40,5,6,1,0,3,6,2,20,0,0,0.15,0.222,0.4,0.622,97
392,Sheldon Neuse,LAD,3B,28,58,6,10,1,0,3,4,1,22,0,1,0.172,0.186,0.345,0.531,96.2
393,Will Craig,PIT,1B,18,60,5,13,2,0,1,3,5,22,0,0,0.217,0.277,0.3,0.577,95.5
394,Daniel Robertson,MIL,3B,30,48,7,7,2,0,2,2,6,17,0,0,0.146,0.255,0.312,0.567,95.4
395,Ryan McKenna,BAL,CF,33,41,8,8,1,1,0,3,6,15,1,0,0.195,0.298,0.268,0.566,93.1
396,Aramis Garcia,OAK,C,22,56,5,11,1,0,2,4,1,18,0,0,0.196,0.237,0.321,0.558,93
397,Brendan Rodgers,COL,2B,15,46,1,11,1,0,1,8,2,10,0,0,0.239,0.308,0.326,0.634,91.2
398,Ender Inciarte,ATL,CF,27,40,6,10,1,0,0,5,4,10,1,0,0.25,0.311,0.275,0.586,87.7
398,Brian O'Grady,SD,1B,17,32,6,5,3,0,1,5,6,12,0,0,0.156,0.282,0.344,0.626,87.7
400,Shogo Akiyama,CIN,CF,24,46,5,10,1,0,0,5,4,10,1,1,0.217,0.294,0.239,0.533,87.5
401,Chad Wallach,MIA,C,21,59,2,12,2,1,0,6,3,31,0,0,0.203,0.246,0.271,0.517,87.4
402,Alan Trejo,COL,SS,26,41,7,10,2,0,1,3,3,12,0,0,0.244,0.289,0.366,0.655,86.9
403,Tyler Wade,NYY,SS,37,38,8,10,0,1,0,2,2,12,2,2,0.263,0.3,0.316,0.616,86.6
403,Eli White,TEX,SS,23,58,3,8,1,1,0,4,6,22,2,2,0.138,0.219,0.19,0.409,86.6
405,Wyatt Mathisen,ARI,3B,23,42,3,5,0,0,1,8,5,21,0,0,0.119,0.255,0.19,0.445,85.6
406,Austin Dean,STL,LF,18,27,4,6,2,0,1,7,5,9,0,0,0.222,0.324,0.407,0.731,85.3
407,DJ Peters,LAD,CF,18,26,5,5,2,0,1,4,8,14,0,0,0.192,0.382,0.385,0.767,84
408,Adalberto Mondesi,KC,SS,7,25,2,9,3,0,2,5,0,10,1,1,0.36,0.36,0.72,1.08,83.9
409,Connor Joe,COL,OF,19,43,2,10,2,0,0,4,9,12,0,0,0.233,0.365,0.279,0.644,83.4
410,Chance Sisco,BAL,C,23,65,4,10,2,0,0,3,6,18,0,0,0.154,0.247,0.185,0.432,83.3
411,Stevie Wilkerson,BAL,CF,20,50,4,10,3,0,0,2,3,18,2,0,0.2,0.259,0.26,0.519,82.8
412,Cristian Pache,ATL,CF,22,63,6,7,3,0,1,4,2,25,0,0,0.111,0.152,0.206,0.358,81.2
413,Jace Peterson,MIL,2B,11,25,4,5,0,0,2,4,5,9,1,0,0.2,0.333,0.44,0.773,80.8
414,Tucupita Marcano,SD,2B,25,44,7,8,1,0,0,3,6,9,0,1,0.182,0.28,0.205,0.485,77.9
415,Jason Vosler,SF,3B,16,30,6,5,1,0,2,3,2,7,1,0,0.167,0.219,0.4,0.619,77.7
416,Michael Chavis,BOS,2B,11,33,7,9,4,0,1,2,0,13,0,0,0.273,0.273,0.485,0.758,77.4
417,Sam Hilliard,COL,RF,20,37,6,4,0,1,2,4,2,19,0,0,0.108,0.154,0.324,0.478,75.2
418,Luke Voit,NYY,1B,12,44,4,8,0,0,1,3,5,15,0,0,0.182,0.28,0.25,0.53,74.3
419,Danny Santana,BOS,CF,13,40,2,5,0,1,2,3,3,12,1,0,0.125,0.205,0.325,0.53,73.9
420,Ildemaro Vargas,ARI,2B,20,44,3,6,2,0,0,6,4,12,1,0,0.136,0.208,0.182,0.39,72.6
421,Josh Palacios,TOR,CF,10,28,7,7,0,0,0,4,3,7,0,0,0.25,0.353,0.25,0.603,72.4
422,Jose Devers,MIA,SS,18,37,5,8,3,0,0,4,2,11,0,0,0.216,0.268,0.297,0.565,72
423,Kyle Isbel,KC,CF,12,34,5,9,0,1,0,3,2,15,1,0,0.265,0.306,0.324,0.63,71.5
424,Max Schrock,CIN,2B,12,30,3,8,3,1,1,3,1,8,0,0,0.267,0.29,0.533,0.823,71.1
425,Luke Raley,LAD,RF,23,44,3,8,1,0,1,2,2,16,0,0,0.182,0.28,0.273,0.553,70.6
426,Brandon Drury,NYM,3B,14,32,2,7,0,0,2,5,2,10,0,0,0.219,0.265,0.406,0.671,68.9
427,Renato Núñez,DET,1B,7,27,5,4,2,0,2,3,1,8,0,0,0.148,0.207,0.444,0.651,68.5
428,Bradley Zimmer,CLE,CF,10,26,2,6,0,0,0,4,2,13,3,0,0.231,0.333,0.231,0.564,68.4
429,Nick Gordon,MIN,SS,6,20,2,8,0,0,1,2,1,5,3,0,0.4,0.429,0.55,0.979,67.4
430,Jordy Mercer,WSH,SS,22,55,4,13,4,0,0,0,1,14,0,0,0.236,0.25,0.309,0.559,66.8
431,Daulton Varsho,ARI,C,19,41,6,7,3,0,0,2,3,12,0,0,0.171,0.227,0.244,0.471,65.2
432,Jake Rogers,DET,C,13,38,2,8,1,0,1,3,2,16,1,0,0.211,0.25,0.316,0.566,64.9
433,Abraham Almonte,ATL,CF,8,15,4,5,2,0,1,2,5,2,0,0,0.333,0.5,0.667,1.167,64.8
434,Edwin Ríos,LAD,3B,25,51,4,4,0,0,1,1,7,18,0,0,0.078,0.217,0.137,0.354,64.3
435,Grayson Greiner,DET,C,14,38,1,9,1,0,1,5,1,16,0,0,0.237,0.256,0.342,0.598,62.7
436,Lane Thomas,STL,CF,25,41,2,4,1,0,0,1,8,17,2,1,0.098,0.245,0.122,0.367,60.9
437,Jay Bruce,NYY,LF,10,34,3,4,1,0,1,3,5,13,0,0,0.118,0.231,0.235,0.466,59.1
437,George Springer,TOR,CF,4,15,3,3,0,0,2,3,2,4,1,0,0.2,0.294,0.6,0.894,59.1
439,Dustin Fowler,PIT,CF,18,41,3,7,1,0,0,2,3,20,1,0,0.171,0.239,0.195,0.434,58.6
440,Pablo Reyes,MIL,LF,19,37,4,10,2,0,0,1,0,8,1,0,0.27,0.27,0.324,0.594,58.3
441,Cam Gallagher,KC,C,20,44,3,10,2,0,0,1,3,11,0,0,0.227,0.271,0.273,0.544,58.1
442,Reese McGuire,TOR,C,17,41,3,9,1,0,0,1,3,8,0,0,0.22,0.289,0.244,0.533,55.1
443,Todd Frazier,PIT,3B,13,35,3,3,1,0,0,4,3,6,0,0,0.086,0.2,0.114,0.314,50.6
444,Bobby Bradley,CLE,1B,3,10,4,4,2,0,1,3,0,1,0,0,0.4,0.4,0.9,1.3,50.3
445,Aristides Aquino,CIN,RF,10,13,2,3,1,0,2,3,1,5,0,0,0.231,0.286,0.769,1.055,49.9
445,Benjamin Rortvedt,MIN,C,15,34,2,5,0,0,1,3,2,15,0,0,0.147,0.216,0.235,0.451,49.9
447,Rafael Ortega,CHC,LF,11,29,2,4,0,0,1,2,3,7,1,1,0.138,0.219,0.241,0.46,49.4
448,Sergio Alcántara,CHC,SS,10,20,2,6,2,2,0,1,0,7,0,0,0.3,0.318,0.6,0.918,48.9
449,Mickey Moniak,PHI,CF,11,25,3,3,0,0,1,3,3,12,0,0,0.12,0.214,0.24,0.454,47.1
449,Taylor Jones,HOU,1B,11,34,3,6,1,0,0,3,2,11,0,0,0.176,0.216,0.206,0.422,47.1
451,Johneshwy Fargas,NYM,CF,7,21,1,6,3,1,0,3,0,7,0,0,0.286,0.286,0.524,0.81,46.7
452,Leody Taveras,TEX,CF,15,46,2,4,0,0,0,1,3,23,2,0,0.087,0.16,0.087,0.247,45.9
453,René Rivera,CLE,C,12,28,2,7,2,0,0,2,1,11,0,0,0.25,0.276,0.321,0.597,43.4
454,Matt Adams,COL,1B,17,31,3,5,1,0,0,1,4,8,0,0,0.161,0.257,0.194,0.451,43.1
454,Nick Heath,ARI,CF,13,31,3,5,1,0,0,1,4,11,0,1,0.161,0.257,0.194,0.451,43.1
456,Derek Hill,DET,CF,6,12,2,3,0,0,0,1,2,3,3,1,0.25,0.357,0.25,0.607,42.9
457,Patrick Mazeika,NYM,C,12,14,1,3,0,0,1,4,1,2,0,0,0.214,0.312,0.429,0.741,41.2
458,Jack Mayfield,SEA,2B,14,37,2,6,1,0,0,3,1,12,0,0,0.162,0.184,0.189,0.373,40.9
459,Luis Guillorme,NYM,SS,14,18,2,6,0,0,0,0,5,1,0,0,0.333,0.478,0.333,0.811,39.4
460,Dexter Fowler,LAA,RF,7,20,3,5,0,0,0,1,1,6,1,0,0.25,0.286,0.25,0.536,37.1
461,Zack Short,DET,SS,5,11,2,3,0,0,0,0,5,6,1,0,0.273,0.5,0.273,0.773,36.4
462,Anthony Bemboom,LAA,C,8,27,2,6,0,0,0,2,1,10,0,0,0.222,0.25,0.222,0.472,34.4
462,Troy Stokes Jr.,PIT,LF,8,18,2,2,1,0,0,2,1,5,1,0,0.111,0.2,0.167,0.367,34.4
464,Brent Rooker,MIN,LF,8,29,1,3,1,0,1,2,1,13,0,0,0.103,0.133,0.241,0.374,34.2
464,José Godoy,SEA,C,11,27,1,5,1,0,0,2,2,9,0,0,0.185,0.241,0.222,0.463,34.2
466,Owen Miller,CLE,SS,13,42,2,5,1,0,0,1,2,20,0,0,0.119,0.159,0.143,0.302,33.9
467,Webster Rivas,SD,C,6,20,1,4,0,0,1,1,2,3,0,0,0.2,0.273,0.35,0.623,33.7
468,Tony Wolters,CHC,C,14,24,3,3,0,0,0,0,5,12,0,1,0.125,0.276,0.125,0.401,33.6
469,Anthony Alford,PIT,CF,11,24,2,2,0,0,0,0,4,16,1,1,0.083,0.241,0.083,0.324,33.4
470,Drew Butera,LAA,C,12,32,1,3,1,0,0,5,0,16,0,0,0.094,0.091,0.125,0.216,32.7
471,Kevan Smith,ATL,C,7,15,4,4,0,0,0,1,1,7,0,0,0.267,0.312,0.267,0.579,31.3
472,Luke Maile,MIL,C,8,19,1,4,1,0,0,1,2,6,0,0,0.211,0.318,0.263,0.581,30.7
472,Kean Wong,LAA,2B,9,21,1,4,1,1,0,1,1,7,0,0,0.19,0.227,0.333,0.56,30.7
474,José Rondón,STL,SS,8,19,3,4,0,0,0,0,3,5,0,0,0.211,0.318,0.211,0.529,30.6
475,Cameron Maybin,NYM,LF,9,28,2,1,0,0,0,0,3,12,1,0,0.036,0.182,0.036,0.218,30.4
475,Edward Olivares,KC,CF,5,18,2,5,0,0,0,0,0,5,1,0,0.278,0.316,0.278,0.594,30.4
477,Patrick Kivlehan,SD,RF,5,4,3,1,0,0,0,2,2,3,0,0,0.25,0.5,0.25,0.75,28.6
478,Robel García,HOU,2B,16,26,1,4,0,0,0,2,2,10,0,0,0.154,0.214,0.154,0.368,28.2
479,Scott Schebler,LAA,RF,11,27,2,4,3,0,0,0,0,11,0,0,0.148,0.148,0.259,0.407,27.4
480,Jonathan Lucroy,WSH,C,5,14,0,5,1,0,0,2,0,2,0,0,0.357,0.357,0.429,0.786,25
481,Jon Jay,LAA,CF,5,14,2,5,0,0,0,1,0,2,0,0,0.357,0.357,0.357,0.714,24.9
481,Jonathan Araúz,BOS,SS,4,8,2,2,1,0,0,1,2,3,0,0,0.25,0.4,0.375,0.775,24.9
483,Scott Heineman,CIN,CF,9,11,1,1,0,0,1,1,1,4,0,0,0.091,0.231,0.364,0.595,24.7
484,Luis Campusano,SD,C,11,34,0,3,0,0,0,1,4,11,0,0,0.088,0.184,0.088,0.272,24.5
485,M. Payton,CIN,CF,23,21,2,4,0,0,0,0,2,7,0,0,0.19,0.261,0.19,0.451,24.4
485,Alex Jackson,ATL,C,10,23,2,1,0,0,0,0,2,13,0,0,0.043,0.214,0.043,0.257,24.4
485,Mark Payton,CIN,LF,23,21,2,4,0,0,0,0,2,7,0,0,0.19,0.261,0.19,0.451,24.4
488,Andy Ibáñez,TEX,3B,9,21,0,3,1,0,0,2,1,4,0,0,0.143,0.174,0.19,0.364,22
489,Ronald Guzmán,TEX,1B,7,16,1,1,0,0,1,1,1,6,0,0,0.062,0.118,0.25,0.368,21.7
489,Mike Freeman,CIN,2B,6,15,1,3,0,0,0,1,2,3,0,0,0.2,0.294,0.2,0.494,21.7
491,Luis Garcia,WSH,SS,9,12,2,2,0,1,0,0,1,4,0,0,0.167,0.231,0.333,0.564,21.4
491,Adam Haseley,PHI,CF,9,21,2,4,1,0,0,0,0,4,0,0,0.19,0.19,0.238,0.428,21.4
493,Nick Martini,CHC,LF,12,12,2,1,0,0,0,1,2,3,0,0,0.083,0.2,0.083,0.283,18.9
493,Alexander Goti,HOU,SS,2,6,2,2,0,0,0,1,1,2,0,0,0.333,0.429,0.333,0.762,18.9
495,Austin Allen,OAK,C,2,6,1,1,0,0,1,1,0,2,0,0,0.167,0.167,0.667,0.834,18.7
495,Cole Tucker,PIT,SS,8,15,1,2,1,0,0,1,1,4,0,0,0.133,0.188,0.2,0.388,18.7
495,Keibert Ruiz,LAD,C,6,7,1,1,0,0,1,1,0,5,0,0,0.143,0.143,0.571,0.714,18.7
498,Mason Williams,NYM,CF,8,16,1,3,0,0,0,0,2,3,0,0,0.188,0.278,0.188,0.466,18.2
498,Rafael Marchan,PHI,C,4,13,1,3,1,0,0,0,1,4,0,0,0.231,0.286,0.308,0.594,18.2
500,Khalil Lee,NYM,CF,11,18,2,1,1,0,0,1,0,13,0,0,0.056,0.056,0.111,0.167,15.9
500,Austin Wynns,BAL,C,3,13,2,2,0,0,0,1,0,3,0,0,0.154,0.154,0.154,0.308,15.9
502,Vimael Machín,OAK,2B,9,20,1,1,0,0,0,1,2,7,0,0,0.05,0.136,0.05,0.186,15.7
503,John Andreoli,SD,LF,7,6,2,1,1,0,0,0,1,3,0,0,0.167,0.286,0.333,0.619,15.4
503,Nick Williams,CHW,LF,4,10,2,0,0,0,0,0,1,4,0,0,0,0.231,0,0.231,15.4
503,John Nogowski,STL,1B,18,17,2,1,0,0,0,0,1,2,0,0,0.059,0.158,0.059,0.217,15.4
506,Eric Campbell,SEA,1B,4,11,1,3,0,0,0,0,1,1,0,0,0.273,0.333,0.273,0.606,15.2
506,Kevin Padlo,TB,3B,9,12,1,1,1,0,0,0,2,8,0,0,0.083,0.214,0.167,0.381,15.2
506,Anderson Tejeda,TEX,SS,5,16,1,1,0,0,0,0,1,10,1,0,0.062,0.118,0.062,0.18,15.2
506,Geraldo Perdomo,ARI,SS,4,10,1,1,0,0,0,0,3,2,0,0,0.1,0.308,0.1,0.408,15.2
510,Jason Martin,TEX,CF,12,19,0,3,0,0,0,0,0,9,1,0,0.158,0.158,0.158,0.316,15
511,Austin Romine,CHC,C,6,9,1,1,1,0,0,1,0,3,0,0,0.111,0.111,0.222,0.333,12.7
511,Garrett Stubbs,HOU,C,3,5,1,1,0,0,0,1,1,0,0,0,0.2,0.333,0.2,0.533,12.7
513,Wilfredo Tovar,NYM,SS,6,11,0,2,0,0,0,1,1,4,0,0,0.182,0.25,0.182,0.432,12.5
514,Ronnie Dawson,HOU,CF,3,5,2,1,0,0,0,0,1,0,0,0,0.2,0.333,0.2,0.533,12.4
515,Hernán Pérez,WSH,2B,10,19,1,1,0,0,0,0,2,10,0,0,0.053,0.143,0.053,0.196,12.2
515,Travis Jankowski,PHI,RF,5,6,1,3,0,0,0,0,0,1,0,0,0.5,0.5,0.5,1,12.2
515,Travis Blankenhorn,NYM,2B,7,7,1,1,1,0,0,0,1,2,0,0,0.143,0.25,0.286,0.536,12.2
518,Adam Engel,CHW,CF,2,4,0,0,0,0,0,0,1,2,1,0,0,0.333,0,0.333,12
519,Ivan Castillo,SD,SS,3,3,0,1,0,0,0,1,1,0,0,0,0.333,0.5,0.333,0.833,9.5
519,Chadwick Tromp,SF,C,2,5,0,2,0,0,0,1,0,1,0,0,0.4,0.4,0.4,0.8,9.5
521,Albert Almora Jr.,NYM,CF,20,21,1,1,0,0,0,0,1,8,0,0,0.048,0.091,0.048,0.139,9.2
521,Johan Camargo,ATL,3B,14,15,1,0,0,0,0,0,2,6,0,0,0,0.118,0,0.118,9.2
521,Ryan McBroom,KC,1B,5,6,1,1,0,0,0,0,1,5,0,0,0.167,0.286,0.167,0.453,9.2
521,JT Riddle,MIN,SS,4,6,1,2,0,0,0,0,0,0,0,0,0.333,0.333,0.333,0.666,9.2
521,Shed Long Jr.,SEA,2B,1,4,1,1,1,0,0,0,0,0,0,0,0.25,0.25,0.5,0.75,9.2
521,Luis Rengifo,LAA,2B,4,14,1,1,0,0,0,0,1,2,0,0,0.071,0.133,0.071,0.204,9.2
521,P.J. Higgins,CHC,C,8,21,1,1,0,0,0,0,1,8,0,0,0.048,0.091,0.048,0.139,9.2
528,Tyler Nevin,BAL,1B,2,5,0,1,1,0,0,0,1,2,0,0,0.2,0.333,0.4,0.733,9
529,Max Moroff,STL,SS,6,16,0,1,0,0,0,1,0,10,0,0,0.062,0.062,0.062,0.124,6.5
529,Orlando Arcia,MIL,SS,4,11,0,1,0,0,0,1,0,3,0,0,0.091,0.091,0.091,0.182,6.5
531,Luis Marté,MIA,SS,1,2,1,0,0,0,0,0,1,1,0,0,0,0.333,0,0.333,6.2
531,Braden Bishop,SEA,CF,8,4,1,1,0,0,0,0,0,2,0,0,0.25,0.25,0.25,0.5,6.2
531,Jake Hager,NYM,RF,5,8,1,1,0,0,0,0,0,3,0,0,0.125,0.125,0.125,0.25,6.2
531,Scott Kingery,PHI,3B,15,19,1,1,0,0,0,0,0,12,0,0,0.053,0.053,0.053,0.106,6.2
531,Luke Williams,PHI,3B,1,1,1,1,0,0,0,0,0,0,0,0,1,1,1,2,6.2
531,Mario Feliciano,MIL,C,1,0,1,0,0,0,0,0,1,0,0,0,0,1,0,1,6.2
531,Corey Ray,MIL,CF,1,2,1,0,0,0,0,0,1,1,0,0,0,0.333,0,0.333,6.2
538,Domingo Leyba,ARI,2B,13,22,0,0,0,0,0,0,2,7,0,0,0,0.083,0,0.083,6
538,Ali Sánchez,STL,C,1,3,0,1,1,0,0,0,0,0,0,0,0.333,0.333,0.667,1,6
538,Estevan Florial,NYY,CF,1,3,0,1,1,0,0,0,0,1,0,0,0.333,0.333,0.667,1,6
538,Riley Adams,TOR,C,1,3,0,1,1,0,0,0,0,2,0,0,0.333,0.333,0.667,1,6
538,Abraham Toro,HOU,3B,6,12,0,1,0,0,0,0,1,0,0,0,0.083,0.154,0.083,0.237,6
543,Sebastian Rivero,KC,C,2,6,1,0,0,0,0,0,0,3,0,0,0,0,0,0,3.2
544,Ryan LaMarre,NYY,CF,3,7,0,0,0,0,0,0,1,1,0,0,0,0.125,0,0.125,3
544,Chris Gittens,NYY,1B,2,7,0,0,0,0,0,0,1,4,0,0,0,0.125,0,0.125,3
544,Monte Harrison,MIA,CF,3,5,0,1,0,0,0,0,0,1,0,1,0.2,0.2,0.2,0.4,3
544,Carter Kieboom,WSH,SS,2,1,0,0,0,0,0,0,1,1,0,0,0,0.5,0,0.5,3
544,Hunter Owen,PIT,OF,3,4,0,0,0,0,0,0,0,3,0,0,0,0.2,0,0.2,3
544,Luis Barrera,OAK,CF,4,5,0,1,0,0,0,0,0,2,0,0,0.2,0.2,0.2,0.4,3
550,Jeff Mathis,ATL,C,3,9,0,0,0,0,0,0,0,5,0,0,0,0,0,0,0
550,Sean Kazmar Jr.,ATL,SS,3,2,0,0,0,0,0,0,0,0,0,0,0,0,0,0,0
550,Skye Bolt,OAK,CF,6,3,0,0,0,0,0,0,0,1,0,0,0,0,0,0,0
550,Gilberto Celestino,MIN,CF,4,12,0,0,0,0,0,0,0,4,0,0,0,0,0,0,0
550,Lewin Díaz,MIA,1B,1,4,0,0,0,0,0,0,0,3,0,0,0,0,0,0,0
550,Tzu-Wei Lin,MIN,2B,1,0,0,0,0,0,0,0,0,0,0,0,0,0,0,0,0
550,Thairo Estrada,SF,2B,2,1,0,0,0,0,0,0,0,0,0,0,0,0,0,0,0
550,Isaac Paredes,DET,3B,1,4,0,0,0,0,0,0,0,1,0,0,0,0,0,0,0
550,Joseph Odom,TB,C,2,2,0,0,0,0,0,0,0,1,0,0,0,0,0,0,0
550,Jack Kruger,LAA,C,1,0,0,0,0,0,0,0,0,0,0,0,0,0,0,0,0
550,Daniel Johnson,CLE,RF,2,9,0,0,0,0,0,0,0,5,0,0,0,0,0,0,0
550,Luis González,CHW,CF,1,0,0,0,0,0,0,0,0,0,0,0,0,0,0,0,0
550,Scott Hurst,STL,OF,7,5,0,0,0,0,0,0,0,1,0,0,0,0,0,0,0
550,Tres Barrera,WSH,C,1,2,0,0,0,0,0,0,0,1,0,0,0,0,0,0,0
550,Rodolfo Castro,PIT,2B,1,3,0,0,0,0,0,0,0,1,0,0,0,0,0,0,0
550,Joey Bart,SF,C,1,1,0,0,0,0,0,0,0,0,0,0,0,0,0,0,0
550,Cody Wilson,WSH,CF,1,1,0,0,0,0,0,0,0,0,0,0,0,0,0,0,0